type_materiel,capacite_max_kw,consommation_kw,tension_v,panne
Armoire de Distribution Publique,150,141.12,212.2,0
Transformateur 100 kVA,80,101.36,174.2,1
Disjoncteur Depart HTA,1200,1021.55,176.2,1
Armoire de Distribution Publique,150,148.64,225.7,0
Transformateur 250 kVA,200,176.29,211.2,0
Disjoncteur Depart HTA,1200,1328.9,188.0,1
Disjoncteur Depart HTA,1200,719.23,189.7,0
Armoire de Distribution Publique,150,120.92,188.3,1
Transformateur 400 kVA,320,323.3,201.9,1
Transformateur 250 kVA,200,236.38,171.0,1
Armoire de Distribution Publique,150,87.27,194.4,0
Transformateur 250 kVA,200,275.38,197.7,1
Transformateur 250 kVA,200,187.61,220.3,0
Disjoncteur Depart HTA,1200,1467.51,178.7,1
Transformateur 100 kVA,80,100.67,223.2,1
Transformateur 250 kVA,200,166.79,187.9,1
Cellule d Arrivee MT,1500,1900.24,200.3,1
Disjoncteur Depart HTA,1200,1180.44,205.1,0
Transformateur 400 kVA,320,366.49,173.9,1
Transformateur 100 kVA,80,107.28,206.4,1
Cellule d Arrivee MT,1500,1060.59,177.9,1
Cellule d Arrivee MT,1500,1491.04,185.7,1
Transformateur 400 kVA,320,349.03,202.7,0
Transformateur 100 kVA,80,76.56,194.2,1
Disjoncteur Depart HTA,1200,1070.17,186.5,1
Transformateur 630 kVA,500,432.8,192.8,0
Transformateur 100 kVA,80,81.38,194.6,1
Transformateur 400 kVA,320,233.05,225.6,0
Cellule d Arrivee MT,1500,1377.11,219.2,0
Disjoncteur Depart HTA,1200,1021.54,175.8,1
Transformateur 100 kVA,80,59.04,203.1,1
Transformateur 630 kVA,500,516.83,209.4,0
Transformateur 630 kVA,500,514.01,201.3,1
Transformateur 250 kVA,200,207.48,170.4,1
Transformateur 250 kVA,200,168.71,207.8,0
Armoire de Distribution Publique,150,89.57,170.9,1
Transformateur 400 kVA,320,223.71,186.7,0
Transformateur 100 kVA,80,77.73,172.0,1
Transformateur 100 kVA,80,52.44,215.1,0
Armoire de Distribution Publique,150,144.34,221.0,1
Cellule d Arrivee MT,1500,1492.86,180.6,1
Cellule d Arrivee MT,1500,1126.94,200.8,0
Armoire de Distribution Publique,150,132.86,205.7,0
Cellule d Arrivee MT,1500,1058.58,205.2,0
Transformateur 250 kVA,200,198.07,206.8,1
Transformateur 100 kVA,80,54.56,174.6,0
Armoire de Distribution Publique,150,126.34,179.6,0
Transformateur 100 kVA,80,85.55,203.9,1
Transformateur 630 kVA,500,457.66,184.0,1
Transformateur 250 kVA,200,169.78,171.1,1
Disjoncteur Depart HTA,1200,1298.45,227.0,0
Transformateur 250 kVA,200,194.43,190.5,1
Armoire de Distribution Publique,150,128.42,174.3,1
Disjoncteur Depart HTA,1200,1282.47,199.1,1
Transformateur 630 kVA,500,426.06,189.5,0
Armoire de Distribution Publique,150,157.83,201.6,0
Transformateur 400 kVA,320,301.77,170.2,1
Transformateur 100 kVA,80,78.58,212.5,1
Transformateur 630 kVA,500,442.51,200.1,0
Transformateur 100 kVA,80,56.88,185.1,0
Cellule d Arrivee MT,1500,1486.91,206.1,0
Transformateur 400 kVA,320,308.17,202.7,1
Transformateur 400 kVA,320,358.57,202.3,1
Transformateur 630 kVA,500,545.85,198.0,1
Transformateur 400 kVA,320,309.83,172.1,1
Disjoncteur Depart HTA,1200,1433.52,170.9,1
Transformateur 400 kVA,320,292.32,193.2,1
Transformateur 100 kVA,80,74.86,190.9,1
Transformateur 100 kVA,80,59.73,201.3,0
Armoire de Distribution Publique,150,148.64,194.3,0
Transformateur 100 kVA,80,69.91,205.9,0
Armoire de Distribution Publique,150,181.99,176.6,1
Transformateur 100 kVA,80,72.01,181.2,1
Disjoncteur Depart HTA,1200,1104.66,173.6,1
Armoire de Distribution Publique,150,129.77,212.4,0
Transformateur 250 kVA,200,191.95,188.8,1
Cellule d Arrivee MT,1500,1673.58,174.8,1
Transformateur 630 kVA,500,468.0,202.3,1
Transformateur 100 kVA,80,100.87,175.8,1
Transformateur 400 kVA,320,295.99,215.7,0
Transformateur 100 kVA,80,79.94,212.9,0
Transformateur 400 kVA,320,378.23,174.3,1
Cellule d Arrivee MT,1500,1230.81,172.1,1
Cellule d Arrivee MT,1500,1538.92,220.7,0
Cellule d Arrivee MT,1500,1532.83,171.2,1
Transformateur 400 kVA,320,342.03,223.7,0
Transformateur 100 kVA,80,48.54,179.7,0
Cellule d Arrivee MT,1500,1135.58,185.9,1
Disjoncteur Depart HTA,1200,940.42,210.0,0
Armoire de Distribution Publique,150,147.98,170.0,1
Transformateur 400 kVA,320,215.98,197.1,0
Transformateur 400 kVA,320,364.7,226.2,1
Transformateur 100 kVA,80,65.31,187.1,1
Transformateur 400 kVA,320,338.3,224.8,0
Transformateur 400 kVA,320,293.56,172.5,1
Cellule d Arrivee MT,1500,1698.2,173.3,1
Transformateur 100 kVA,80,89.66,188.9,1
Cellule d Arrivee MT,1500,1491.73,222.6,0
Armoire de Distribution Publique,150,136.57,200.5,1
Armoire de Distribution Publique,150,117.0,200.5,0
Cellule d Arrivee MT,1500,1699.51,203.0,1
Armoire de Distribution Publique,150,177.29,214.6,0
Transformateur 100 kVA,80,57.1,189.3,0
Transformateur 630 kVA,500,488.6,219.0,0
Cellule d Arrivee MT,1500,1156.94,218.3,0
Disjoncteur Depart HTA,1200,999.87,173.5,1
Disjoncteur Depart HTA,1200,879.46,220.8,0
Transformateur 400 kVA,320,364.91,212.3,1
Armoire de Distribution Publique,150,134.66,209.7,0
Disjoncteur Depart HTA,1200,1213.01,182.1,0
Transformateur 400 kVA,320,329.95,198.3,1
Transformateur 630 kVA,500,394.69,200.6,0
Transformateur 100 kVA,80,84.88,188.9,1
Transformateur 100 kVA,80,57.31,189.1,1
Transformateur 100 kVA,80,64.01,181.1,1
Disjoncteur Depart HTA,1200,1254.32,190.6,1
Transformateur 630 kVA,500,597.65,193.6,1
Disjoncteur Depart HTA,1200,1250.77,215.7,0
Armoire de Distribution Publique,150,177.89,218.0,0
Disjoncteur Depart HTA,1200,1133.2,205.7,0
Transformateur 630 kVA,500,300.17,176.4,1
Transformateur 630 kVA,500,324.56,206.7,0
Armoire de Distribution Publique,150,132.82,206.9,0
Transformateur 630 kVA,500,459.42,182.2,1
Transformateur 630 kVA,500,484.01,177.4,1
Transformateur 100 kVA,80,92.43,223.8,0
Armoire de Distribution Publique,150,141.08,212.2,0
Transformateur 250 kVA,200,196.61,206.0,0
Transformateur 250 kVA,200,237.89,176.3,1
Transformateur 630 kVA,500,533.08,178.5,1
Transformateur 250 kVA,200,251.38,196.1,1
Transformateur 250 kVA,200,211.54,225.5,1
Transformateur 630 kVA,500,428.92,211.2,1
Transformateur 250 kVA,200,277.81,195.9,1
Disjoncteur Depart HTA,1200,1405.34,209.7,1
Transformateur 400 kVA,320,290.48,224.8,0
Armoire de Distribution Publique,150,127.6,218.3,0
Transformateur 400 kVA,320,246.4,219.2,0
Transformateur 630 kVA,500,463.27,212.2,0
Transformateur 100 kVA,80,88.19,222.2,0
Armoire de Distribution Publique,150,149.56,203.2,0
Transformateur 630 kVA,500,560.1,184.9,1
Transformateur 100 kVA,80,64.32,173.5,1
Transformateur 400 kVA,320,341.62,208.7,0
Transformateur 630 kVA,500,431.54,186.2,1
Armoire de Distribution Publique,150,145.39,192.7,1
Armoire de Distribution Publique,150,205.61,211.0,1
Cellule d Arrivee MT,1500,1494.43,204.2,0
Disjoncteur Depart HTA,1200,1038.31,210.5,0
Transformateur 250 kVA,200,136.28,186.5,0
Transformateur 100 kVA,80,62.31,182.4,1
Cellule d Arrivee MT,1500,1016.92,215.6,0
Transformateur 250 kVA,200,179.78,215.1,0
Transformateur 250 kVA,200,243.66,197.8,1
Transformateur 630 kVA,500,595.38,184.9,1
Transformateur 250 kVA,200,200.45,223.7,0
Disjoncteur Depart HTA,1200,969.78,198.2,1
Armoire de Distribution Publique,150,133.03,226.9,0
Cellule d Arrivee MT,1500,1767.36,172.1,1
Transformateur 250 kVA,200,178.99,209.4,0
Transformateur 630 kVA,500,509.41,219.9,0
Disjoncteur Depart HTA,1200,1389.78,189.2,1
Transformateur 400 kVA,320,289.97,216.3,0
Armoire de Distribution Publique,150,154.07,217.3,0
Armoire de Distribution Publique,150,170.53,180.2,1
Cellule d Arrivee MT,1500,1620.27,213.6,0
Armoire de Distribution Publique,150,121.79,221.2,0
Transformateur 250 kVA,200,161.79,199.7,0
Transformateur 630 kVA,500,440.22,197.2,0
Armoire de Distribution Publique,150,128.8,171.7,1
Armoire de Distribution Publique,150,153.51,195.3,1
Transformateur 400 kVA,320,227.46,198.7,0
Transformateur 400 kVA,320,282.26,193.5,1
Transformateur 100 kVA,80,71.82,183.5,1
Disjoncteur Depart HTA,1200,813.08,198.0,0
Transformateur 250 kVA,200,220.99,212.0,1
Armoire de Distribution Publique,150,129.22,209.8,1
Armoire de Distribution Publique,150,76.86,225.6,0
Transformateur 630 kVA,500,661.23,199.7,1
Transformateur 100 kVA,80,83.85,198.7,1
Disjoncteur Depart HTA,1200,611.64,215.1,0
Transformateur 100 kVA,80,77.27,171.0,1
Cellule d Arrivee MT,1500,1630.14,183.3,1
Disjoncteur Depart HTA,1200,1318.31,174.3,1
Armoire de Distribution Publique,150,116.26,180.6,1
Armoire de Distribution Publique,150,124.84,214.7,0
Disjoncteur Depart HTA,1200,1066.02,226.4,0
Armoire de Distribution Publique,150,171.35,199.8,1
Transformateur 250 kVA,200,133.23,214.6,0
Disjoncteur Depart HTA,1200,879.97,171.0,1
Transformateur 100 kVA,80,62.9,185.8,1
Disjoncteur Depart HTA,1200,1439.13,208.5,1
Armoire de Distribution Publique,150,184.63,170.1,1
Transformateur 250 kVA,200,202.52,196.9,0
Transformateur 250 kVA,200,194.29,193.3,1
Cellule d Arrivee MT,1500,1660.76,179.1,1
Transformateur 100 kVA,80,48.2,210.9,0
Transformateur 400 kVA,320,351.28,220.7,0
Transformateur 400 kVA,320,283.15,175.6,1
Disjoncteur Depart HTA,1200,1705.63,194.6,1
Cellule d Arrivee MT,1500,1502.89,180.9,1
Transformateur 630 kVA,500,282.75,182.1,0
Disjoncteur Depart HTA,1200,871.02,182.4,1
Cellule d Arrivee MT,1500,1375.69,214.8,0
Transformateur 100 kVA,80,85.58,214.8,0
Transformateur 100 kVA,80,78.92,204.7,0
Transformateur 100 kVA,80,67.02,226.8,0
Transformateur 100 kVA,80,90.05,223.4,0
Transformateur 100 kVA,80,55.29,211.0,0
Cellule d Arrivee MT,1500,1026.98,187.2,1
Cellule d Arrivee MT,1500,1647.49,180.9,1
Transformateur 250 kVA,200,246.44,207.7,1
Transformateur 400 kVA,320,284.41,184.7,1
Armoire de Distribution Publique,150,177.56,217.0,0
Transformateur 100 kVA,80,80.93,203.9,1
Transformateur 630 kVA,500,312.03,223.1,0
Armoire de Distribution Publique,150,122.41,182.4,1
Cellule d Arrivee MT,1500,1217.19,175.9,1
Transformateur 630 kVA,500,383.73,215.3,0
Transformateur 630 kVA,500,551.58,206.1,1
Transformateur 630 kVA,500,492.43,215.9,0
Transformateur 250 kVA,200,160.3,224.7,0
Cellule d Arrivee MT,1500,903.29,188.0,0
Transformateur 630 kVA,500,428.16,216.9,0
Transformateur 100 kVA,80,51.29,174.4,1
Disjoncteur Depart HTA,1200,922.35,222.6,0
Transformateur 630 kVA,500,345.34,199.7,0
Transformateur 250 kVA,200,235.86,219.9,1
Armoire de Distribution Publique,150,134.5,221.0,0
Cellule d Arrivee MT,1500,1718.95,218.2,0
Transformateur 250 kVA,200,230.8,216.3,1
Transformateur 630 kVA,500,453.42,195.8,1
Cellule d Arrivee MT,1500,1339.88,215.2,0
Disjoncteur Depart HTA,1200,1087.51,202.0,0
Transformateur 630 kVA,500,639.89,216.9,1
Transformateur 250 kVA,200,261.51,222.8,1
Transformateur 400 kVA,320,296.75,215.2,0
Transformateur 100 kVA,80,85.54,173.8,1
Armoire de Distribution Publique,150,111.61,224.7,0
Transformateur 250 kVA,200,210.11,221.4,0
Cellule d Arrivee MT,1500,1139.4,197.8,0
Transformateur 630 kVA,500,402.37,170.8,1
Transformateur 100 kVA,80,87.3,171.0,1
Transformateur 630 kVA,500,405.2,222.4,0
Cellule d Arrivee MT,1500,1644.08,216.7,1
Transformateur 630 kVA,500,462.0,215.5,0
Transformateur 400 kVA,320,249.56,214.9,0
Transformateur 100 kVA,80,102.13,215.0,0
Transformateur 100 kVA,80,68.43,207.5,1
Cellule d Arrivee MT,1500,1201.28,193.2,1
Armoire de Distribution Publique,150,98.73,214.2,0
Transformateur 400 kVA,320,305.07,186.3,1
Transformateur 250 kVA,200,225.46,192.3,1
Transformateur 630 kVA,500,560.44,192.0,1
Disjoncteur Depart HTA,1200,1245.92,185.9,1
Transformateur 630 kVA,500,532.45,215.3,0
Transformateur 630 kVA,500,477.41,171.7,1
Transformateur 250 kVA,200,209.02,190.6,1
Transformateur 630 kVA,500,283.32,192.3,0
Transformateur 400 kVA,320,269.97,210.5,1
Transformateur 400 kVA,320,317.37,223.3,0
Transformateur 100 kVA,80,82.7,216.4,1
Cellule d Arrivee MT,1500,1656.39,191.0,1
Armoire de Distribution Publique,150,123.13,181.2,0
Disjoncteur Depart HTA,1200,814.86,209.0,0
Transformateur 630 kVA,500,492.03,220.4,0
Transformateur 630 kVA,500,619.24,194.1,1
Transformateur 250 kVA,200,145.42,179.9,1
Cellule d Arrivee MT,1500,1059.39,184.1,1
Transformateur 400 kVA,320,251.84,173.0,1
Disjoncteur Depart HTA,1200,921.4,193.2,1
Transformateur 100 kVA,80,81.67,181.9,1
Transformateur 400 kVA,320,206.45,190.9,0
Cellule d Arrivee MT,1500,1468.3,191.0,1
Armoire de Distribution Publique,150,146.21,180.8,1
Transformateur 100 kVA,80,93.81,210.5,1
Armoire de Distribution Publique,150,140.85,214.4,0
Transformateur 250 kVA,200,176.87,203.2,0
Transformateur 250 kVA,200,199.16,182.0,1
Transformateur 630 kVA,500,530.94,174.5,1
Armoire de Distribution Publique,150,160.4,186.7,1
Cellule d Arrivee MT,1500,1709.43,174.8,1
Disjoncteur Depart HTA,1200,1012.96,200.8,0
Transformateur 100 kVA,80,87.02,217.7,0
Transformateur 400 kVA,320,183.87,214.6,0
Cellule d Arrivee MT,1500,1526.22,182.3,1
Cellule d Arrivee MT,1500,1580.24,186.8,1
Transformateur 250 kVA,200,154.9,192.8,0
Armoire de Distribution Publique,150,118.54,175.9,0
Transformateur 630 kVA,500,605.52,203.7,1
Transformateur 630 kVA,500,445.67,209.2,0
Transformateur 100 kVA,80,71.49,177.7,1
Transformateur 250 kVA,200,184.28,207.9,0
Cellule d Arrivee MT,1500,1384.29,202.8,1
Disjoncteur Depart HTA,1200,1164.75,218.5,1
Transformateur 250 kVA,200,185.61,222.2,0
Transformateur 100 kVA,80,69.5,182.2,1
Transformateur 100 kVA,80,56.54,215.0,0
Transformateur 250 kVA,200,182.37,220.3,0
Transformateur 100 kVA,80,79.94,222.0,1
Transformateur 250 kVA,200,204.97,191.5,1
Transformateur 400 kVA,320,221.34,215.2,0
Transformateur 250 kVA,200,208.07,216.7,0
Armoire de Distribution Publique,150,151.99,218.5,0
Transformateur 250 kVA,200,198.51,200.9,0
Transformateur 100 kVA,80,51.83,201.2,0
Armoire de Distribution Publique,150,127.79,197.8,0
Transformateur 100 kVA,80,74.12,209.8,0
Transformateur 630 kVA,500,419.95,204.7,0
Transformateur 630 kVA,500,609.03,192.4,1
Armoire de Distribution Publique,150,187.0,197.5,1
Transformateur 400 kVA,320,311.28,218.7,1
Transformateur 630 kVA,500,575.49,198.6,1
Transformateur 250 kVA,200,175.46,222.0,0
Transformateur 100 kVA,80,52.64,216.7,0
Transformateur 630 kVA,500,652.3,217.6,1
Transformateur 630 kVA,500,362.01,186.1,0
Transformateur 400 kVA,320,270.17,197.4,0
Armoire de Distribution Publique,150,115.36,212.4,0
Armoire de Distribution Publique,150,79.48,221.6,0
Cellule d Arrivee MT,1500,1275.6,181.0,1
Transformateur 400 kVA,320,363.95,197.7,1
Transformateur 250 kVA,200,141.48,192.9,0
Armoire de Distribution Publique,150,176.07,190.7,1
Transformateur 100 kVA,80,89.86,198.1,1
Transformateur 400 kVA,320,288.21,211.7,0
Transformateur 630 kVA,500,501.22,194.0,1
Transformateur 100 kVA,80,78.01,184.0,1
Transformateur 100 kVA,80,42.6,184.2,1
Transformateur 630 kVA,500,449.25,180.3,1
Transformateur 400 kVA,320,275.03,197.2,0
Transformateur 630 kVA,500,567.32,224.5,0
Cellule d Arrivee MT,1500,1709.25,215.8,1
Transformateur 100 kVA,80,96.48,199.5,1
Disjoncteur Depart HTA,1200,701.53,196.6,0
Disjoncteur Depart HTA,1200,1317.48,212.0,1
Transformateur 250 kVA,200,198.27,176.9,1
Armoire de Distribution Publique,150,140.73,212.5,0
Transformateur 630 kVA,500,369.18,194.2,0
Transformateur 630 kVA,500,373.47,217.9,0
Transformateur 250 kVA,200,145.69,190.0,0
Transformateur 250 kVA,200,155.43,207.3,0
Transformateur 250 kVA,200,254.13,215.9,1
Transformateur 100 kVA,80,81.67,191.1,1
Cellule d Arrivee MT,1500,1700.24,193.1,1
Transformateur 630 kVA,500,522.44,197.0,1
Transformateur 100 kVA,80,48.21,226.6,0
Transformateur 250 kVA,200,192.02,210.8,0
Transformateur 630 kVA,500,578.2,206.9,1
Transformateur 100 kVA,80,55.91,197.2,0
Cellule d Arrivee MT,1500,2120.81,190.8,1
Transformateur 100 kVA,80,103.33,193.7,1
Cellule d Arrivee MT,1500,1729.56,198.7,1
Transformateur 250 kVA,200,182.24,172.3,1
Cellule d Arrivee MT,1500,1681.4,216.2,0
Transformateur 630 kVA,500,567.57,192.6,1
Transformateur 250 kVA,200,199.68,187.0,1
Transformateur 630 kVA,500,444.49,215.6,0
Disjoncteur Depart HTA,1200,1124.62,204.6,0
Transformateur 400 kVA,320,256.95,226.3,0
Cellule d Arrivee MT,1500,972.89,173.9,1
Transformateur 400 kVA,320,352.03,182.2,1
Transformateur 400 kVA,320,352.81,177.1,1
Cellule d Arrivee MT,1500,1336.94,185.2,1
Transformateur 250 kVA,200,189.68,223.7,1
Disjoncteur Depart HTA,1200,1195.91,191.6,1
Transformateur 630 kVA,500,394.8,172.5,1
Transformateur 100 kVA,80,100.49,213.3,0
Transformateur 630 kVA,500,376.93,206.1,0
Transformateur 100 kVA,80,103.59,180.3,1
Transformateur 630 kVA,500,532.15,182.9,1
Cellule d Arrivee MT,1500,1322.44,190.5,1
Disjoncteur Depart HTA,1200,1192.52,225.8,0
Transformateur 100 kVA,80,68.1,184.0,1
Armoire de Distribution Publique,150,168.41,187.9,1
Transformateur 250 kVA,200,241.76,184.0,1
Transformateur 630 kVA,500,439.18,178.6,1
Transformateur 630 kVA,500,326.41,179.5,1
Transformateur 100 kVA,80,88.68,194.4,1
Transformateur 250 kVA,200,206.02,196.2,1
Transformateur 250 kVA,200,214.43,209.3,0
Cellule d Arrivee MT,1500,1418.0,177.5,1
Armoire de Distribution Publique,150,100.35,177.6,0
Cellule d Arrivee MT,1500,1280.78,204.2,1
Cellule d Arrivee MT,1500,1326.66,187.1,1
Cellule d Arrivee MT,1500,1330.08,210.7,1
Cellule d Arrivee MT,1500,1316.32,181.9,1
Cellule d Arrivee MT,1500,1728.78,187.0,1
Disjoncteur Depart HTA,1200,1567.42,222.9,0
Transformateur 250 kVA,200,201.0,188.3,1
Cellule d Arrivee MT,1500,1366.38,173.4,1
Transformateur 250 kVA,200,264.14,225.9,1
Transformateur 250 kVA,200,148.01,172.3,1
Transformateur 400 kVA,320,220.12,224.3,0
Disjoncteur Depart HTA,1200,1191.45,207.2,1
Cellule d Arrivee MT,1500,1691.6,171.2,1
Transformateur 630 kVA,500,501.38,221.3,0
Transformateur 100 kVA,80,88.25,203.4,1
Armoire de Distribution Publique,150,90.57,182.7,1
Transformateur 630 kVA,500,446.34,202.5,1
Disjoncteur Depart HTA,1200,1380.71,216.0,1
Transformateur 100 kVA,80,76.59,220.6,0
Disjoncteur Depart HTA,1200,1305.48,179.1,1
Transformateur 250 kVA,200,243.25,217.7,0
Transformateur 100 kVA,80,67.83,208.4,0
Transformateur 250 kVA,200,179.12,206.7,1
Transformateur 630 kVA,500,635.55,208.9,1
Transformateur 630 kVA,500,497.81,212.5,0
Transformateur 100 kVA,80,90.35,200.8,1
Transformateur 100 kVA,80,87.12,223.0,0
Cellule d Arrivee MT,1500,1327.26,205.1,0
Disjoncteur Depart HTA,1200,924.33,211.7,0
Cellule d Arrivee MT,1500,1267.57,175.3,1
Disjoncteur Depart HTA,1200,1260.6,193.8,1
Cellule d Arrivee MT,1500,962.3,173.3,1
Transformateur 250 kVA,200,240.96,210.5,0
Transformateur 100 kVA,80,61.2,223.0,0
Transformateur 630 kVA,500,321.59,219.2,0
Disjoncteur Depart HTA,1200,1248.85,205.7,1
Disjoncteur Depart HTA,1200,1319.35,194.4,1
Transformateur 630 kVA,500,380.14,217.7,0
Cellule d Arrivee MT,1500,1590.68,215.9,0
Disjoncteur Depart HTA,1200,1243.69,204.8,1
Armoire de Distribution Publique,150,136.55,212.1,0
Transformateur 250 kVA,200,153.87,184.7,1
Transformateur 100 kVA,80,67.97,195.7,1
Transformateur 630 kVA,500,331.39,173.7,1
Transformateur 100 kVA,80,70.53,205.3,0
Armoire de Distribution Publique,150,133.4,213.9,0
Disjoncteur Depart HTA,1200,1084.07,197.6,1
Disjoncteur Depart HTA,1200,766.12,181.9,1
Armoire de Distribution Publique,150,115.45,196.2,1
Transformateur 630 kVA,500,469.03,221.6,0
Transformateur 250 kVA,200,162.44,213.0,0
Transformateur 400 kVA,320,235.85,226.2,0
Transformateur 630 kVA,500,478.84,205.9,0
Transformateur 400 kVA,320,332.64,218.4,0
Armoire de Distribution Publique,150,208.56,209.4,1
Cellule d Arrivee MT,1500,1786.13,202.6,1
Transformateur 400 kVA,320,179.07,199.4,0
Transformateur 250 kVA,200,143.19,208.7,1
Cellule d Arrivee MT,1500,1797.52,184.9,1
Transformateur 400 kVA,320,292.71,188.7,1
Armoire de Distribution Publique,150,142.39,224.4,0
Cellule d Arrivee MT,1500,1010.5,191.3,1
Armoire de Distribution Publique,150,134.03,177.0,1
Transformateur 400 kVA,320,463.86,207.4,1
Armoire de Distribution Publique,150,115.43,171.1,1
Transformateur 250 kVA,200,190.28,216.9,0
Transformateur 400 kVA,320,328.0,216.6,0
Transformateur 400 kVA,320,336.96,196.4,0
Transformateur 400 kVA,320,301.32,180.1,1
Transformateur 630 kVA,500,428.01,174.5,1
Transformateur 630 kVA,500,577.01,178.2,1
Transformateur 630 kVA,500,511.36,225.7,0
Transformateur 250 kVA,200,118.79,213.4,0
Cellule d Arrivee MT,1500,1072.63,187.0,0
Armoire de Distribution Publique,150,124.73,202.6,0
Disjoncteur Depart HTA,1200,1105.31,180.4,1
Transformateur 400 kVA,320,348.56,217.7,0
Armoire de Distribution Publique,150,117.67,194.8,0
Transformateur 400 kVA,320,317.89,210.5,0
Transformateur 250 kVA,200,144.06,205.0,0
Transformateur 400 kVA,320,309.76,180.6,1
Transformateur 630 kVA,500,447.05,204.5,0
Disjoncteur Depart HTA,1200,1100.18,189.4,0
Transformateur 100 kVA,80,78.44,198.7,1
Transformateur 400 kVA,320,293.74,173.7,1
Armoire de Distribution Publique,150,99.52,221.1,0
Transformateur 630 kVA,500,368.75,196.2,0
Transformateur 100 kVA,80,45.68,177.8,1
Disjoncteur Depart HTA,1200,1460.52,221.5,1
Transformateur 100 kVA,80,101.38,208.7,1
Transformateur 630 kVA,500,667.96,207.8,1
Cellule d Arrivee MT,1500,1179.3,202.6,0
Cellule d Arrivee MT,1500,1480.95,218.2,0
Transformateur 100 kVA,80,79.76,199.8,1
Transformateur 250 kVA,200,191.7,192.8,1
Armoire de Distribution Publique,150,174.11,224.5,1
Armoire de Distribution Publique,150,132.02,195.1,0
Transformateur 100 kVA,80,72.43,223.6,0
Transformateur 400 kVA,320,159.61,218.3,0
Transformateur 400 kVA,320,257.81,187.7,1
Armoire de Distribution Publique,150,116.01,220.3,0
Armoire de Distribution Publique,150,113.67,172.9,0
Cellule d Arrivee MT,1500,1166.47,225.9,0
Transformateur 250 kVA,200,217.32,215.9,1
Transformateur 630 kVA,500,345.38,212.0,0
Transformateur 400 kVA,320,187.48,215.6,0
Armoire de Distribution Publique,150,151.13,214.5,1
Cellule d Arrivee MT,1500,1631.56,202.3,1
Disjoncteur Depart HTA,1200,991.27,194.1,1
Cellule d Arrivee MT,1500,1119.71,207.1,0
Transformateur 400 kVA,320,252.52,199.1,1
Transformateur 400 kVA,320,309.6,218.9,0
Cellule d Arrivee MT,1500,1165.97,196.5,0
Transformateur 630 kVA,500,474.57,219.5,0
Transformateur 100 kVA,80,80.68,181.2,1
Transformateur 400 kVA,320,325.94,179.2,1
Cellule d Arrivee MT,1500,1628.95,217.5,0
Armoire de Distribution Publique,150,97.46,222.0,0
Cellule d Arrivee MT,1500,1956.75,194.1,1
Transformateur 250 kVA,200,205.44,211.2,0
Transformateur 100 kVA,80,55.37,189.9,0
Disjoncteur Depart HTA,1200,867.03,213.4,0
Transformateur 630 kVA,500,515.77,184.5,1
Disjoncteur Depart HTA,1200,1192.9,202.7,1
Transformateur 100 kVA,80,92.68,181.4,1
Transformateur 100 kVA,80,81.81,181.2,1
Transformateur 100 kVA,80,94.17,181.7,1
Disjoncteur Depart HTA,1200,1363.25,196.2,1
Armoire de Distribution Publique,150,157.06,173.1,1
Transformateur 100 kVA,80,81.27,198.5,1
Cellule d Arrivee MT,1500,1632.94,186.8,1
Disjoncteur Depart HTA,1200,1176.22,212.8,1
Transformateur 100 kVA,80,91.06,176.5,1
Cellule d Arrivee MT,1500,771.14,210.2,0
Armoire de Distribution Publique,150,163.5,173.3,1
Transformateur 250 kVA,200,154.8,213.1,0
Armoire de Distribution Publique,150,147.65,184.1,1
Transformateur 100 kVA,80,81.04,208.5,1
Disjoncteur Depart HTA,1200,1325.46,186.2,1
Transformateur 400 kVA,320,277.72,172.3,1
Transformateur 100 kVA,80,73.91,217.7,0
Transformateur 400 kVA,320,331.35,219.0,0
Cellule d Arrivee MT,1500,1063.67,204.3,0
Transformateur 250 kVA,200,215.05,217.8,0
Transformateur 630 kVA,500,567.49,191.8,1
Armoire de Distribution Publique,150,207.9,215.1,1
Transformateur 250 kVA,200,171.09,211.2,0
Transformateur 100 kVA,80,46.35,204.0,0
Transformateur 400 kVA,320,343.75,215.6,0
Armoire de Distribution Publique,150,206.45,171.4,1
Transformateur 400 kVA,320,257.64,187.5,1
Disjoncteur Depart HTA,1200,1311.83,222.5,0
Transformateur 400 kVA,320,345.67,196.5,1
Disjoncteur Depart HTA,1200,997.44,225.9,0
Cellule d Arrivee MT,1500,1124.35,195.4,0
Armoire de Distribution Publique,150,142.87,218.0,0
Armoire de Distribution Publique,150,136.1,203.5,0
Transformateur 630 kVA,500,422.5,170.5,1
Transformateur 100 kVA,80,44.88,198.8,0
Disjoncteur Depart HTA,1200,1349.6,225.7,0
Transformateur 630 kVA,500,452.62,209.2,1
Transformateur 400 kVA,320,250.18,175.2,1
Transformateur 400 kVA,320,242.56,202.1,1
Transformateur 630 kVA,500,525.89,213.6,0
Armoire de Distribution Publique,150,140.89,225.1,0
Transformateur 400 kVA,320,271.97,216.6,0
Cellule d Arrivee MT,1500,1205.08,180.7,1
Cellule d Arrivee MT,1500,1719.51,200.4,1
Transformateur 630 kVA,500,453.16,177.2,1
Disjoncteur Depart HTA,1200,792.76,191.7,0
Disjoncteur Depart HTA,1200,770.37,173.4,1
Transformateur 630 kVA,500,354.61,178.3,1
Disjoncteur Depart HTA,1200,1328.74,181.0,1
Armoire de Distribution Publique,150,127.83,183.3,1
Armoire de Distribution Publique,150,81.19,203.0,0
Disjoncteur Depart HTA,1200,1522.87,185.5,1
Cellule d Arrivee MT,1500,1470.76,179.5,1
Disjoncteur Depart HTA,1200,1359.17,171.1,1
Armoire de Distribution Publique,150,132.39,219.1,0
Transformateur 250 kVA,200,144.49,173.4,1
Transformateur 100 kVA,80,67.14,190.3,0
Transformateur 400 kVA,320,368.26,196.4,1
Transformateur 250 kVA,200,269.31,180.3,1
Disjoncteur Depart HTA,1200,1072.91,197.6,1
Cellule d Arrivee MT,1500,1600.14,178.1,1
Transformateur 630 kVA,500,497.95,216.9,0
Disjoncteur Depart HTA,1200,948.46,205.7,1
Cellule d Arrivee MT,1500,1288.13,213.9,0
Transformateur 100 kVA,80,86.01,190.1,1
Disjoncteur Depart HTA,1200,1242.27,188.1,0
Armoire de Distribution Publique,150,103.15,170.2,1
Transformateur 630 kVA,500,479.27,171.8,1
Cellule d Arrivee MT,1500,1639.53,201.8,1
Cellule d Arrivee MT,1500,1550.97,224.3,0
Cellule d Arrivee MT,1500,1721.63,213.8,1
Transformateur 100 kVA,80,58.19,193.8,0
Disjoncteur Depart HTA,1200,1314.11,225.1,0
Transformateur 100 kVA,80,51.55,194.3,0
Transformateur 400 kVA,320,274.34,181.6,1
Transformateur 400 kVA,320,256.07,203.4,0
Disjoncteur Depart HTA,1200,1456.91,203.7,1
Armoire de Distribution Publique,150,114.19,184.7,1
Transformateur 100 kVA,80,66.68,190.8,1
Transformateur 630 kVA,500,487.75,195.3,1
Cellule d Arrivee MT,1500,1422.24,190.0,1
Cellule d Arrivee MT,1500,1458.31,190.2,1
Disjoncteur Depart HTA,1200,1034.24,196.1,1
Armoire de Distribution Publique,150,148.7,197.4,0
Transformateur 400 kVA,320,288.48,179.1,1
Transformateur 400 kVA,320,383.7,173.8,1
Cellule d Arrivee MT,1500,1163.29,208.3,1
Disjoncteur Depart HTA,1200,953.76,171.2,1
Transformateur 100 kVA,80,97.32,218.2,0
Transformateur 400 kVA,320,204.42,202.9,0
Transformateur 100 kVA,80,77.67,207.7,0
Armoire de Distribution Publique,150,113.01,170.1,1
Transformateur 400 kVA,320,368.9,212.9,0
Transformateur 400 kVA,320,233.96,203.7,0
Transformateur 250 kVA,200,209.95,174.8,1
Transformateur 400 kVA,320,370.86,206.0,1
Transformateur 630 kVA,500,556.99,220.8,0
Disjoncteur Depart HTA,1200,1086.92,214.5,0
Disjoncteur Depart HTA,1200,1385.02,183.2,1
Transformateur 100 kVA,80,96.4,196.5,1
Armoire de Distribution Publique,150,150.4,206.9,1
Transformateur 400 kVA,320,234.54,201.2,0
Transformateur 630 kVA,500,439.11,208.8,0
Transformateur 100 kVA,80,106.46,204.5,1
Transformateur 250 kVA,200,192.05,184.7,1
Transformateur 100 kVA,80,87.62,190.7,1
Transformateur 100 kVA,80,107.78,219.9,1
Transformateur 400 kVA,320,261.89,220.6,0
Transformateur 250 kVA,200,233.12,206.7,1
Transformateur 100 kVA,80,103.07,225.3,1
Transformateur 630 kVA,500,617.25,225.8,0
Transformateur 630 kVA,500,386.04,225.7,0
Disjoncteur Depart HTA,1200,793.28,197.0,0
Transformateur 250 kVA,200,123.46,215.1,0
Transformateur 250 kVA,200,178.87,202.6,0
Disjoncteur Depart HTA,1200,810.45,205.6,0
Transformateur 100 kVA,80,72.27,198.2,0
Transformateur 250 kVA,200,152.69,173.4,0
Transformateur 630 kVA,500,658.73,207.9,1
Transformateur 630 kVA,500,454.1,180.8,1
Transformateur 400 kVA,320,366.34,175.6,1
Transformateur 250 kVA,200,159.36,189.2,1
Transformateur 100 kVA,80,80.88,209.8,0
Disjoncteur Depart HTA,1200,1142.33,199.0,1
Disjoncteur Depart HTA,1200,1163.12,213.5,0
Transformateur 100 kVA,80,82.78,213.3,0
Armoire de Distribution Publique,150,181.62,179.8,1
Cellule d Arrivee MT,1500,1163.45,192.9,1
Transformateur 400 kVA,320,358.88,218.0,0
Disjoncteur Depart HTA,1200,1096.96,194.9,1
Transformateur 250 kVA,200,193.31,213.9,0
Transformateur 400 kVA,320,292.71,223.3,0
Transformateur 250 kVA,200,202.01,207.5,0
Armoire de Distribution Publique,150,148.26,196.7,1
Transformateur 630 kVA,500,398.59,196.9,1
Transformateur 400 kVA,320,426.96,222.3,0
Disjoncteur Depart HTA,1200,1068.92,203.5,0
Transformateur 400 kVA,320,360.31,188.4,1
Transformateur 400 kVA,320,134.42,218.0,0
Transformateur 400 kVA,320,184.43,200.8,0
Cellule d Arrivee MT,1500,1482.37,181.8,1
Transformateur 400 kVA,320,371.09,224.9,0
Transformateur 250 kVA,200,240.17,195.5,1
Transformateur 630 kVA,500,596.76,170.7,1
Armoire de Distribution Publique,150,116.0,195.4,0
Transformateur 100 kVA,80,69.38,209.7,1
Transformateur 400 kVA,320,358.84,195.1,1
Disjoncteur Depart HTA,1200,1288.56,200.6,1
Transformateur 400 kVA,320,341.34,178.0,1
Disjoncteur Depart HTA,1200,1227.03,212.7,0
Transformateur 250 kVA,200,172.04,222.6,0
Disjoncteur Depart HTA,1200,1120.88,181.5,1
Transformateur 100 kVA,80,95.31,205.3,1
Transformateur 630 kVA,500,463.23,188.6,1
Disjoncteur Depart HTA,1200,1051.6,205.0,0
Disjoncteur Depart HTA,1200,1286.3,201.9,1
Transformateur 630 kVA,500,451.78,215.8,1
Transformateur 100 kVA,80,95.7,211.2,0
Transformateur 400 kVA,320,290.78,226.0,0
Disjoncteur Depart HTA,1200,1463.18,172.5,1
Transformateur 630 kVA,500,356.91,196.7,0
Transformateur 250 kVA,200,114.75,218.6,0
Transformateur 630 kVA,500,497.18,213.1,0
Transformateur 250 kVA,200,209.52,185.6,1
Transformateur 100 kVA,80,66.97,204.0,0
Transformateur 400 kVA,320,332.11,226.0,0
Transformateur 630 kVA,500,527.88,193.5,1
Armoire de Distribution Publique,150,140.19,189.4,1
Armoire de Distribution Publique,150,143.07,222.6,0
Cellule d Arrivee MT,1500,1452.61,215.0,0
Disjoncteur Depart HTA,1200,1097.29,176.9,1
Transformateur 100 kVA,80,64.02,200.4,0
Transformateur 630 kVA,500,457.09,194.2,0
Armoire de Distribution Publique,150,129.47,194.8,0
Disjoncteur Depart HTA,1200,1337.68,220.6,0
Armoire de Distribution Publique,150,156.5,207.3,0
Transformateur 630 kVA,500,606.07,222.4,1
Transformateur 250 kVA,200,157.59,194.0,0
Transformateur 630 kVA,500,421.86,193.3,1
Cellule d Arrivee MT,1500,1792.17,218.4,1
Transformateur 630 kVA,500,490.98,180.5,1
Transformateur 630 kVA,500,545.86,209.9,0
Cellule d Arrivee MT,1500,1506.41,185.3,1
Transformateur 100 kVA,80,64.45,216.9,0
Transformateur 630 kVA,500,470.62,219.8,0
Cellule d Arrivee MT,1500,1380.65,192.0,1
Disjoncteur Depart HTA,1200,1236.9,215.6,1
Transformateur 250 kVA,200,149.02,185.5,0
Transformateur 250 kVA,200,180.27,226.8,0
Transformateur 630 kVA,500,544.95,214.7,1
Transformateur 100 kVA,80,59.5,210.1,0
Transformateur 100 kVA,80,85.93,189.5,1
Disjoncteur Depart HTA,1200,1036.19,223.7,0
Transformateur 630 kVA,500,322.96,195.0,0
Transformateur 250 kVA,200,194.17,217.8,0
Transformateur 100 kVA,80,99.61,215.3,1
Transformateur 630 kVA,500,383.31,218.8,0
Armoire de Distribution Publique,150,145.9,193.6,1
Transformateur 100 kVA,80,71.97,219.5,0
Cellule d Arrivee MT,1500,1271.1,183.1,1
Armoire de Distribution Publique,150,201.09,194.9,1
Transformateur 100 kVA,80,46.08,195.4,0
Transformateur 250 kVA,200,148.93,179.5,1
Transformateur 400 kVA,320,251.51,205.0,0
Armoire de Distribution Publique,150,146.43,181.5,1
Disjoncteur Depart HTA,1200,1287.5,220.9,0
Disjoncteur Depart HTA,1200,877.74,214.4,0
Transformateur 250 kVA,200,169.76,201.2,0
Transformateur 100 kVA,80,96.66,211.5,1
Transformateur 630 kVA,500,573.37,193.6,1
Transformateur 100 kVA,80,73.66,208.8,0
Transformateur 250 kVA,200,172.35,172.7,1
Disjoncteur Depart HTA,1200,1391.33,198.4,1
Transformateur 100 kVA,80,71.7,200.3,1
Disjoncteur Depart HTA,1200,775.82,207.8,0
Armoire de Distribution Publique,150,156.96,183.0,1
Transformateur 630 kVA,500,374.91,198.0,0
Armoire de Distribution Publique,150,128.94,215.3,0
Disjoncteur Depart HTA,1200,1335.54,216.8,0
Disjoncteur Depart HTA,1200,940.83,174.7,1
Transformateur 400 kVA,320,258.13,194.0,0
Transformateur 400 kVA,320,218.58,207.0,0
Armoire de Distribution Publique,150,94.21,179.1,1
Cellule d Arrivee MT,1500,776.43,191.0,0
Armoire de Distribution Publique,150,170.97,209.1,1
Transformateur 400 kVA,320,278.78,213.1,0
Disjoncteur Depart HTA,1200,943.25,199.1,0
Transformateur 250 kVA,200,236.4,212.5,0
Armoire de Distribution Publique,150,140.27,217.3,0
Disjoncteur Depart HTA,1200,1400.07,211.0,0
Transformateur 250 kVA,200,217.05,180.8,1
Transformateur 250 kVA,200,164.8,208.2,0
Transformateur 400 kVA,320,244.56,224.4,0
Armoire de Distribution Publique,150,174.48,199.4,1
Transformateur 100 kVA,80,59.48,189.7,0
Transformateur 630 kVA,500,386.01,211.3,0
Transformateur 400 kVA,320,358.78,218.7,0
Transformateur 400 kVA,320,250.33,204.2,0
Transformateur 100 kVA,80,39.81,194.4,0
Transformateur 630 kVA,500,401.28,175.2,1
Disjoncteur Depart HTA,1200,1067.11,220.5,0
Cellule d Arrivee MT,1500,1297.33,188.4,1
Armoire de Distribution Publique,150,115.88,225.1,0
Cellule d Arrivee MT,1500,1494.5,210.2,0
Disjoncteur Depart HTA,1200,832.72,199.5,0
Transformateur 400 kVA,320,317.3,187.4,1
Transformateur 630 kVA,500,561.65,224.9,0
Transformateur 400 kVA,320,231.59,200.9,0
Transformateur 250 kVA,200,234.91,178.7,1
Transformateur 400 kVA,320,210.17,177.1,0
Transformateur 400 kVA,320,185.04,210.9,0
Disjoncteur Depart HTA,1200,1098.9,190.8,1
Disjoncteur Depart HTA,1200,1549.2,203.6,1
Disjoncteur Depart HTA,1200,1284.0,204.1,1
Cellule d Arrivee MT,1500,1732.79,191.4,1
Transformateur 250 kVA,200,165.58,174.7,1
Disjoncteur Depart HTA,1200,838.06,223.8,0
Transformateur 630 kVA,500,429.72,201.5,0
Cellule d Arrivee MT,1500,1443.01,184.3,1
Transformateur 100 kVA,80,94.18,193.9,1
Transformateur 630 kVA,500,360.02,182.9,1
Armoire de Distribution Publique,150,150.08,216.9,1
Armoire de Distribution Publique,150,101.93,200.3,0
Transformateur 630 kVA,500,648.69,214.8,1
Disjoncteur Depart HTA,1200,1681.48,186.9,1
Transformateur 100 kVA,80,84.29,200.6,1
Transformateur 100 kVA,80,56.67,179.4,0
Cellule d Arrivee MT,1500,1707.21,188.2,1
Transformateur 100 kVA,80,81.19,214.5,1
Armoire de Distribution Publique,150,117.89,213.8,0
Transformateur 250 kVA,200,221.34,178.3,1
Disjoncteur Depart HTA,1200,1322.55,205.7,1
Transformateur 100 kVA,80,97.75,181.4,1
Cellule d Arrivee MT,1500,1907.92,184.8,1
Armoire de Distribution Publique,150,92.25,193.1,0
Transformateur 250 kVA,200,177.6,202.5,0
Transformateur 400 kVA,320,293.0,200.2,0
Transformateur 400 kVA,320,259.96,172.2,1
Transformateur 250 kVA,200,194.76,226.2,0
Armoire de Distribution Publique,150,94.15,182.4,0
Cellule d Arrivee MT,1500,1517.83,170.2,1
Transformateur 250 kVA,200,126.19,221.2,0
Disjoncteur Depart HTA,1200,1409.01,179.9,1
Disjoncteur Depart HTA,1200,1030.39,216.6,0
Transformateur 400 kVA,320,347.49,176.3,1
Transformateur 100 kVA,80,54.33,201.3,0
Cellule d Arrivee MT,1500,789.52,218.3,0
Transformateur 400 kVA,320,360.05,214.6,0
Transformateur 100 kVA,80,106.75,192.4,1
Transformateur 100 kVA,80,81.12,202.8,0
Disjoncteur Depart HTA,1200,1120.12,219.2,0
Armoire de Distribution Publique,150,159.58,210.0,1
Transformateur 630 kVA,500,523.0,178.3,1
Armoire de Distribution Publique,150,134.21,187.9,0
Transformateur 630 kVA,500,456.48,183.4,1
Transformateur 250 kVA,200,204.21,202.0,1
Disjoncteur Depart HTA,1200,1318.99,218.4,0
Transformateur 100 kVA,80,79.31,178.7,1
Cellule d Arrivee MT,1500,1150.34,216.0,0
Transformateur 630 kVA,500,516.69,180.0,1
Armoire de Distribution Publique,150,165.66,182.9,1
Transformateur 100 kVA,80,62.96,192.9,1
Transformateur 630 kVA,500,623.13,219.9,1
Transformateur 630 kVA,500,478.13,173.8,1
Transformateur 630 kVA,500,289.64,196.4,0
Cellule d Arrivee MT,1500,1510.62,198.8,0
Disjoncteur Depart HTA,1200,1532.5,225.2,1
Cellule d Arrivee MT,1500,1479.42,190.1,1
Transformateur 400 kVA,320,293.53,197.2,1
Transformateur 100 kVA,80,79.79,177.0,1
Disjoncteur Depart HTA,1200,641.32,218.8,0
Disjoncteur Depart HTA,1200,831.48,203.5,0
Disjoncteur Depart HTA,1200,1504.96,191.5,1
Armoire de Distribution Publique,150,141.09,178.8,1
Disjoncteur Depart HTA,1200,1102.88,213.5,0
Cellule d Arrivee MT,1500,1803.48,177.3,1
Disjoncteur Depart HTA,1200,1236.94,197.0,1
Transformateur 250 kVA,200,157.32,180.4,1
Transformateur 100 kVA,80,68.77,203.1,0
Disjoncteur Depart HTA,1200,882.3,217.1,0
Transformateur 100 kVA,80,43.01,215.2,0
Transformateur 250 kVA,200,197.07,206.7,0
Transformateur 250 kVA,200,225.03,182.7,1
Transformateur 100 kVA,80,87.46,208.4,0
Transformateur 630 kVA,500,371.48,206.4,0
Transformateur 400 kVA,320,296.39,215.9,0
Armoire de Distribution Publique,150,160.92,211.1,0
Transformateur 630 kVA,500,392.08,214.7,0
Transformateur 630 kVA,500,549.56,226.1,0
Cellule d Arrivee MT,1500,1883.17,186.3,1
Armoire de Distribution Publique,150,91.5,187.5,0
Armoire de Distribution Publique,150,82.18,185.4,0
Transformateur 630 kVA,500,472.05,175.3,1
Disjoncteur Depart HTA,1200,956.16,177.5,0
Cellule d Arrivee MT,1500,1522.48,199.6,1
Cellule d Arrivee MT,1500,1613.01,171.9,1
Transformateur 250 kVA,200,168.07,174.3,1
Armoire de Distribution Publique,150,137.52,209.1,0
Transformateur 630 kVA,500,364.76,172.3,1
Transformateur 250 kVA,200,258.21,214.6,1
Transformateur 100 kVA,80,43.61,170.3,0
Transformateur 400 kVA,320,218.3,224.6,0
Cellule d Arrivee MT,1500,1137.31,202.8,0
Transformateur 100 kVA,80,80.01,190.5,1
Transformateur 100 kVA,80,65.39,213.2,0
Disjoncteur Depart HTA,1200,1310.87,225.1,0
Transformateur 400 kVA,320,334.89,221.4,0
Transformateur 100 kVA,80,66.12,222.4,0
Transformateur 100 kVA,80,74.4,208.5,1
Transformateur 400 kVA,320,423.43,202.8,1
Transformateur 400 kVA,320,295.8,224.2,0
Transformateur 100 kVA,80,63.27,226.2,0
Transformateur 400 kVA,320,212.51,176.9,1
Transformateur 100 kVA,80,64.97,226.9,0
Transformateur 100 kVA,80,93.31,174.7,1
Disjoncteur Depart HTA,1200,1049.92,208.7,0
Transformateur 630 kVA,500,514.14,221.6,0
Transformateur 100 kVA,80,84.07,181.6,1
Transformateur 250 kVA,200,164.39,190.9,1
Cellule d Arrivee MT,1500,1642.26,211.1,1
Armoire de Distribution Publique,150,134.12,203.4,1
Transformateur 630 kVA,500,515.99,179.7,1
Transformateur 630 kVA,500,423.84,220.3,0
Transformateur 630 kVA,500,681.88,195.8,1
Disjoncteur Depart HTA,1200,1425.16,197.5,1
Transformateur 100 kVA,80,56.4,200.3,0
Disjoncteur Depart HTA,1200,957.96,192.1,0
Transformateur 100 kVA,80,76.34,178.1,1
Disjoncteur Depart HTA,1200,900.01,207.2,0
Disjoncteur Depart HTA,1200,1267.46,208.5,0
Cellule d Arrivee MT,1500,1726.74,186.2,1
Transformateur 250 kVA,200,150.32,212.8,0
Disjoncteur Depart HTA,1200,862.84,192.0,0
Cellule d Arrivee MT,1500,1046.1,194.0,0
Transformateur 400 kVA,320,306.5,202.3,1
Transformateur 250 kVA,200,221.95,198.7,1
Disjoncteur Depart HTA,1200,923.86,200.7,0
Armoire de Distribution Publique,150,103.91,205.3,0
Transformateur 630 kVA,500,380.67,197.4,0
Transformateur 400 kVA,320,205.15,212.7,0
Transformateur 400 kVA,320,247.39,180.0,1
Cellule d Arrivee MT,1500,1611.2,226.8,0
Transformateur 400 kVA,320,256.37,220.1,0
Transformateur 250 kVA,200,164.73,172.4,1
Disjoncteur Depart HTA,1200,748.28,176.5,0
Disjoncteur Depart HTA,1200,1524.32,197.3,1
Armoire de Distribution Publique,150,158.13,227.0,0
Transformateur 630 kVA,500,418.36,208.6,0
Cellule d Arrivee MT,1500,1437.12,178.5,1
Transformateur 630 kVA,500,517.11,182.5,1
Transformateur 400 kVA,320,301.71,188.9,1
Armoire de Distribution Publique,150,175.83,177.7,1
Transformateur 630 kVA,500,420.73,182.4,1
Transformateur 250 kVA,200,268.11,174.7,1
Disjoncteur Depart HTA,1200,1112.55,225.3,0
Transformateur 400 kVA,320,400.39,209.1,1
Armoire de Distribution Publique,150,201.9,202.0,1
Transformateur 630 kVA,500,525.8,215.3,0
Cellule d Arrivee MT,1500,1403.01,187.7,1
Transformateur 250 kVA,200,253.87,204.2,1
Transformateur 250 kVA,200,205.93,174.7,1
Transformateur 630 kVA,500,626.03,184.7,1
Disjoncteur Depart HTA,1200,796.57,223.2,0
Transformateur 630 kVA,500,586.46,195.8,1
Transformateur 400 kVA,320,259.49,180.4,1
Transformateur 630 kVA,500,406.85,180.4,1
Transformateur 250 kVA,200,186.75,199.9,1
Armoire de Distribution Publique,150,90.16,224.1,0
Transformateur 630 kVA,500,509.94,186.7,0
Disjoncteur Depart HTA,1200,1114.35,215.6,0
Armoire de Distribution Publique,150,180.47,203.5,1
Cellule d Arrivee MT,1500,1493.91,182.9,1
Transformateur 100 kVA,80,58.67,181.2,0
Transformateur 630 kVA,500,301.8,201.2,0
Disjoncteur Depart HTA,1200,1196.96,191.1,1
Armoire de Distribution Publique,150,157.53,199.2,0
Disjoncteur Depart HTA,1200,1357.53,187.3,1
Cellule d Arrivee MT,1500,1479.99,192.4,1
Transformateur 250 kVA,200,183.01,203.8,1
Disjoncteur Depart HTA,1200,881.64,185.0,1
Armoire de Distribution Publique,150,100.86,209.0,0
Disjoncteur Depart HTA,1200,898.24,181.1,1
Disjoncteur Depart HTA,1200,1490.28,192.9,1
Disjoncteur Depart HTA,1200,1130.63,223.6,0
Transformateur 400 kVA,320,238.04,208.5,0
Transformateur 400 kVA,320,270.25,191.9,1
Transformateur 250 kVA,200,141.56,185.6,1
Transformateur 630 kVA,500,556.23,221.6,0
Disjoncteur Depart HTA,1200,1087.04,224.7,0
Cellule d Arrivee MT,1500,1397.86,213.3,0
Transformateur 630 kVA,500,336.2,217.9,0
Cellule d Arrivee MT,1500,972.34,199.6,0
Transformateur 630 kVA,500,586.27,174.1,1
Transformateur 250 kVA,200,183.28,176.8,1
Disjoncteur Depart HTA,1200,1334.33,189.6,1
Disjoncteur Depart HTA,1200,1075.64,201.8,0
Transformateur 100 kVA,80,73.96,211.3,1
Cellule d Arrivee MT,1500,1040.18,215.0,0
Transformateur 630 kVA,500,237.78,171.5,0
Transformateur 630 kVA,500,663.0,181.0,1
Transformateur 400 kVA,320,342.73,214.9,1
Transformateur 100 kVA,80,65.31,181.7,1
Armoire de Distribution Publique,150,129.23,200.3,0
Armoire de Distribution Publique,150,134.24,199.9,1
Transformateur 400 kVA,320,277.86,205.6,0
Transformateur 400 kVA,320,309.71,186.6,1
Transformateur 400 kVA,320,282.71,194.2,0
Cellule d Arrivee MT,1500,1682.5,201.7,0
Cellule d Arrivee MT,1500,1712.3,194.5,1
Transformateur 250 kVA,200,131.98,217.7,0
Transformateur 250 kVA,200,184.92,216.4,0
Transformateur 400 kVA,320,216.52,171.1,1
Transformateur 100 kVA,80,62.67,221.7,0
Transformateur 630 kVA,500,510.83,223.1,0
Cellule d Arrivee MT,1500,1072.02,198.8,0
Transformateur 100 kVA,80,65.58,176.0,1
Disjoncteur Depart HTA,1200,742.56,185.4,0
Cellule d Arrivee MT,1500,978.02,221.1,0
Cellule d Arrivee MT,1500,1118.45,217.1,0
Transformateur 250 kVA,200,234.05,215.7,1
Transformateur 630 kVA,500,447.88,221.4,0
Transformateur 630 kVA,500,482.83,200.3,1
Armoire de Distribution Publique,150,135.58,172.3,1
Armoire de Distribution Publique,150,199.83,205.1,1
Armoire de Distribution Publique,150,176.33,207.8,1
Armoire de Distribution Publique,150,176.48,219.3,1
Disjoncteur Depart HTA,1200,1300.47,173.7,1
Disjoncteur Depart HTA,1200,1516.23,181.6,1
Cellule d Arrivee MT,1500,1144.91,215.7,0
Transformateur 400 kVA,320,320.78,196.6,1
Transformateur 250 kVA,200,206.11,184.9,1
Transformateur 250 kVA,200,164.55,172.9,1
Armoire de Distribution Publique,150,115.08,212.7,0
Cellule d Arrivee MT,1500,1700.75,220.2,0
Transformateur 100 kVA,80,48.23,207.0,0
Transformateur 400 kVA,320,221.37,221.9,0
Cellule d Arrivee MT,1500,1726.67,200.9,1
Transformateur 400 kVA,320,318.75,199.8,0
Transformateur 400 kVA,320,252.74,182.2,1
Transformateur 400 kVA,320,420.29,205.9,1
Cellule d Arrivee MT,1500,1425.02,197.0,1
Armoire de Distribution Publique,150,133.9,188.7,0
Transformateur 250 kVA,200,184.03,219.2,0
Transformateur 250 kVA,200,205.96,223.8,0
Armoire de Distribution Publique,150,126.02,226.8,0
Transformateur 400 kVA,320,360.75,216.9,0
Transformateur 100 kVA,80,57.3,192.7,0
Transformateur 630 kVA,500,396.66,220.7,0
Cellule d Arrivee MT,1500,1418.74,218.0,0
Transformateur 630 kVA,500,477.92,219.0,0
Armoire de Distribution Publique,150,87.69,215.8,0
Transformateur 100 kVA,80,80.85,194.3,1
Cellule d Arrivee MT,1500,1769.0,203.8,1
Armoire de Distribution Publique,150,189.72,177.1,1
Transformateur 400 kVA,320,441.87,192.5,1
Transformateur 250 kVA,200,141.49,197.7,0
Transformateur 630 kVA,500,418.36,175.6,1
Disjoncteur Depart HTA,1200,975.87,171.4,1
Disjoncteur Depart HTA,1200,1132.59,181.9,1
Transformateur 100 kVA,80,71.96,188.1,1
Transformateur 400 kVA,320,319.6,190.5,1
Transformateur 630 kVA,500,291.88,198.4,0
Transformateur 400 kVA,320,273.42,198.4,0
Transformateur 630 kVA,500,444.53,206.6,0
Transformateur 100 kVA,80,83.83,177.5,1
Transformateur 100 kVA,80,89.15,207.6,1
Disjoncteur Depart HTA,1200,1395.76,176.4,1
Transformateur 400 kVA,320,303.83,209.6,1
Cellule d Arrivee MT,1500,1092.49,210.6,0
Disjoncteur Depart HTA,1200,1114.35,222.1,0
Transformateur 400 kVA,320,394.41,194.7,1
Disjoncteur Depart HTA,1200,1086.13,174.3,1
Cellule d Arrivee MT,1500,1373.25,202.4,0
Transformateur 250 kVA,200,164.55,214.5,0
Transformateur 250 kVA,200,197.85,181.0,0
Transformateur 250 kVA,200,150.28,189.8,0
Transformateur 250 kVA,200,151.77,222.9,0
Armoire de Distribution Publique,150,94.61,193.1,1
Transformateur 630 kVA,500,406.1,216.3,0
Armoire de Distribution Publique,150,150.48,216.7,0
Armoire de Distribution Publique,150,166.86,206.6,0
Armoire de Distribution Publique,150,122.17,187.0,0
Transformateur 250 kVA,200,138.52,223.4,0
Cellule d Arrivee MT,1500,1152.33,198.6,0
Transformateur 100 kVA,80,102.67,183.8,1
Transformateur 100 kVA,80,76.62,211.5,0
Transformateur 630 kVA,500,527.13,183.7,0
Transformateur 250 kVA,200,170.17,202.8,0
Transformateur 250 kVA,200,148.96,225.2,0
Transformateur 250 kVA,200,152.57,190.3,1
Disjoncteur Depart HTA,1200,1208.3,203.9,1
Transformateur 400 kVA,320,315.58,200.7,1
Disjoncteur Depart HTA,1200,1254.56,202.4,0
Transformateur 400 kVA,320,241.93,206.2,0
Transformateur 250 kVA,200,224.12,170.3,1
Transformateur 250 kVA,200,192.98,193.0,1
Disjoncteur Depart HTA,1200,912.54,214.4,0
Disjoncteur Depart HTA,1200,1279.96,227.0,0
Transformateur 400 kVA,320,288.73,189.2,1
Transformateur 100 kVA,80,73.53,176.0,1
Transformateur 400 kVA,320,193.36,177.8,1
Disjoncteur Depart HTA,1200,1130.4,226.5,0
Cellule d Arrivee MT,1500,1427.24,171.3,1
Disjoncteur Depart HTA,1200,1111.5,201.0,0
Cellule d Arrivee MT,1500,1525.31,201.3,1
Transformateur 630 kVA,500,534.48,178.9,1
Disjoncteur Depart HTA,1200,856.06,201.8,0
Transformateur 630 kVA,500,539.79,187.8,1
Transformateur 100 kVA,80,62.1,187.4,1
Transformateur 400 kVA,320,269.3,175.4,1
Cellule d Arrivee MT,1500,1846.55,206.0,1
Transformateur 400 kVA,320,265.61,196.5,0
Transformateur 630 kVA,500,549.56,219.4,0
Cellule d Arrivee MT,1500,1058.66,172.7,0
Transformateur 400 kVA,320,438.47,227.0,1
Disjoncteur Depart HTA,1200,1042.83,205.0,0
Transformateur 250 kVA,200,202.15,190.5,1
Transformateur 630 kVA,500,378.08,225.3,0
Transformateur 400 kVA,320,272.54,209.5,0
Transformateur 630 kVA,500,559.02,186.6,1
Armoire de Distribution Publique,150,123.46,202.0,0
Transformateur 630 kVA,500,448.11,225.9,0
Cellule d Arrivee MT,1500,1193.18,182.3,0
Armoire de Distribution Publique,150,125.16,173.5,1
Cellule d Arrivee MT,1500,1639.12,170.0,1
Transformateur 250 kVA,200,146.79,197.0,0
Armoire de Distribution Publique,150,155.4,224.1,0
Disjoncteur Depart HTA,1200,939.08,183.8,1
Transformateur 630 kVA,500,413.61,220.1,0
Transformateur 400 kVA,320,264.3,218.2,0
Transformateur 100 kVA,80,71.94,222.6,0
Transformateur 630 kVA,500,408.95,195.6,0
Transformateur 630 kVA,500,386.06,185.4,0
Transformateur 250 kVA,200,264.45,187.3,1
Disjoncteur Depart HTA,1200,1343.85,201.8,1
Transformateur 100 kVA,80,98.89,222.9,1
Armoire de Distribution Publique,150,128.62,187.6,1
Armoire de Distribution Publique,150,133.7,197.6,0
Armoire de Distribution Publique,150,108.98,197.1,0
Cellule d Arrivee MT,1500,1222.05,178.8,1
Cellule d Arrivee MT,1500,1196.37,199.0,1
Transformateur 400 kVA,320,375.66,181.1,1
Transformateur 100 kVA,80,46.42,212.6,0
Armoire de Distribution Publique,150,152.51,196.5,1
Cellule d Arrivee MT,1500,968.65,198.2,0
Transformateur 400 kVA,320,257.82,171.0,1
Disjoncteur Depart HTA,1200,1201.33,211.0,0
Transformateur 400 kVA,320,257.73,182.6,1
Cellule d Arrivee MT,1500,1019.43,185.5,0
Transformateur 250 kVA,200,262.42,177.9,1
Transformateur 250 kVA,200,168.99,220.0,0
Armoire de Distribution Publique,150,128.15,189.0,1
Transformateur 250 kVA,200,201.09,209.0,0
Armoire de Distribution Publique,150,148.33,210.5,1
Armoire de Distribution Publique,150,142.26,177.7,1
Cellule d Arrivee MT,1500,1433.05,224.5,0
Transformateur 250 kVA,200,156.54,208.4,0
Armoire de Distribution Publique,150,112.87,191.5,0
Transformateur 100 kVA,80,88.94,223.1,0
Disjoncteur Depart HTA,1200,900.87,223.9,0
Transformateur 400 kVA,320,398.19,177.8,1
Transformateur 400 kVA,320,193.09,177.8,1
Cellule d Arrivee MT,1500,1536.94,188.4,1
Transformateur 250 kVA,200,125.29,180.0,0
Transformateur 250 kVA,200,132.89,179.0,1
Armoire de Distribution Publique,150,126.57,199.0,1
Transformateur 630 kVA,500,433.26,170.7,1
Armoire de Distribution Publique,150,96.81,178.9,1
Disjoncteur Depart HTA,1200,1281.31,220.3,0
Transformateur 100 kVA,80,78.62,187.6,1
Transformateur 400 kVA,320,267.83,225.4,1
Armoire de Distribution Publique,150,158.33,205.9,0
Transformateur 630 kVA,500,366.63,185.8,0
Transformateur 630 kVA,500,546.21,203.4,1
Armoire de Distribution Publique,150,150.4,184.1,1
Cellule d Arrivee MT,1500,1093.46,182.8,1
Transformateur 400 kVA,320,244.23,202.1,1
Cellule d Arrivee MT,1500,1711.44,171.7,1
Transformateur 100 kVA,80,73.88,177.1,1
Transformateur 630 kVA,500,259.77,176.7,1
Transformateur 630 kVA,500,251.14,208.3,0
Disjoncteur Depart HTA,1200,710.81,181.1,0
Transformateur 100 kVA,80,68.49,190.4,1
Transformateur 630 kVA,500,401.49,175.0,1
Transformateur 100 kVA,80,77.29,224.1,0
Transformateur 400 kVA,320,294.49,202.0,0
Transformateur 250 kVA,200,249.96,177.0,1
Transformateur 630 kVA,500,318.85,207.6,0
Disjoncteur Depart HTA,1200,1362.84,208.6,0
Transformateur 400 kVA,320,310.52,174.4,1
Armoire de Distribution Publique,150,119.38,171.2,1
Transformateur 100 kVA,80,45.39,179.2,1
Armoire de Distribution Publique,150,176.42,184.4,1
Cellule d Arrivee MT,1500,1621.0,170.2,1
Transformateur 400 kVA,320,266.73,222.9,0
Armoire de Distribution Publique,150,136.81,202.6,1
Transformateur 630 kVA,500,418.99,202.2,0
Transformateur 100 kVA,80,74.08,214.7,0
Transformateur 250 kVA,200,144.53,223.4,1
Transformateur 400 kVA,320,420.36,188.3,1
Transformateur 630 kVA,500,436.12,203.3,1
Disjoncteur Depart HTA,1200,1133.77,224.4,1
Cellule d Arrivee MT,1500,1212.54,191.4,1
Transformateur 100 kVA,80,88.17,212.3,1
Transformateur 400 kVA,320,352.59,205.9,1
Transformateur 400 kVA,320,381.9,172.8,1
Transformateur 250 kVA,200,153.27,209.0,0
Transformateur 250 kVA,200,174.33,170.8,1
Disjoncteur Depart HTA,1200,1016.43,192.8,0
Cellule d Arrivee MT,1500,1433.68,211.1,0
Disjoncteur Depart HTA,1200,740.76,225.8,0
Transformateur 630 kVA,500,574.02,181.9,1
Transformateur 630 kVA,500,360.85,221.8,0
Disjoncteur Depart HTA,1200,876.35,204.0,0
Cellule d Arrivee MT,1500,1914.69,192.3,1
Disjoncteur Depart HTA,1200,1176.3,193.0,1
Cellule d Arrivee MT,1500,1350.69,224.4,0
Cellule d Arrivee MT,1500,1412.33,206.9,0
Armoire de Distribution Publique,150,152.46,211.5,0
Transformateur 100 kVA,80,89.46,187.5,1
Cellule d Arrivee MT,1500,1717.81,205.7,1
Transformateur 250 kVA,200,194.81,219.0,0
Cellule d Arrivee MT,1500,1213.12,185.6,1
Cellule d Arrivee MT,1500,1371.25,177.9,1
Cellule d Arrivee MT,1500,1680.19,191.2,1
Armoire de Distribution Publique,150,148.14,191.3,1
Armoire de Distribution Publique,150,144.29,223.0,0
Transformateur 630 kVA,500,443.18,219.4,0
Armoire de Distribution Publique,150,147.62,178.5,1
Transformateur 250 kVA,200,166.01,216.4,0
Transformateur 250 kVA,200,157.44,170.3,1
Armoire de Distribution Publique,150,149.05,197.1,1
Disjoncteur Depart HTA,1200,1314.08,180.6,1
Transformateur 100 kVA,80,68.86,182.9,1
Armoire de Distribution Publique,150,162.58,191.1,1
Cellule d Arrivee MT,1500,1804.51,216.5,0
Transformateur 400 kVA,320,316.78,203.6,1
Transformateur 100 kVA,80,75.91,218.6,0
Transformateur 100 kVA,80,81.36,183.0,1
Transformateur 250 kVA,200,124.61,221.0,0
Transformateur 100 kVA,80,67.5,189.6,1
Armoire de Distribution Publique,150,176.16,193.1,1
Cellule d Arrivee MT,1500,1315.67,195.3,0
Cellule d Arrivee MT,1500,1243.28,216.4,0
Transformateur 630 kVA,500,469.47,225.8,0
Cellule d Arrivee MT,1500,1847.12,179.9,1
Cellule d Arrivee MT,1500,1760.89,178.0,1
Transformateur 250 kVA,200,194.09,210.6,0
Cellule d Arrivee MT,1500,1202.71,174.8,1
Transformateur 630 kVA,500,516.8,190.0,1
Transformateur 400 kVA,320,257.99,205.4,0
Armoire de Distribution Publique,150,120.67,219.1,0
Transformateur 250 kVA,200,139.5,188.7,0
Transformateur 400 kVA,320,281.78,198.5,1
Transformateur 250 kVA,200,139.41,215.4,0
Disjoncteur Depart HTA,1200,1034.1,176.9,1
Transformateur 100 kVA,80,88.52,195.0,1
Disjoncteur Depart HTA,1200,1090.85,182.7,1
Cellule d Arrivee MT,1500,1375.51,186.9,1
Transformateur 400 kVA,320,301.3,206.4,0
Cellule d Arrivee MT,1500,1331.93,192.7,1
Transformateur 100 kVA,80,98.59,211.3,1
Transformateur 250 kVA,200,193.04,217.5,0
Transformateur 100 kVA,80,79.33,193.1,1
Transformateur 630 kVA,500,378.52,195.0,1
Transformateur 100 kVA,80,88.35,221.8,1
Transformateur 630 kVA,500,404.61,214.9,0
Transformateur 100 kVA,80,87.95,215.2,0
Armoire de Distribution Publique,150,178.86,187.4,1
Transformateur 630 kVA,500,437.0,171.5,1
Transformateur 400 kVA,320,205.94,203.4,0
Cellule d Arrivee MT,1500,1942.95,221.7,1
Cellule d Arrivee MT,1500,1649.45,194.7,1
Disjoncteur Depart HTA,1200,1052.55,221.6,0
Cellule d Arrivee MT,1500,1466.77,197.0,1
Transformateur 250 kVA,200,190.05,176.1,1
Armoire de Distribution Publique,150,141.94,190.2,1
Transformateur 100 kVA,80,83.81,180.8,1
Disjoncteur Depart HTA,1200,1064.38,175.9,1
Transformateur 250 kVA,200,157.78,205.0,0
Transformateur 250 kVA,200,214.58,196.9,1
Transformateur 630 kVA,500,506.55,176.7,1
Cellule d Arrivee MT,1500,1069.09,213.4,0
Transformateur 400 kVA,320,287.36,175.9,1
Transformateur 400 kVA,320,249.82,179.6,1
Disjoncteur Depart HTA,1200,1429.58,218.7,0
Armoire de Distribution Publique,150,191.51,176.7,1
Transformateur 400 kVA,320,322.11,213.5,0
Transformateur 100 kVA,80,70.87,199.5,0
Transformateur 400 kVA,320,278.42,212.4,0
Disjoncteur Depart HTA,1200,1119.95,178.1,1
Transformateur 400 kVA,320,230.41,180.0,1
Transformateur 100 kVA,80,62.65,215.5,0
Transformateur 630 kVA,500,472.83,181.8,0
Armoire de Distribution Publique,150,95.06,174.8,0
Disjoncteur Depart HTA,1200,1545.78,175.7,1
Transformateur 630 kVA,500,605.25,192.2,1
Transformateur 630 kVA,500,500.85,204.8,1
Transformateur 630 kVA,500,331.66,219.6,0
Transformateur 250 kVA,200,191.85,184.6,1
Armoire de Distribution Publique,150,138.28,170.8,1
Cellule d Arrivee MT,1500,1115.97,182.6,0
Armoire de Distribution Publique,150,142.7,209.0,0
Transformateur 250 kVA,200,209.09,222.1,0
Cellule d Arrivee MT,1500,1482.15,220.2,0
Armoire de Distribution Publique,150,186.38,218.4,0
Transformateur 630 kVA,500,425.68,222.3,0
Disjoncteur Depart HTA,1200,1028.22,207.7,0
Cellule d Arrivee MT,1500,1186.12,221.8,0
Transformateur 100 kVA,80,74.27,196.2,0
Transformateur 100 kVA,80,83.26,216.3,0
Transformateur 400 kVA,320,343.72,176.8,1
Cellule d Arrivee MT,1500,1850.23,225.9,1
Disjoncteur Depart HTA,1200,984.56,206.5,0
Transformateur 250 kVA,200,226.29,209.6,1
Transformateur 630 kVA,500,443.47,195.6,0
Transformateur 400 kVA,320,223.77,210.2,0
Transformateur 100 kVA,80,61.09,171.2,1
Transformateur 250 kVA,200,236.8,183.8,1
Transformateur 250 kVA,200,176.11,188.3,1
Transformateur 630 kVA,500,439.15,218.4,0
Cellule d Arrivee MT,1500,1802.18,179.1,1
Transformateur 100 kVA,80,64.45,177.7,1
Disjoncteur Depart HTA,1200,1308.96,217.0,0
Transformateur 250 kVA,200,171.62,179.8,1
Transformateur 630 kVA,500,555.22,172.6,1
Disjoncteur Depart HTA,1200,1388.87,221.2,1
Cellule d Arrivee MT,1500,917.64,170.6,1
Transformateur 100 kVA,80,73.59,201.9,1
Cellule d Arrivee MT,1500,1575.26,181.1,1
Transformateur 250 kVA,200,121.89,184.5,1
Disjoncteur Depart HTA,1200,938.76,195.0,1
Disjoncteur Depart HTA,1200,955.25,202.5,1
Disjoncteur Depart HTA,1200,1379.1,185.6,1
Transformateur 250 kVA,200,238.33,201.2,1
Transformateur 250 kVA,200,202.46,178.2,1
Cellule d Arrivee MT,1500,1258.49,212.5,0
Transformateur 400 kVA,320,248.7,189.7,0
Cellule d Arrivee MT,1500,1369.03,198.8,0
Transformateur 100 kVA,80,54.78,220.3,0
Transformateur 630 kVA,500,598.76,190.7,1
Disjoncteur Depart HTA,1200,574.76,171.7,1
Transformateur 400 kVA,320,306.01,222.6,0
Transformateur 630 kVA,500,553.04,191.9,1
Transformateur 400 kVA,320,343.56,196.5,1
Armoire de Distribution Publique,150,120.63,185.4,0
Cellule d Arrivee MT,1500,1279.88,221.3,0
Transformateur 250 kVA,200,136.51,178.5,1
Disjoncteur Depart HTA,1200,939.78,170.0,0
Cellule d Arrivee MT,1500,1676.13,180.3,1
Transformateur 630 kVA,500,501.01,175.5,1
Armoire de Distribution Publique,150,149.56,176.9,0
Armoire de Distribution Publique,150,115.26,189.1,1
Armoire de Distribution Publique,150,154.43,182.3,1
Transformateur 630 kVA,500,537.72,216.9,1
Transformateur 630 kVA,500,504.57,225.5,0
Transformateur 630 kVA,500,437.77,205.4,0
Transformateur 630 kVA,500,572.43,188.9,1
Armoire de Distribution Publique,150,173.05,203.4,1
Armoire de Distribution Publique,150,71.53,196.9,0
Transformateur 400 kVA,320,341.21,180.7,1
Cellule d Arrivee MT,1500,1554.56,172.7,1
Disjoncteur Depart HTA,1200,1561.01,224.9,0
Transformateur 250 kVA,200,189.3,214.0,0
Armoire de Distribution Publique,150,183.43,223.4,1
Transformateur 250 kVA,200,120.96,209.7,0
Cellule d Arrivee MT,1500,1455.97,193.9,1
Cellule d Arrivee MT,1500,1471.95,188.2,1
Transformateur 250 kVA,200,157.95,200.7,0
Armoire de Distribution Publique,150,128.27,173.9,0
Transformateur 250 kVA,200,121.58,185.2,0
Transformateur 400 kVA,320,336.85,190.3,1
Transformateur 100 kVA,80,85.03,202.2,1
Armoire de Distribution Publique,150,112.06,207.3,0
Armoire de Distribution Publique,150,123.38,182.0,1
Disjoncteur Depart HTA,1200,1323.96,220.1,0
Transformateur 630 kVA,500,370.3,171.3,1
Transformateur 100 kVA,80,89.13,225.8,0
Cellule d Arrivee MT,1500,866.71,222.1,0
Armoire de Distribution Publique,150,124.81,213.6,0
Transformateur 250 kVA,200,177.48,206.3,0
Transformateur 100 kVA,80,57.74,187.7,0
Disjoncteur Depart HTA,1200,1126.79,202.7,1
Cellule d Arrivee MT,1500,1405.13,177.2,1
Transformateur 630 kVA,500,663.49,180.9,1
Transformateur 630 kVA,500,469.1,219.5,0
Disjoncteur Depart HTA,1200,1231.74,215.2,0
Disjoncteur Depart HTA,1200,1150.0,214.1,0
Transformateur 250 kVA,200,210.76,206.9,1
Armoire de Distribution Publique,150,168.28,183.9,1
Transformateur 630 kVA,500,518.98,200.2,1
Cellule d Arrivee MT,1500,1053.06,186.4,0
Transformateur 100 kVA,80,84.84,220.1,0
Cellule d Arrivee MT,1500,1303.35,207.5,0
Transformateur 400 kVA,320,236.58,174.3,1
Transformateur 400 kVA,320,353.07,214.1,1
Disjoncteur Depart HTA,1200,1204.62,207.0,0
Transformateur 250 kVA,200,208.44,196.5,1
Transformateur 400 kVA,320,407.33,174.9,1
Transformateur 630 kVA,500,423.51,175.9,1
Cellule d Arrivee MT,1500,1881.65,185.4,1
Cellule d Arrivee MT,1500,1427.44,172.9,1
Disjoncteur Depart HTA,1200,952.71,214.5,0
Armoire de Distribution Publique,150,89.34,198.2,0
Armoire de Distribution Publique,150,184.6,199.8,1
Transformateur 100 kVA,80,82.68,218.3,0
Disjoncteur Depart HTA,1200,922.63,196.0,0
Transformateur 100 kVA,80,77.3,190.9,1
Armoire de Distribution Publique,150,164.47,176.4,1
Disjoncteur Depart HTA,1200,1066.07,185.0,1
Disjoncteur Depart HTA,1200,1263.04,170.8,1
Disjoncteur Depart HTA,1200,835.0,203.3,0
Armoire de Distribution Publique,150,108.21,198.3,0
Transformateur 100 kVA,80,55.23,172.7,1
Transformateur 100 kVA,80,93.77,179.4,1
Disjoncteur Depart HTA,1200,1196.15,173.9,1
Transformateur 400 kVA,320,329.1,205.9,1
Transformateur 250 kVA,200,125.9,224.2,0
Armoire de Distribution Publique,150,148.72,224.9,0
Transformateur 250 kVA,200,193.86,197.9,1
Transformateur 250 kVA,200,188.73,185.1,1
Transformateur 100 kVA,80,83.23,203.0,1
Transformateur 100 kVA,80,39.55,177.7,0
Transformateur 400 kVA,320,209.09,221.3,0
Transformateur 250 kVA,200,169.43,173.0,1
Transformateur 250 kVA,200,158.53,222.9,0
Disjoncteur Depart HTA,1200,1130.29,177.4,1
Transformateur 100 kVA,80,92.11,171.9,1
Transformateur 250 kVA,200,229.81,197.5,1
Cellule d Arrivee MT,1500,1510.97,180.0,1
Transformateur 400 kVA,320,253.02,220.6,0
Cellule d Arrivee MT,1500,1512.61,213.9,1
Cellule d Arrivee MT,1500,1906.75,182.6,1
Armoire de Distribution Publique,150,135.73,225.9,0
Armoire de Distribution Publique,150,173.89,197.5,1
Transformateur 400 kVA,320,342.29,209.8,0
Cellule d Arrivee MT,1500,1456.44,223.2,0
Transformateur 250 kVA,200,220.87,188.9,1
Transformateur 100 kVA,80,54.11,198.9,0
Transformateur 400 kVA,320,285.34,181.8,1
Disjoncteur Depart HTA,1200,1151.64,207.8,1
Cellule d Arrivee MT,1500,1293.36,216.3,0
Transformateur 400 kVA,320,295.19,171.0,1
Transformateur 630 kVA,500,355.72,181.3,0
Transformateur 630 kVA,500,236.49,223.6,0
Armoire de Distribution Publique,150,164.25,196.4,1
Transformateur 100 kVA,80,75.79,199.3,1
Transformateur 250 kVA,200,172.1,218.5,0
Transformateur 100 kVA,80,83.02,176.5,1
Transformateur 100 kVA,80,67.16,199.9,0
Transformateur 100 kVA,80,87.55,175.9,1
Transformateur 100 kVA,80,95.6,182.7,1
Disjoncteur Depart HTA,1200,935.09,171.0,1
Disjoncteur Depart HTA,1200,1213.47,198.4,1
Armoire de Distribution Publique,150,172.55,214.3,1
Transformateur 400 kVA,320,436.85,194.0,1
Transformateur 630 kVA,500,438.76,213.9,0
Transformateur 100 kVA,80,91.16,221.8,0
Armoire de Distribution Publique,150,109.0,178.1,1
Transformateur 400 kVA,320,306.13,177.6,1
Transformateur 630 kVA,500,543.72,222.5,0
Cellule d Arrivee MT,1500,1643.29,203.3,1
Transformateur 250 kVA,200,156.53,215.0,0
Disjoncteur Depart HTA,1200,1385.97,205.6,1
Cellule d Arrivee MT,1500,1323.06,185.2,1
Transformateur 630 kVA,500,496.09,204.0,0
Cellule d Arrivee MT,1500,1021.85,195.4,1
Transformateur 250 kVA,200,243.83,201.4,1
Armoire de Distribution Publique,150,104.3,213.8,0
Transformateur 630 kVA,500,480.47,172.4,1
Cellule d Arrivee MT,1500,1392.07,213.4,0
Disjoncteur Depart HTA,1200,990.51,186.5,1
Disjoncteur Depart HTA,1200,1007.95,184.3,1
Transformateur 400 kVA,320,377.25,210.7,1
Cellule d Arrivee MT,1500,1500.79,200.0,1
Transformateur 100 kVA,80,69.1,226.0,0
Cellule d Arrivee MT,1500,1792.7,212.3,1
Armoire de Distribution Publique,150,167.88,199.2,1
Transformateur 630 kVA,500,475.93,186.1,0
Transformateur 630 kVA,500,499.58,192.1,1
Armoire de Distribution Publique,150,160.25,219.7,0
Cellule d Arrivee MT,1500,1580.53,182.6,1
Armoire de Distribution Publique,150,133.0,180.4,1
Transformateur 250 kVA,200,168.7,219.1,0
Armoire de Distribution Publique,150,124.52,170.1,1
Disjoncteur Depart HTA,1200,1318.82,190.6,1
Armoire de Distribution Publique,150,131.6,212.4,0
Transformateur 630 kVA,500,348.54,211.4,0
Disjoncteur Depart HTA,1200,1299.32,192.9,1
Transformateur 630 kVA,500,398.99,225.8,0
Transformateur 400 kVA,320,321.39,201.5,1
Transformateur 100 kVA,80,69.94,181.8,1
Transformateur 630 kVA,500,459.63,185.1,1
Disjoncteur Depart HTA,1200,1276.89,185.6,1
Transformateur 400 kVA,320,368.08,221.9,0
Transformateur 630 kVA,500,417.39,225.9,0
Transformateur 250 kVA,200,177.55,208.1,0
Armoire de Distribution Publique,150,148.61,218.2,0
Transformateur 100 kVA,80,78.95,199.5,0
Transformateur 630 kVA,500,444.03,225.7,0
Transformateur 400 kVA,320,257.92,200.9,1
Transformateur 250 kVA,200,184.47,199.9,0
Cellule d Arrivee MT,1500,1877.25,180.9,1
Transformateur 400 kVA,320,384.44,217.3,0
Armoire de Distribution Publique,150,181.61,170.5,1
Transformateur 400 kVA,320,360.46,219.4,0
Transformateur 250 kVA,200,134.41,189.5,0
Transformateur 400 kVA,320,377.19,222.9,1
Transformateur 250 kVA,200,186.08,181.1,1
Transformateur 630 kVA,500,462.68,215.5,0
Transformateur 250 kVA,200,192.23,209.5,1
Transformateur 250 kVA,200,221.76,175.5,1
Transformateur 100 kVA,80,85.79,203.6,1
Transformateur 250 kVA,200,256.42,193.2,1
Transformateur 250 kVA,200,138.4,192.7,0
Cellule d Arrivee MT,1500,1364.79,208.4,1
Transformateur 630 kVA,500,564.52,214.3,0
Armoire de Distribution Publique,150,110.21,197.1,0
Transformateur 100 kVA,80,65.32,174.8,0
Cellule d Arrivee MT,1500,1336.77,196.3,0
Disjoncteur Depart HTA,1200,1080.22,223.2,0
Transformateur 630 kVA,500,474.8,217.8,0
Transformateur 630 kVA,500,455.01,175.8,1
Disjoncteur Depart HTA,1200,1218.56,199.2,1
Armoire de Distribution Publique,150,181.87,179.2,1
Transformateur 250 kVA,200,155.17,173.6,1
Cellule d Arrivee MT,1500,1060.59,217.3,0
Transformateur 400 kVA,320,346.3,182.6,1
Transformateur 100 kVA,80,73.72,181.5,1
Transformateur 400 kVA,320,307.53,179.5,1
Disjoncteur Depart HTA,1200,978.11,173.8,1
Transformateur 630 kVA,500,428.94,208.9,1
Armoire de Distribution Publique,150,150.23,188.1,1
Transformateur 630 kVA,500,509.95,191.2,1
Transformateur 100 kVA,80,63.27,212.2,0
Transformateur 630 kVA,500,426.12,193.9,0
Transformateur 630 kVA,500,415.72,185.1,1
Transformateur 100 kVA,80,64.68,172.0,1
Cellule d Arrivee MT,1500,1258.81,178.0,1
Cellule d Arrivee MT,1500,1130.99,174.5,0
Transformateur 100 kVA,80,92.96,174.6,1
Armoire de Distribution Publique,150,120.79,191.0,0
Disjoncteur Depart HTA,1200,1102.3,224.2,0
Transformateur 630 kVA,500,434.32,202.3,0
Armoire de Distribution Publique,150,118.86,179.2,1
Transformateur 630 kVA,500,433.74,197.1,1
Disjoncteur Depart HTA,1200,1248.92,205.3,1
Cellule d Arrivee MT,1500,764.01,220.5,0
Armoire de Distribution Publique,150,166.39,200.6,1
Transformateur 250 kVA,200,188.78,196.0,0
Transformateur 250 kVA,200,166.32,218.4,0
Transformateur 250 kVA,200,177.51,195.3,1
Cellule d Arrivee MT,1500,1475.56,192.7,1
Cellule d Arrivee MT,1500,1438.44,182.1,1
Disjoncteur Depart HTA,1200,1233.36,226.7,0
Transformateur 630 kVA,500,385.62,201.9,0
Disjoncteur Depart HTA,1200,644.87,184.0,0
Disjoncteur Depart HTA,1200,1168.24,173.0,1
Cellule d Arrivee MT,1500,1646.94,201.0,1
Transformateur 250 kVA,200,187.67,171.9,1
Transformateur 400 kVA,320,293.74,175.5,0
Transformateur 630 kVA,500,449.02,204.0,0
Cellule d Arrivee MT,1500,1679.8,191.8,1
Transformateur 250 kVA,200,240.55,197.1,1
Armoire de Distribution Publique,150,168.54,216.0,1
Transformateur 400 kVA,320,320.9,185.2,1
Transformateur 400 kVA,320,310.64,178.5,0
Cellule d Arrivee MT,1500,1589.85,184.9,1
Transformateur 100 kVA,80,80.04,200.1,1
Transformateur 630 kVA,500,521.3,198.0,1
Transformateur 400 kVA,320,210.53,193.5,0
Cellule d Arrivee MT,1500,1812.27,217.4,1
Cellule d Arrivee MT,1500,1719.03,179.9,1
Transformateur 250 kVA,200,185.63,195.4,1
Armoire de Distribution Publique,150,87.29,183.7,0
Transformateur 100 kVA,80,69.38,206.3,0
Transformateur 630 kVA,500,577.43,185.7,1
Disjoncteur Depart HTA,1200,1725.81,202.9,1
Armoire de Distribution Publique,150,100.96,176.8,1
Armoire de Distribution Publique,150,152.35,212.5,0
Transformateur 250 kVA,200,230.91,199.1,1
Transformateur 400 kVA,320,211.87,204.9,0
Transformateur 400 kVA,320,400.91,175.5,1
Transformateur 250 kVA,200,181.33,191.3,1
Cellule d Arrivee MT,1500,1057.84,190.2,0
Transformateur 400 kVA,320,215.12,189.6,0
Transformateur 100 kVA,80,69.8,209.5,0
Transformateur 630 kVA,500,519.61,172.6,1
Armoire de Distribution Publique,150,166.5,184.5,1
Armoire de Distribution Publique,150,79.62,220.8,0
Transformateur 100 kVA,80,41.83,215.0,0
Transformateur 400 kVA,320,222.33,211.7,0
Armoire de Distribution Publique,150,161.71,219.7,0
Disjoncteur Depart HTA,1200,1496.65,183.9,1
Transformateur 630 kVA,500,416.36,210.7,0
Transformateur 630 kVA,500,418.75,208.7,0
Armoire de Distribution Publique,150,133.29,172.2,1
Transformateur 250 kVA,200,233.32,212.2,0
Armoire de Distribution Publique,150,131.64,201.2,1
Transformateur 250 kVA,200,210.74,224.5,0
Armoire de Distribution Publique,150,142.8,208.1,1
Disjoncteur Depart HTA,1200,1170.33,189.2,1
Cellule d Arrivee MT,1500,1569.24,183.4,1
Transformateur 630 kVA,500,349.17,206.1,0
Armoire de Distribution Publique,150,173.27,193.7,1
Disjoncteur Depart HTA,1200,1543.22,191.7,1
Transformateur 250 kVA,200,169.18,203.5,0
Transformateur 250 kVA,200,149.92,211.6,0
Transformateur 630 kVA,500,494.47,174.6,1
Transformateur 100 kVA,80,87.26,188.8,1
Armoire de Distribution Publique,150,140.46,192.0,1
Transformateur 400 kVA,320,312.45,226.5,0
Transformateur 250 kVA,200,99.18,214.2,0
Cellule d Arrivee MT,1500,1487.92,188.2,1
Cellule d Arrivee MT,1500,1099.2,225.9,0
Transformateur 250 kVA,200,182.17,189.4,1
Transformateur 100 kVA,80,81.2,214.3,0
Transformateur 100 kVA,80,76.89,219.1,0
Disjoncteur Depart HTA,1200,926.76,209.7,1
Cellule d Arrivee MT,1500,1213.69,215.6,0
Disjoncteur Depart HTA,1200,1095.29,206.3,0
Cellule d Arrivee MT,1500,1630.5,184.3,1
Armoire de Distribution Publique,150,166.91,214.9,1
Armoire de Distribution Publique,150,116.03,214.1,0
Transformateur 400 kVA,320,311.16,218.1,0
Armoire de Distribution Publique,150,101.41,213.0,0
Transformateur 400 kVA,320,299.27,222.9,0
Armoire de Distribution Publique,150,133.41,198.8,0
Transformateur 630 kVA,500,334.77,179.4,0
Armoire de Distribution Publique,150,128.05,184.5,1
Disjoncteur Depart HTA,1200,868.26,188.7,0
Transformateur 250 kVA,200,207.31,205.4,0
Disjoncteur Depart HTA,1200,852.94,189.0,0
Transformateur 250 kVA,200,187.39,200.0,1
Transformateur 100 kVA,80,92.16,178.8,1
Disjoncteur Depart HTA,1200,1086.97,216.0,0
Transformateur 100 kVA,80,52.72,174.0,1
Transformateur 400 kVA,320,319.84,224.9,0
Transformateur 400 kVA,320,378.65,226.1,0
Transformateur 630 kVA,500,455.48,181.5,1
Armoire de Distribution Publique,150,139.17,209.6,0
Disjoncteur Depart HTA,1200,792.45,186.1,0
Transformateur 100 kVA,80,68.51,199.7,0
Transformateur 250 kVA,200,193.9,196.9,1
Transformateur 400 kVA,320,209.29,212.0,0
Armoire de Distribution Publique,150,113.81,223.1,0
Transformateur 400 kVA,320,273.94,206.6,0
Transformateur 250 kVA,200,145.99,208.3,0
Armoire de Distribution Publique,150,124.6,224.1,0
Armoire de Distribution Publique,150,136.53,171.3,1
Transformateur 100 kVA,80,74.47,224.5,1
Transformateur 100 kVA,80,73.87,198.9,1
Disjoncteur Depart HTA,1200,1116.16,184.7,0
Disjoncteur Depart HTA,1200,890.32,200.8,0
Cellule d Arrivee MT,1500,1457.89,176.8,1
Cellule d Arrivee MT,1500,1641.02,197.2,0
Transformateur 630 kVA,500,430.44,171.8,1
Transformateur 400 kVA,320,331.43,208.5,0
Disjoncteur Depart HTA,1200,1205.33,204.7,1
Transformateur 100 kVA,80,64.43,203.2,1
Transformateur 250 kVA,200,151.22,196.8,0
Transformateur 100 kVA,80,98.39,174.3,1
Transformateur 400 kVA,320,274.87,205.0,0
Cellule d Arrivee MT,1500,1713.16,219.4,1
Transformateur 100 kVA,80,91.21,221.6,0
Transformateur 630 kVA,500,473.89,175.3,1
Transformateur 400 kVA,320,236.56,187.8,0
Cellule d Arrivee MT,1500,1376.86,225.9,0
Transformateur 250 kVA,200,141.42,207.1,1
Cellule d Arrivee MT,1500,1324.04,180.7,1
Armoire de Distribution Publique,150,146.04,181.8,1
Transformateur 630 kVA,500,535.7,189.3,1
Transformateur 400 kVA,320,300.0,183.1,1
Transformateur 250 kVA,200,134.98,174.9,1
Transformateur 630 kVA,500,596.83,224.0,1
Cellule d Arrivee MT,1500,1833.84,194.0,1
Transformateur 630 kVA,500,485.07,208.2,0
Transformateur 400 kVA,320,328.0,215.9,0
Disjoncteur Depart HTA,1200,1013.25,193.0,0
Transformateur 630 kVA,500,432.21,173.9,1
Armoire de Distribution Publique,150,175.36,185.5,1
Transformateur 630 kVA,500,425.9,192.7,1
Cellule d Arrivee MT,1500,1535.16,223.4,1
Cellule d Arrivee MT,1500,1340.41,218.5,0
Transformateur 250 kVA,200,193.68,194.9,1
Cellule d Arrivee MT,1500,1310.64,208.9,0
Transformateur 100 kVA,80,88.06,196.3,1
Transformateur 400 kVA,320,254.22,205.2,0
Transformateur 400 kVA,320,270.82,179.7,1
Disjoncteur Depart HTA,1200,774.77,222.8,0
Disjoncteur Depart HTA,1200,1211.35,173.8,1
Transformateur 400 kVA,320,262.39,189.5,1
Armoire de Distribution Publique,150,108.48,203.0,0
Disjoncteur Depart HTA,1200,808.55,218.9,0
Transformateur 250 kVA,200,177.23,208.3,0
Cellule d Arrivee MT,1500,1125.6,226.3,0
Transformateur 400 kVA,320,330.73,213.4,1
Disjoncteur Depart HTA,1200,1218.55,222.5,0
Transformateur 400 kVA,320,230.59,206.0,0
Transformateur 100 kVA,80,82.22,223.0,0
Transformateur 630 kVA,500,490.34,221.9,0
Cellule d Arrivee MT,1500,1027.25,221.0,0
Transformateur 400 kVA,320,272.43,208.9,0
Transformateur 630 kVA,500,551.32,204.4,0
Disjoncteur Depart HTA,1200,1014.11,185.8,1
Transformateur 630 kVA,500,436.74,207.7,0
Cellule d Arrivee MT,1500,1466.36,205.1,0
Transformateur 400 kVA,320,265.38,180.7,1
Transformateur 100 kVA,80,65.56,185.4,0
Armoire de Distribution Publique,150,135.17,178.8,1
Disjoncteur Depart HTA,1200,1304.15,177.9,1
Transformateur 400 kVA,320,308.68,211.5,0
Cellule d Arrivee MT,1500,1054.41,196.6,0
Disjoncteur Depart HTA,1200,1149.17,196.0,0
Transformateur 250 kVA,200,192.97,195.4,1
Transformateur 630 kVA,500,332.63,201.3,0
Armoire de Distribution Publique,150,167.59,205.3,1
Cellule d Arrivee MT,1500,1402.68,173.2,1
Transformateur 250 kVA,200,191.78,187.3,1
Transformateur 400 kVA,320,361.96,176.8,1
Transformateur 100 kVA,80,90.8,186.3,1
Disjoncteur Depart HTA,1200,1073.1,198.4,1
Transformateur 630 kVA,500,510.19,224.8,0
Disjoncteur Depart HTA,1200,1571.42,201.5,1
Armoire de Distribution Publique,150,98.57,213.4,0
Transformateur 400 kVA,320,371.08,176.4,1
Disjoncteur Depart HTA,1200,712.35,214.6,0
Transformateur 630 kVA,500,648.71,175.4,1
Transformateur 400 kVA,320,222.92,186.6,1
Disjoncteur Depart HTA,1200,1490.41,197.9,1
Transformateur 100 kVA,80,69.81,217.4,0
Cellule d Arrivee MT,1500,1386.98,176.6,1
Transformateur 400 kVA,320,248.96,185.2,1
Cellule d Arrivee MT,1500,1136.41,215.8,0
Transformateur 400 kVA,320,281.81,171.1,1
Transformateur 100 kVA,80,65.92,227.0,0
Cellule d Arrivee MT,1500,1166.41,224.9,0
Transformateur 250 kVA,200,268.92,196.4,1
Transformateur 630 kVA,500,425.16,196.5,0
Transformateur 250 kVA,200,136.36,226.8,0
Disjoncteur Depart HTA,1200,1108.05,193.1,1
Transformateur 100 kVA,80,67.29,183.7,1
Transformateur 250 kVA,200,176.82,193.6,1
Transformateur 400 kVA,320,354.23,172.5,1
Disjoncteur Depart HTA,1200,1106.16,210.7,0
Disjoncteur Depart HTA,1200,924.11,220.1,0
Transformateur 250 kVA,200,217.18,190.4,1
Transformateur 250 kVA,200,225.05,226.5,0
Transformateur 100 kVA,80,65.25,197.6,1
Transformateur 630 kVA,500,550.09,181.0,1
Transformateur 250 kVA,200,237.68,201.2,1
Armoire de Distribution Publique,150,183.74,188.9,1
Transformateur 250 kVA,200,213.55,225.2,0
Cellule d Arrivee MT,1500,1370.49,204.1,0
Transformateur 400 kVA,320,335.24,215.0,0
Armoire de Distribution Publique,150,147.56,185.7,1
Armoire de Distribution Publique,150,162.91,182.0,1
Cellule d Arrivee MT,1500,1721.17,178.2,1
Cellule d Arrivee MT,1500,1367.6,182.6,1
Disjoncteur Depart HTA,1200,1019.1,183.2,1
Transformateur 630 kVA,500,486.43,192.1,1
Transformateur 400 kVA,320,307.4,178.9,1
Transformateur 100 kVA,80,71.59,179.3,1
Armoire de Distribution Publique,150,164.77,172.1,1
Transformateur 100 kVA,80,114.66,171.6,1
Transformateur 250 kVA,200,144.36,205.1,0
Transformateur 250 kVA,200,202.03,178.1,1
Transformateur 100 kVA,80,60.31,183.2,1
Transformateur 250 kVA,200,253.37,191.3,1
Transformateur 630 kVA,500,405.5,190.5,0
Cellule d Arrivee MT,1500,1906.11,201.1,1
Transformateur 250 kVA,200,187.17,182.2,1
Disjoncteur Depart HTA,1200,1518.19,188.4,1
Transformateur 250 kVA,200,193.28,171.9,1
Transformateur 400 kVA,320,340.34,180.7,1
Transformateur 630 kVA,500,402.4,177.0,1
Transformateur 400 kVA,320,422.06,203.2,1
Transformateur 400 kVA,320,275.28,196.7,0
Disjoncteur Depart HTA,1200,1425.64,199.1,1
Transformateur 630 kVA,500,374.0,184.4,0
Transformateur 630 kVA,500,349.98,174.9,1
Transformateur 630 kVA,500,365.86,206.2,0
Transformateur 630 kVA,500,497.85,223.4,0
Transformateur 630 kVA,500,456.79,194.0,0
Disjoncteur Depart HTA,1200,1502.28,213.6,0
Transformateur 250 kVA,200,207.94,191.5,0
Transformateur 400 kVA,320,292.7,179.8,1
Transformateur 630 kVA,500,651.24,175.1,1
Armoire de Distribution Publique,150,120.62,181.3,1
Transformateur 250 kVA,200,122.0,174.5,1
Transformateur 250 kVA,200,159.09,214.0,0
Transformateur 400 kVA,320,375.2,174.9,1
Disjoncteur Depart HTA,1200,1026.59,207.6,0
Transformateur 100 kVA,80,92.06,183.8,1
Transformateur 100 kVA,80,80.7,212.5,0
Transformateur 250 kVA,200,191.45,225.4,0
Cellule d Arrivee MT,1500,715.89,223.2,0
Cellule d Arrivee MT,1500,1392.25,197.5,0
Transformateur 400 kVA,320,322.23,216.8,0
Transformateur 100 kVA,80,38.17,183.9,0
Transformateur 250 kVA,200,183.91,211.8,1
Disjoncteur Depart HTA,1200,1150.67,197.2,1
Transformateur 100 kVA,80,64.44,195.5,1
Transformateur 250 kVA,200,215.49,185.0,1
Transformateur 250 kVA,200,198.91,214.8,0
Transformateur 630 kVA,500,350.63,188.0,0
Disjoncteur Depart HTA,1200,1662.46,205.5,1
Transformateur 630 kVA,500,445.24,189.0,1
Transformateur 400 kVA,320,384.36,180.3,1
Transformateur 630 kVA,500,397.91,179.3,0
Armoire de Distribution Publique,150,121.41,223.3,0
Transformateur 630 kVA,500,527.93,225.2,0
Armoire de Distribution Publique,150,112.73,223.0,0
Transformateur 100 kVA,80,90.92,186.9,1
Cellule d Arrivee MT,1500,1685.22,205.7,1
Transformateur 250 kVA,200,219.33,173.2,1
Armoire de Distribution Publique,150,137.78,217.8,0
Disjoncteur Depart HTA,1200,1252.99,184.2,1
Transformateur 630 kVA,500,544.02,184.1,1
Armoire de Distribution Publique,150,193.87,225.7,1
Disjoncteur Depart HTA,1200,1236.01,191.1,1
Cellule d Arrivee MT,1500,1037.23,186.0,0
Cellule d Arrivee MT,1500,871.19,220.5,0
Transformateur 630 kVA,500,696.08,224.3,1
Transformateur 400 kVA,320,266.25,203.4,0
Transformateur 630 kVA,500,536.04,226.1,0
Transformateur 100 kVA,80,54.24,218.2,0
Armoire de Distribution Publique,150,188.61,190.7,1
Transformateur 250 kVA,200,276.24,171.3,1
Transformateur 400 kVA,320,308.32,172.3,1
Transformateur 630 kVA,500,362.9,193.5,0
Disjoncteur Depart HTA,1200,1130.84,213.7,0
Transformateur 400 kVA,320,347.26,196.2,1
Armoire de Distribution Publique,150,163.89,183.9,1
Transformateur 400 kVA,320,296.94,222.5,0
Armoire de Distribution Publique,150,151.37,204.2,0
Transformateur 630 kVA,500,542.4,170.5,1
Armoire de Distribution Publique,150,124.77,208.8,0
Transformateur 400 kVA,320,324.84,223.4,0
Disjoncteur Depart HTA,1200,1297.02,178.7,1
Cellule d Arrivee MT,1500,1576.47,219.4,0
Transformateur 400 kVA,320,319.32,208.3,1
Armoire de Distribution Publique,150,174.83,197.8,1
Cellule d Arrivee MT,1500,1212.57,215.5,0
Armoire de Distribution Publique,150,102.53,196.3,0
Disjoncteur Depart HTA,1200,1199.4,188.6,1
Armoire de Distribution Publique,150,151.1,203.4,0
Transformateur 630 kVA,500,488.47,226.0,1
Transformateur 250 kVA,200,160.43,183.6,1
Transformateur 400 kVA,320,296.73,220.8,0
Transformateur 250 kVA,200,165.7,197.9,1
Armoire de Distribution Publique,150,143.1,178.5,1
Disjoncteur Depart HTA,1200,1213.05,193.9,1
Transformateur 400 kVA,320,152.53,221.3,0
Armoire de Distribution Publique,150,162.65,191.4,0
Cellule d Arrivee MT,1500,1581.25,207.3,0
Transformateur 100 kVA,80,91.3,170.6,1
Armoire de Distribution Publique,150,155.34,177.5,1
Transformateur 250 kVA,200,169.87,219.2,0
Transformateur 400 kVA,320,285.35,186.4,1
Transformateur 250 kVA,200,127.83,225.5,0
Transformateur 400 kVA,320,312.28,177.9,1
Armoire de Distribution Publique,150,138.02,199.2,1
Transformateur 630 kVA,500,209.45,204.6,0
Cellule d Arrivee MT,1500,888.64,194.9,0
Armoire de Distribution Publique,150,130.1,215.4,0
Transformateur 250 kVA,200,198.75,226.6,0
Transformateur 100 kVA,80,78.54,170.7,1
Transformateur 100 kVA,80,87.15,186.3,1
Disjoncteur Depart HTA,1200,1094.15,173.7,1
Transformateur 400 kVA,320,292.48,179.6,1
Transformateur 250 kVA,200,213.19,214.4,1
Disjoncteur Depart HTA,1200,902.33,226.6,0
Transformateur 250 kVA,200,206.16,183.7,1
Transformateur 400 kVA,320,276.43,201.3,0
Armoire de Distribution Publique,150,162.01,172.6,1
Armoire de Distribution Publique,150,208.93,201.6,1
Transformateur 100 kVA,80,62.76,222.4,0
Armoire de Distribution Publique,150,153.14,216.1,1
Armoire de Distribution Publique,150,189.61,198.7,1
Transformateur 630 kVA,500,429.44,203.7,0
Transformateur 100 kVA,80,94.95,184.4,1
Disjoncteur Depart HTA,1200,1091.15,195.2,1
Cellule d Arrivee MT,1500,918.01,225.1,0
Transformateur 630 kVA,500,387.54,197.2,1
Disjoncteur Depart HTA,1200,1338.92,174.2,1
Transformateur 400 kVA,320,382.98,224.9,1
Transformateur 630 kVA,500,365.07,173.3,1
Disjoncteur Depart HTA,1200,1095.54,189.6,1
Transformateur 400 kVA,320,252.42,172.9,1
Transformateur 100 kVA,80,90.12,197.3,1
Cellule d Arrivee MT,1500,1574.53,190.4,1
Transformateur 400 kVA,320,267.47,204.8,0
Armoire de Distribution Publique,150,194.17,207.9,1
Transformateur 250 kVA,200,147.55,225.2,0
Transformateur 400 kVA,320,290.33,191.8,1
Transformateur 400 kVA,320,365.32,198.4,1
Cellule d Arrivee MT,1500,1036.46,175.0,1
Transformateur 250 kVA,200,127.38,205.6,0
Armoire de Distribution Publique,150,123.71,210.6,0
Disjoncteur Depart HTA,1200,1265.11,212.3,1
Disjoncteur Depart HTA,1200,902.92,207.7,0
Transformateur 400 kVA,320,295.16,193.1,1
Transformateur 250 kVA,200,151.4,179.0,1
Transformateur 250 kVA,200,179.66,219.8,1
Armoire de Distribution Publique,150,150.26,218.8,0
Cellule d Arrivee MT,1500,1626.4,186.6,1
Transformateur 100 kVA,80,56.81,198.6,0
Disjoncteur Depart HTA,1200,835.75,179.9,0
Cellule d Arrivee MT,1500,1653.22,179.1,1
Transformateur 630 kVA,500,369.49,184.5,1
Disjoncteur Depart HTA,1200,849.91,175.5,1
Cellule d Arrivee MT,1500,1283.15,221.4,0
Disjoncteur Depart HTA,1200,1032.6,180.2,1
Transformateur 100 kVA,80,102.65,197.1,1
Transformateur 630 kVA,500,293.46,176.7,0
Transformateur 100 kVA,80,82.55,220.8,0
Armoire de Distribution Publique,150,86.14,198.3,0
Transformateur 630 kVA,500,373.54,198.7,0
Transformateur 400 kVA,320,188.9,202.8,0
Cellule d Arrivee MT,1500,1448.38,175.5,1
Transformateur 630 kVA,500,508.79,191.2,1
Armoire de Distribution Publique,150,153.45,217.3,0
Armoire de Distribution Publique,150,204.25,186.3,1
Transformateur 100 kVA,80,79.32,180.1,1
Disjoncteur Depart HTA,1200,929.4,178.8,1
Transformateur 630 kVA,500,590.57,201.7,1
Cellule d Arrivee MT,1500,1469.49,221.7,0
Transformateur 630 kVA,500,495.58,208.1,1
Transformateur 250 kVA,200,118.32,179.6,0
Disjoncteur Depart HTA,1200,1209.84,207.5,1
Cellule d Arrivee MT,1500,1249.12,171.5,1
Cellule d Arrivee MT,1500,1294.88,221.2,0
Transformateur 400 kVA,320,302.7,211.3,0
Transformateur 100 kVA,80,87.84,203.6,1
Transformateur 400 kVA,320,315.74,223.0,0
Cellule d Arrivee MT,1500,1203.9,205.5,0
Disjoncteur Depart HTA,1200,1062.54,189.6,1
Transformateur 630 kVA,500,536.59,200.7,1
Transformateur 630 kVA,500,589.96,207.4,1
Disjoncteur Depart HTA,1200,898.81,182.5,0
Cellule d Arrivee MT,1500,1151.32,180.6,1
Armoire de Distribution Publique,150,129.18,210.2,0
Transformateur 630 kVA,500,460.89,215.7,0
Armoire de Distribution Publique,150,137.79,213.6,0
Transformateur 630 kVA,500,474.26,214.7,0
Transformateur 630 kVA,500,584.18,197.3,1
Transformateur 100 kVA,80,93.13,212.8,1
Transformateur 100 kVA,80,64.16,183.2,1
Transformateur 250 kVA,200,208.48,193.0,1
Transformateur 400 kVA,320,216.58,216.5,0
Disjoncteur Depart HTA,1200,987.94,183.8,0
Disjoncteur Depart HTA,1200,965.5,226.6,0
Disjoncteur Depart HTA,1200,1086.65,203.1,0
Transformateur 250 kVA,200,121.3,210.0,0
Transformateur 100 kVA,80,84.49,183.4,1
Cellule d Arrivee MT,1500,865.51,173.4,1
Armoire de Distribution Publique,150,145.11,173.5,1
Armoire de Distribution Publique,150,182.9,201.5,1
Cellule d Arrivee MT,1500,1433.02,187.3,0
Transformateur 250 kVA,200,200.48,197.4,1
Cellule d Arrivee MT,1500,1376.85,175.2,1
Disjoncteur Depart HTA,1200,1171.33,212.3,0
Transformateur 400 kVA,320,345.76,173.4,1
Transformateur 630 kVA,500,484.81,188.3,1
Armoire de Distribution Publique,150,108.64,196.9,0
Transformateur 100 kVA,80,79.2,208.7,1
Transformateur 100 kVA,80,87.46,211.5,1
Transformateur 250 kVA,200,109.35,215.2,0
Transformateur 100 kVA,80,93.1,196.8,1
Disjoncteur Depart HTA,1200,1227.89,209.9,1
Armoire de Distribution Publique,150,156.6,190.4,1
Cellule d Arrivee MT,1500,920.19,185.5,0
Disjoncteur Depart HTA,1200,887.55,202.2,0
Transformateur 250 kVA,200,252.85,226.6,1
Disjoncteur Depart HTA,1200,1126.9,204.4,0
Cellule d Arrivee MT,1500,1367.89,213.1,0
Transformateur 400 kVA,320,251.47,225.6,0
Transformateur 250 kVA,200,211.47,183.3,1
Transformateur 400 kVA,320,210.3,191.9,0
Transformateur 630 kVA,500,554.9,219.4,1
Transformateur 400 kVA,320,305.85,182.5,1
Transformateur 630 kVA,500,475.79,170.9,1
Transformateur 630 kVA,500,505.34,201.1,1
Transformateur 400 kVA,320,263.17,211.7,0
Transformateur 250 kVA,200,135.59,207.3,0
Cellule d Arrivee MT,1500,745.11,211.1,0
Disjoncteur Depart HTA,1200,1121.17,208.3,0
Disjoncteur Depart HTA,1200,1359.35,203.8,1
Cellule d Arrivee MT,1500,1247.97,209.2,0
Armoire de Distribution Publique,150,145.66,198.6,1
Armoire de Distribution Publique,150,142.93,191.6,1
Transformateur 630 kVA,500,471.05,185.3,1
Transformateur 630 kVA,500,337.81,178.4,1
Transformateur 250 kVA,200,167.48,204.7,0
Transformateur 100 kVA,80,90.57,218.8,1
Transformateur 400 kVA,320,239.98,206.5,0
Transformateur 630 kVA,500,338.64,197.6,0
Disjoncteur Depart HTA,1200,909.34,215.7,0
Transformateur 250 kVA,200,170.85,176.6,1
Transformateur 400 kVA,320,275.38,183.2,1
Transformateur 250 kVA,200,162.59,178.4,1
Transformateur 400 kVA,320,352.85,201.9,1
Transformateur 400 kVA,320,259.94,171.4,1
Cellule d Arrivee MT,1500,1390.77,217.4,1
Transformateur 630 kVA,500,390.51,209.3,0
Transformateur 250 kVA,200,259.84,171.2,1
Transformateur 250 kVA,200,255.95,199.1,1
Cellule d Arrivee MT,1500,1506.83,183.9,1
Disjoncteur Depart HTA,1200,993.17,226.0,0
Disjoncteur Depart HTA,1200,1090.45,202.1,0
Armoire de Distribution Publique,150,129.27,224.0,0
Transformateur 630 kVA,500,601.43,177.3,1
Transformateur 630 kVA,500,623.59,200.3,1
Transformateur 100 kVA,80,56.58,225.9,0
Cellule d Arrivee MT,1500,1182.63,204.8,1
Disjoncteur Depart HTA,1200,1374.6,190.3,1
Transformateur 400 kVA,320,354.29,213.0,0
Transformateur 250 kVA,200,209.06,203.5,0
Transformateur 630 kVA,500,335.29,226.3,0
Transformateur 250 kVA,200,204.31,179.2,1
Transformateur 250 kVA,200,251.59,187.8,1
Transformateur 100 kVA,80,69.26,191.0,1
Disjoncteur Depart HTA,1200,1242.98,214.9,0
Transformateur 630 kVA,500,521.0,209.4,1
Transformateur 250 kVA,200,211.45,202.4,1
Transformateur 630 kVA,500,554.97,212.2,0
Transformateur 400 kVA,320,279.7,200.9,0
Transformateur 100 kVA,80,80.57,183.2,1
Transformateur 400 kVA,320,339.19,189.7,1
Transformateur 630 kVA,500,245.01,189.9,0
Armoire de Distribution Publique,150,138.77,170.8,1
Transformateur 630 kVA,500,501.36,178.3,1
Disjoncteur Depart HTA,1200,1129.5,207.8,1
Transformateur 250 kVA,200,120.8,178.8,0
Transformateur 250 kVA,200,214.79,184.1,1
Transformateur 400 kVA,320,220.78,192.4,0
Transformateur 100 kVA,80,85.32,202.9,1
Armoire de Distribution Publique,150,156.76,186.2,1
Cellule d Arrivee MT,1500,1238.48,223.2,0
Transformateur 250 kVA,200,223.21,210.4,1
Disjoncteur Depart HTA,1200,1401.72,222.7,1
Transformateur 400 kVA,320,261.74,223.5,0
Transformateur 400 kVA,320,264.29,177.1,1
Cellule d Arrivee MT,1500,1464.71,187.0,1
Disjoncteur Depart HTA,1200,908.94,175.7,1
Transformateur 100 kVA,80,39.45,187.3,0
Disjoncteur Depart HTA,1200,956.94,219.0,0
Transformateur 100 kVA,80,47.65,189.1,1
Disjoncteur Depart HTA,1200,1455.15,170.7,1
Disjoncteur Depart HTA,1200,1159.51,200.3,0
Transformateur 630 kVA,500,425.63,198.9,0
Transformateur 400 kVA,320,325.0,184.2,1
Disjoncteur Depart HTA,1200,1504.92,175.0,1
Cellule d Arrivee MT,1500,2036.83,218.8,1
Disjoncteur Depart HTA,1200,1345.68,220.8,0
Transformateur 250 kVA,200,206.09,191.3,1
Transformateur 400 kVA,320,324.25,222.5,0
Transformateur 250 kVA,200,231.48,186.0,1
Transformateur 400 kVA,320,198.96,171.3,1
Transformateur 250 kVA,200,125.9,203.3,0
Disjoncteur Depart HTA,1200,1217.61,191.7,1
Disjoncteur Depart HTA,1200,1139.61,206.0,1
Transformateur 630 kVA,500,441.23,190.5,1
Cellule d Arrivee MT,1500,1416.25,182.3,1
Transformateur 250 kVA,200,160.91,226.3,0
Transformateur 100 kVA,80,61.11,175.8,1
Transformateur 630 kVA,500,370.68,201.2,0
Transformateur 250 kVA,200,164.92,214.2,0
Transformateur 250 kVA,200,226.59,207.5,1
Transformateur 630 kVA,500,460.97,218.8,0
Disjoncteur Depart HTA,1200,573.53,220.7,0
Transformateur 250 kVA,200,165.04,220.9,0
Disjoncteur Depart HTA,1200,1076.09,181.7,1
Transformateur 630 kVA,500,444.87,221.8,0
Disjoncteur Depart HTA,1200,1193.82,217.2,0
Transformateur 400 kVA,320,380.06,222.7,0
Transformateur 100 kVA,80,90.96,221.2,0
Armoire de Distribution Publique,150,142.66,201.8,1
Transformateur 250 kVA,200,171.96,174.2,1
Cellule d Arrivee MT,1500,1275.44,213.5,0
Transformateur 100 kVA,80,87.49,226.9,0
Armoire de Distribution Publique,150,147.24,212.0,0
Disjoncteur Depart HTA,1200,1310.14,173.9,1
Transformateur 250 kVA,200,163.67,180.7,1
Disjoncteur Depart HTA,1200,1225.58,170.9,1
Transformateur 400 kVA,320,267.44,174.8,1
Transformateur 630 kVA,500,477.75,188.3,1
Transformateur 250 kVA,200,199.1,207.4,0
Armoire de Distribution Publique,150,123.57,170.2,1
Armoire de Distribution Publique,150,185.7,204.3,1
Transformateur 400 kVA,320,302.94,171.6,1
Transformateur 400 kVA,320,331.09,181.3,1
Transformateur 250 kVA,200,198.51,185.1,1
Disjoncteur Depart HTA,1200,1146.96,210.9,0
Cellule d Arrivee MT,1500,1322.16,209.5,0
Armoire de Distribution Publique,150,146.2,206.8,1
Armoire de Distribution Publique,150,128.6,171.4,1
Transformateur 400 kVA,320,226.43,221.5,0
Transformateur 100 kVA,80,80.54,217.3,0
Transformateur 400 kVA,320,326.56,220.8,0
Cellule d Arrivee MT,1500,1302.52,179.2,1
Disjoncteur Depart HTA,1200,1055.36,218.1,0
Disjoncteur Depart HTA,1200,950.53,191.2,0
Transformateur 100 kVA,80,88.64,186.1,1
Armoire de Distribution Publique,150,102.46,206.5,0
Transformateur 400 kVA,320,277.12,182.6,1
Disjoncteur Depart HTA,1200,776.08,186.0,1
Cellule d Arrivee MT,1500,973.62,187.5,1
Transformateur 250 kVA,200,147.17,224.0,0
Transformateur 630 kVA,500,427.99,217.5,0
Transformateur 630 kVA,500,581.72,192.6,1
Transformateur 630 kVA,500,460.64,213.7,0
Armoire de Distribution Publique,150,185.4,217.0,1
Transformateur 400 kVA,320,336.5,182.4,1
Transformateur 100 kVA,80,86.21,189.3,1
Disjoncteur Depart HTA,1200,867.33,223.8,0
Transformateur 250 kVA,200,129.84,183.9,0
Cellule d Arrivee MT,1500,818.89,224.6,0
Transformateur 250 kVA,200,252.94,202.5,1
Cellule d Arrivee MT,1500,1308.09,199.6,0
Armoire de Distribution Publique,150,113.68,198.9,0
Transformateur 400 kVA,320,369.92,205.8,1
Transformateur 630 kVA,500,421.62,179.4,1
Transformateur 400 kVA,320,270.14,211.1,0
Armoire de Distribution Publique,150,118.51,218.0,1
Transformateur 100 kVA,80,95.82,184.0,1
Transformateur 100 kVA,80,87.2,225.8,0
Armoire de Distribution Publique,150,155.57,199.0,1
Cellule d Arrivee MT,1500,1329.45,213.1,0
Disjoncteur Depart HTA,1200,1295.71,222.2,0
Disjoncteur Depart HTA,1200,1466.64,186.5,1
Cellule d Arrivee MT,1500,1582.09,187.8,1
Transformateur 100 kVA,80,102.6,216.3,1
Transformateur 100 kVA,80,98.24,208.8,1
Transformateur 100 kVA,80,84.09,217.1,0
Transformateur 400 kVA,320,264.58,175.4,1
Transformateur 100 kVA,80,87.64,188.3,1
Transformateur 250 kVA,200,193.81,173.9,1
Transformateur 630 kVA,500,557.77,211.8,1
Transformateur 100 kVA,80,95.26,208.0,1
Cellule d Arrivee MT,1500,1466.32,177.3,1
Transformateur 630 kVA,500,521.3,207.2,1
Transformateur 400 kVA,320,333.06,183.4,1
Cellule d Arrivee MT,1500,1421.6,181.2,1
Transformateur 630 kVA,500,603.52,176.1,1
Cellule d Arrivee MT,1500,1531.55,170.8,1
Transformateur 400 kVA,320,241.83,221.3,0
Transformateur 250 kVA,200,167.97,187.3,1
Transformateur 400 kVA,320,278.82,212.6,0
Transformateur 400 kVA,320,320.07,205.6,0
Cellule d Arrivee MT,1500,1218.27,206.3,0
Armoire de Distribution Publique,150,144.29,181.1,1
Disjoncteur Depart HTA,1200,1018.41,211.8,0
Transformateur 100 kVA,80,74.51,222.1,0
Transformateur 100 kVA,80,69.59,195.1,0
Transformateur 250 kVA,200,165.24,214.9,0
Transformateur 250 kVA,200,173.38,213.4,0
Transformateur 100 kVA,80,61.84,184.4,1
Disjoncteur Depart HTA,1200,1242.83,172.7,1
Transformateur 100 kVA,80,62.3,212.2,0
Armoire de Distribution Publique,150,92.88,172.6,1
Disjoncteur Depart HTA,1200,1179.98,208.1,0
Transformateur 250 kVA,200,138.69,220.7,0
Transformateur 630 kVA,500,447.88,209.5,0
Cellule d Arrivee MT,1500,1229.06,172.9,1
Armoire de Distribution Publique,150,205.0,198.9,1
Armoire de Distribution Publique,150,139.37,190.0,1
Transformateur 250 kVA,200,236.2,177.4,1
Transformateur 250 kVA,200,199.5,199.7,0
Transformateur 400 kVA,320,399.43,212.1,0
Armoire de Distribution Publique,150,147.21,184.8,1
Transformateur 400 kVA,320,277.92,192.2,1
Transformateur 400 kVA,320,415.64,219.6,1
Cellule d Arrivee MT,1500,1605.48,225.3,0
Transformateur 400 kVA,320,157.41,185.9,0
Disjoncteur Depart HTA,1200,1108.19,178.0,1
Transformateur 100 kVA,80,72.34,199.5,0
Transformateur 630 kVA,500,313.59,214.6,0
Transformateur 250 kVA,200,165.58,174.3,1
Disjoncteur Depart HTA,1200,658.9,226.1,0
Transformateur 630 kVA,500,582.76,194.2,1
Armoire de Distribution Publique,150,142.46,181.4,1
Armoire de Distribution Publique,150,96.54,170.8,1
Armoire de Distribution Publique,150,111.64,182.2,1
Disjoncteur Depart HTA,1200,998.03,186.5,1
Disjoncteur Depart HTA,1200,1085.38,214.8,0
Transformateur 250 kVA,200,219.86,214.3,1
Transformateur 100 kVA,80,110.13,202.0,1
Transformateur 400 kVA,320,266.76,208.5,0
Armoire de Distribution Publique,150,83.87,219.9,0
Cellule d Arrivee MT,1500,1917.04,226.5,1
Transformateur 100 kVA,80,69.44,181.7,1
Cellule d Arrivee MT,1500,1621.04,202.1,1
Transformateur 250 kVA,200,155.39,181.3,1
Transformateur 250 kVA,200,208.28,223.0,0
Transformateur 250 kVA,200,192.66,190.7,1
Transformateur 630 kVA,500,630.05,211.4,1
Cellule d Arrivee MT,1500,1257.72,202.9,0
Transformateur 100 kVA,80,88.84,218.5,1
Transformateur 100 kVA,80,68.53,213.9,0
Disjoncteur Depart HTA,1200,1385.0,206.6,1
Disjoncteur Depart HTA,1200,1162.99,213.1,1
Armoire de Distribution Publique,150,165.48,210.0,1
Disjoncteur Depart HTA,1200,1109.91,200.7,0
Transformateur 250 kVA,200,210.64,205.8,0
Transformateur 100 kVA,80,69.26,207.6,0
Cellule d Arrivee MT,1500,1436.03,201.7,0
Transformateur 250 kVA,200,278.97,222.9,0
Transformateur 630 kVA,500,375.4,215.9,0
Disjoncteur Depart HTA,1200,829.57,201.7,0
Transformateur 250 kVA,200,188.05,183.5,1
Transformateur 250 kVA,200,203.61,178.0,1
Transformateur 630 kVA,500,641.78,214.1,1
Transformateur 400 kVA,320,351.79,171.0,1
Transformateur 100 kVA,80,90.67,225.6,0
Cellule d Arrivee MT,1500,1323.8,198.4,0
Armoire de Distribution Publique,150,194.85,185.8,1
Transformateur 400 kVA,320,259.92,206.9,0
Disjoncteur Depart HTA,1200,993.53,222.8,0
Transformateur 250 kVA,200,127.68,173.9,0
Transformateur 630 kVA,500,467.85,174.0,1
Transformateur 630 kVA,500,467.57,182.6,1
Transformateur 100 kVA,80,76.31,224.1,0
Transformateur 400 kVA,320,186.83,191.1,0
Armoire de Distribution Publique,150,185.48,217.4,1
Transformateur 100 kVA,80,64.3,221.3,0
Transformateur 250 kVA,200,114.39,203.7,0
Transformateur 100 kVA,80,82.4,209.9,1
Cellule d Arrivee MT,1500,1639.85,211.8,1
Transformateur 630 kVA,500,486.71,226.4,0
Transformateur 630 kVA,500,374.36,202.6,1
Disjoncteur Depart HTA,1200,789.76,178.8,1
Disjoncteur Depart HTA,1200,1256.79,176.5,1
Armoire de Distribution Publique,150,163.19,206.5,1
Transformateur 250 kVA,200,154.7,221.4,0
Cellule d Arrivee MT,1500,1486.54,196.9,1
Transformateur 400 kVA,320,237.17,214.3,0
Transformateur 100 kVA,80,93.45,179.0,1
Armoire de Distribution Publique,150,163.9,180.0,1
Transformateur 250 kVA,200,192.43,214.2,0
Disjoncteur Depart HTA,1200,1291.08,182.4,1
Transformateur 100 kVA,80,79.89,224.7,0
Disjoncteur Depart HTA,1200,1091.85,202.6,1
Transformateur 100 kVA,80,81.01,206.7,0
Transformateur 400 kVA,320,299.06,211.1,0
Transformateur 250 kVA,200,177.3,210.6,1
Transformateur 100 kVA,80,56.81,180.5,0
Cellule d Arrivee MT,1500,1400.78,188.2,1
Armoire de Distribution Publique,150,111.0,185.7,0
Transformateur 630 kVA,500,555.78,204.8,1
Cellule d Arrivee MT,1500,1317.56,193.1,1
Cellule d Arrivee MT,1500,1613.56,217.2,0
Armoire de Distribution Publique,150,199.49,195.7,1
Transformateur 630 kVA,500,587.19,188.1,1
Cellule d Arrivee MT,1500,1204.91,218.6,0
Transformateur 100 kVA,80,55.57,192.5,1
Transformateur 100 kVA,80,69.99,204.1,0
Transformateur 100 kVA,80,79.54,187.0,0
Transformateur 630 kVA,500,328.45,189.4,0
Cellule d Arrivee MT,1500,1401.02,216.2,0
Transformateur 630 kVA,500,405.32,198.6,0
Transformateur 100 kVA,80,99.15,212.2,1
Armoire de Distribution Publique,150,188.93,173.8,1
Cellule d Arrivee MT,1500,1457.02,203.2,1
Cellule d Arrivee MT,1500,872.77,223.5,0
Disjoncteur Depart HTA,1200,715.81,198.7,0
Disjoncteur Depart HTA,1200,1420.69,178.3,1
Transformateur 400 kVA,320,326.44,218.4,0
Transformateur 250 kVA,200,150.04,178.6,0
Disjoncteur Depart HTA,1200,948.52,188.7,1
Transformateur 630 kVA,500,418.97,170.1,1
Disjoncteur Depart HTA,1200,1429.31,213.8,1
Transformateur 400 kVA,320,433.84,190.1,1
Cellule d Arrivee MT,1500,1563.45,180.7,1
Transformateur 400 kVA,320,231.79,170.4,1
Cellule d Arrivee MT,1500,1272.0,174.6,1
Armoire de Distribution Publique,150,143.19,218.7,0
Armoire de Distribution Publique,150,145.18,201.7,1
Cellule d Arrivee MT,1500,1215.97,184.4,0
Transformateur 250 kVA,200,144.42,218.1,0
Disjoncteur Depart HTA,1200,748.77,171.6,1
Transformateur 630 kVA,500,309.19,202.5,0
Transformateur 630 kVA,500,459.07,225.4,0
Transformateur 100 kVA,80,90.03,185.1,1
Cellule d Arrivee MT,1500,1018.98,209.1,0
Transformateur 630 kVA,500,566.35,179.4,1
Transformateur 250 kVA,200,200.43,210.4,0
Cellule d Arrivee MT,1500,1490.95,203.6,1
Transformateur 250 kVA,200,118.22,220.8,0
Transformateur 630 kVA,500,270.49,173.1,1
Transformateur 630 kVA,500,336.2,221.3,0
Transformateur 100 kVA,80,93.71,217.3,1
Transformateur 630 kVA,500,431.04,171.9,1
Cellule d Arrivee MT,1500,1772.41,222.4,0
Armoire de Distribution Publique,150,107.6,217.0,0
Cellule d Arrivee MT,1500,1514.64,219.1,1
Cellule d Arrivee MT,1500,2017.04,221.7,0
Transformateur 100 kVA,80,72.68,218.1,1
Transformateur 100 kVA,80,69.78,183.4,1
Transformateur 630 kVA,500,429.78,179.3,1
Transformateur 400 kVA,320,295.67,179.9,1
Transformateur 400 kVA,320,336.49,197.6,1
Transformateur 100 kVA,80,66.93,183.3,1
Transformateur 630 kVA,500,458.97,221.0,0
Transformateur 400 kVA,320,315.07,211.4,0
Transformateur 630 kVA,500,612.74,189.5,1
Transformateur 630 kVA,500,518.4,212.4,0
Transformateur 630 kVA,500,409.32,222.1,0
Disjoncteur Depart HTA,1200,1380.42,202.7,1
Cellule d Arrivee MT,1500,1634.23,175.7,1
Transformateur 630 kVA,500,485.93,172.6,1
Disjoncteur Depart HTA,1200,1294.12,184.1,1
Transformateur 100 kVA,80,76.29,202.1,0
Transformateur 400 kVA,320,343.52,200.4,0
Cellule d Arrivee MT,1500,1179.95,205.0,0
Armoire de Distribution Publique,150,74.18,194.0,0
Transformateur 400 kVA,320,315.79,171.6,1
Cellule d Arrivee MT,1500,1788.0,222.0,1
Armoire de Distribution Publique,150,152.24,218.6,0
Transformateur 400 kVA,320,314.7,194.6,1
Cellule d Arrivee MT,1500,1486.09,219.9,0
Transformateur 400 kVA,320,373.13,219.9,0
Transformateur 400 kVA,320,354.97,193.3,1
Armoire de Distribution Publique,150,141.86,180.9,1
Transformateur 400 kVA,320,307.66,193.8,1
Transformateur 400 kVA,320,330.45,177.0,1
Armoire de Distribution Publique,150,167.99,195.9,1
Transformateur 100 kVA,80,72.3,187.3,1
Transformateur 630 kVA,500,424.62,199.6,0
Transformateur 250 kVA,200,176.92,198.7,0
Disjoncteur Depart HTA,1200,1124.61,203.4,1
Transformateur 250 kVA,200,202.81,222.2,0
Transformateur 250 kVA,200,161.02,200.7,0
Cellule d Arrivee MT,1500,1364.43,201.6,1
Transformateur 630 kVA,500,503.82,187.5,1
Cellule d Arrivee MT,1500,1079.34,183.8,0
Transformateur 630 kVA,500,401.25,170.7,1
Armoire de Distribution Publique,150,142.81,210.6,0
Armoire de Distribution Publique,150,131.25,190.4,0
Transformateur 630 kVA,500,438.51,196.3,1
Transformateur 400 kVA,320,313.2,189.8,1
Transformateur 100 kVA,80,53.64,225.7,0
Transformateur 400 kVA,320,398.91,217.3,0
Transformateur 100 kVA,80,56.24,225.8,0
Cellule d Arrivee MT,1500,1013.44,205.1,0
Transformateur 100 kVA,80,73.17,197.6,0
Cellule d Arrivee MT,1500,1245.38,217.5,0
Armoire de Distribution Publique,150,159.38,176.6,1
Transformateur 250 kVA,200,211.23,174.9,1
Armoire de Distribution Publique,150,84.48,222.6,0
Armoire de Distribution Publique,150,135.03,187.2,1
Transformateur 250 kVA,200,246.06,180.4,1
Transformateur 100 kVA,80,63.26,187.0,0
Transformateur 100 kVA,80,108.27,211.7,1
Cellule d Arrivee MT,1500,1727.9,191.0,1
Transformateur 400 kVA,320,373.64,211.9,1
Cellule d Arrivee MT,1500,1238.79,173.1,1
Transformateur 400 kVA,320,224.45,223.1,0
Armoire de Distribution Publique,150,123.59,204.5,0
Transformateur 250 kVA,200,169.21,190.9,1
Armoire de Distribution Publique,150,180.59,189.1,1
Transformateur 630 kVA,500,465.35,198.1,0
Transformateur 100 kVA,80,71.9,185.3,1
Transformateur 400 kVA,320,412.17,173.3,1
Cellule d Arrivee MT,1500,1343.28,200.5,1
Transformateur 250 kVA,200,212.02,203.2,1
Transformateur 400 kVA,320,283.63,201.6,1
Cellule d Arrivee MT,1500,1474.55,175.4,1
Transformateur 100 kVA,80,74.85,185.4,0
Armoire de Distribution Publique,150,128.04,173.1,1
Transformateur 100 kVA,80,78.63,225.4,0
Disjoncteur Depart HTA,1200,1070.46,183.9,1
Transformateur 630 kVA,500,507.64,202.8,1
Disjoncteur Depart HTA,1200,1439.75,187.2,1
Transformateur 250 kVA,200,213.96,194.2,1
Transformateur 400 kVA,320,397.83,202.5,0
Transformateur 250 kVA,200,206.83,182.1,1
Armoire de Distribution Publique,150,185.53,216.9,1
Cellule d Arrivee MT,1500,1239.03,184.4,1
Transformateur 100 kVA,80,77.65,180.4,1
Disjoncteur Depart HTA,1200,1512.27,224.6,1
Disjoncteur Depart HTA,1200,1288.52,185.4,1
Armoire de Distribution Publique,150,118.83,209.0,0
Disjoncteur Depart HTA,1200,1208.43,225.0,0
Armoire de Distribution Publique,150,138.99,172.5,1
Transformateur 250 kVA,200,198.52,177.0,1
Transformateur 100 kVA,80,60.42,176.9,1
Transformateur 400 kVA,320,325.36,182.5,1
Cellule d Arrivee MT,1500,1472.4,194.1,1
Transformateur 400 kVA,320,357.96,189.8,1
Transformateur 250 kVA,200,228.42,177.5,1
Cellule d Arrivee MT,1500,1011.75,208.4,0
Disjoncteur Depart HTA,1200,631.06,185.2,0
Transformateur 630 kVA,500,441.52,199.5,1
Transformateur 250 kVA,200,214.24,214.0,1
Transformateur 250 kVA,200,167.49,182.8,1
Transformateur 100 kVA,80,56.19,215.4,0
Transformateur 400 kVA,320,239.23,210.2,0
Transformateur 250 kVA,200,277.97,224.5,0
Transformateur 250 kVA,200,229.47,171.2,1
Disjoncteur Depart HTA,1200,1113.65,195.3,1
Disjoncteur Depart HTA,1200,818.47,177.4,0
Cellule d Arrivee MT,1500,1326.43,213.7,1
Armoire de Distribution Publique,150,180.7,187.8,1
Armoire de Distribution Publique,150,121.21,187.4,0
Transformateur 630 kVA,500,542.54,212.6,1
Armoire de Distribution Publique,150,145.43,175.0,1
Transformateur 100 kVA,80,76.9,211.8,0
Transformateur 630 kVA,500,373.77,190.2,1
Cellule d Arrivee MT,1500,1409.6,175.5,1
Disjoncteur Depart HTA,1200,1241.38,173.9,1
Armoire de Distribution Publique,150,185.14,181.8,1
Transformateur 400 kVA,320,215.85,224.5,0
Disjoncteur Depart HTA,1200,1039.3,186.3,1
Transformateur 100 kVA,80,72.12,219.1,0
Disjoncteur Depart HTA,1200,1422.07,209.4,0
Transformateur 100 kVA,80,73.41,204.3,1
Transformateur 100 kVA,80,46.93,191.8,0
Transformateur 100 kVA,80,89.44,183.0,1
Cellule d Arrivee MT,1500,1210.67,170.0,1
Transformateur 100 kVA,80,81.72,205.5,0
Transformateur 100 kVA,80,77.76,170.1,1
Transformateur 400 kVA,320,266.69,204.1,0
Transformateur 630 kVA,500,585.88,174.1,1
Transformateur 250 kVA,200,185.01,202.4,0
Transformateur 630 kVA,500,400.29,199.4,1
Transformateur 100 kVA,80,76.07,205.1,1
Transformateur 400 kVA,320,253.89,174.4,1
Disjoncteur Depart HTA,1200,1258.06,172.2,1
Transformateur 400 kVA,320,296.31,211.5,1
Transformateur 100 kVA,80,116.28,183.5,1
Transformateur 400 kVA,320,204.4,195.7,1
Armoire de Distribution Publique,150,159.13,188.9,1
Transformateur 400 kVA,320,362.99,206.9,1
Transformateur 100 kVA,80,75.04,181.5,1
Cellule d Arrivee MT,1500,1522.92,204.1,0
Armoire de Distribution Publique,150,165.48,177.6,1
Transformateur 400 kVA,320,364.25,224.7,1
Transformateur 250 kVA,200,193.57,221.0,0
Transformateur 250 kVA,200,229.48,202.6,1
Transformateur 400 kVA,320,287.97,177.2,1
Cellule d Arrivee MT,1500,1249.53,187.8,1
Disjoncteur Depart HTA,1200,1012.9,205.9,0
Transformateur 100 kVA,80,92.58,186.7,1
Transformateur 250 kVA,200,232.08,204.4,0
Disjoncteur Depart HTA,1200,1274.2,219.8,0
Transformateur 400 kVA,320,342.85,195.6,1
Disjoncteur Depart HTA,1200,1286.89,212.0,0
Armoire de Distribution Publique,150,142.27,182.8,1
Transformateur 630 kVA,500,397.07,188.9,0
Transformateur 250 kVA,200,206.87,173.2,1
Transformateur 400 kVA,320,256.8,213.2,0
Transformateur 100 kVA,80,67.0,226.3,0
Cellule d Arrivee MT,1500,931.85,193.8,0
Armoire de Distribution Publique,150,112.77,190.9,0
Transformateur 400 kVA,320,360.54,191.4,1
Transformateur 100 kVA,80,81.11,194.3,1
Cellule d Arrivee MT,1500,1454.17,186.9,1
Cellule d Arrivee MT,1500,1496.34,212.5,0
Transformateur 400 kVA,320,400.41,181.7,1
Armoire de Distribution Publique,150,165.53,204.5,1
Disjoncteur Depart HTA,1200,1157.54,221.0,0
Disjoncteur Depart HTA,1200,962.33,204.4,0
Cellule d Arrivee MT,1500,1643.33,195.5,1
Disjoncteur Depart HTA,1200,1248.1,201.0,1
Transformateur 630 kVA,500,609.87,180.2,1
Cellule d Arrivee MT,1500,972.36,170.1,1
Cellule d Arrivee MT,1500,1804.98,190.6,1
Transformateur 100 kVA,80,79.77,207.9,0
Disjoncteur Depart HTA,1200,692.58,173.6,0
Armoire de Distribution Publique,150,108.89,215.8,0
Cellule d Arrivee MT,1500,1942.58,191.2,1
Armoire de Distribution Publique,150,156.47,211.1,0
Transformateur 630 kVA,500,425.61,225.4,0
Transformateur 100 kVA,80,73.21,179.2,1
Transformateur 400 kVA,320,317.57,183.3,1
Armoire de Distribution Publique,150,153.14,185.6,1
Cellule d Arrivee MT,1500,1873.17,197.2,1
Transformateur 630 kVA,500,251.32,181.6,0
Transformateur 250 kVA,200,189.74,210.1,0
Transformateur 630 kVA,500,581.31,204.3,0
Transformateur 630 kVA,500,601.71,206.6,1
Transformateur 100 kVA,80,72.98,201.8,0
Transformateur 400 kVA,320,298.95,176.6,1
Transformateur 250 kVA,200,196.63,170.8,1
Disjoncteur Depart HTA,1200,989.74,219.7,0
Disjoncteur Depart HTA,1200,1021.57,215.4,0
Armoire de Distribution Publique,150,106.78,170.8,1
Transformateur 630 kVA,500,527.15,213.8,1
Transformateur 100 kVA,80,96.3,204.0,1
Transformateur 100 kVA,80,70.1,215.5,0
Disjoncteur Depart HTA,1200,1445.97,199.3,1
Armoire de Distribution Publique,150,164.16,173.0,1
Armoire de Distribution Publique,150,117.47,196.4,0
Armoire de Distribution Publique,150,151.66,216.1,0
Transformateur 250 kVA,200,131.77,172.4,1
Transformateur 400 kVA,320,261.32,210.3,0
Transformateur 250 kVA,200,191.24,206.8,0
Cellule d Arrivee MT,1500,1106.93,178.0,1
Cellule d Arrivee MT,1500,1463.09,182.2,1
Transformateur 400 kVA,320,172.52,182.1,0
Disjoncteur Depart HTA,1200,1087.44,199.8,1
Transformateur 400 kVA,320,242.63,191.6,1
Transformateur 100 kVA,80,84.23,209.8,0
Cellule d Arrivee MT,1500,1318.26,194.2,0
Transformateur 630 kVA,500,335.17,195.7,0
Transformateur 630 kVA,500,381.35,216.6,0
Disjoncteur Depart HTA,1200,838.92,175.3,1
Transformateur 100 kVA,80,79.77,202.8,1
Transformateur 250 kVA,200,224.89,173.9,0
Transformateur 100 kVA,80,63.54,170.3,1
Transformateur 630 kVA,500,406.37,178.0,0
Transformateur 630 kVA,500,430.17,225.7,0
Cellule d Arrivee MT,1500,1725.61,189.8,1
Transformateur 100 kVA,80,96.55,197.5,1
Transformateur 100 kVA,80,73.04,186.0,1
Transformateur 630 kVA,500,369.34,216.5,0
Transformateur 250 kVA,200,159.22,225.6,0
Disjoncteur Depart HTA,1200,716.46,216.1,0
Armoire de Distribution Publique,150,147.37,198.7,1
Disjoncteur Depart HTA,1200,1036.55,220.6,0
Transformateur 100 kVA,80,80.75,172.6,1
Disjoncteur Depart HTA,1200,1256.36,217.9,0
Transformateur 630 kVA,500,470.83,222.8,0
Transformateur 630 kVA,500,350.98,189.5,0
Transformateur 100 kVA,80,52.74,225.0,0
Transformateur 100 kVA,80,89.64,214.2,0
Armoire de Distribution Publique,150,75.7,181.3,0
Armoire de Distribution Publique,150,204.83,172.8,1
Cellule d Arrivee MT,1500,1475.09,223.4,0
Transformateur 100 kVA,80,107.24,214.0,1
Transformateur 250 kVA,200,202.19,218.8,0
Disjoncteur Depart HTA,1200,1373.26,174.0,1
Transformateur 100 kVA,80,57.94,176.7,1
Transformateur 400 kVA,320,367.55,195.2,1
Cellule d Arrivee MT,1500,1441.95,198.3,1
Transformateur 400 kVA,320,270.06,216.3,0
Transformateur 630 kVA,500,490.52,218.4,0
Armoire de Distribution Publique,150,140.83,178.8,1
Disjoncteur Depart HTA,1200,1004.34,199.9,1
Transformateur 100 kVA,80,57.22,174.0,0
Transformateur 400 kVA,320,290.52,220.9,1
Disjoncteur Depart HTA,1200,885.52,170.0,1
Transformateur 630 kVA,500,396.51,187.6,0
Armoire de Distribution Publique,150,126.51,205.6,0
Transformateur 250 kVA,200,188.55,191.2,1
Cellule d Arrivee MT,1500,1760.22,214.1,1
Disjoncteur Depart HTA,1200,1664.72,185.2,1
Disjoncteur Depart HTA,1200,754.15,212.5,0
Transformateur 250 kVA,200,196.07,172.2,1
Disjoncteur Depart HTA,1200,1251.15,224.8,1
Transformateur 630 kVA,500,466.73,203.6,0
Transformateur 630 kVA,500,408.67,182.3,1
Transformateur 250 kVA,200,211.18,185.8,1
Cellule d Arrivee MT,1500,1670.87,214.0,0
Transformateur 100 kVA,80,77.01,182.6,1
Transformateur 400 kVA,320,451.43,193.9,1
Transformateur 100 kVA,80,80.75,189.9,1
Disjoncteur Depart HTA,1200,1319.54,212.6,1
Transformateur 400 kVA,320,308.68,193.4,1
Transformateur 250 kVA,200,190.39,181.8,1
Transformateur 250 kVA,200,145.56,185.9,0
Cellule d Arrivee MT,1500,1744.49,211.3,1
Transformateur 400 kVA,320,308.27,183.0,1
Transformateur 630 kVA,500,485.31,170.2,1
Transformateur 400 kVA,320,232.74,196.3,0
Disjoncteur Depart HTA,1200,1195.53,181.1,1
Transformateur 630 kVA,500,447.05,223.3,0
Armoire de Distribution Publique,150,168.86,173.7,1
Armoire de Distribution Publique,150,135.97,226.7,0
Armoire de Distribution Publique,150,125.93,224.7,0
Transformateur 250 kVA,200,123.83,197.3,0
Transformateur 400 kVA,320,315.2,208.8,0
Armoire de Distribution Publique,150,107.01,208.0,0
Transformateur 100 kVA,80,75.29,173.1,1
Cellule d Arrivee MT,1500,1129.31,215.5,0
Transformateur 100 kVA,80,84.88,203.0,1
Armoire de Distribution Publique,150,134.02,201.0,0
Cellule d Arrivee MT,1500,1829.02,214.8,1
Disjoncteur Depart HTA,1200,1019.94,181.6,1
Transformateur 100 kVA,80,60.63,191.9,0
Transformateur 400 kVA,320,264.18,183.6,1
Transformateur 400 kVA,320,271.31,215.1,0
Transformateur 100 kVA,80,60.95,206.4,0
Armoire de Distribution Publique,150,158.29,175.1,1
Transformateur 400 kVA,320,387.16,170.0,1
Disjoncteur Depart HTA,1200,949.89,201.4,0
Transformateur 630 kVA,500,471.46,198.8,1
Armoire de Distribution Publique,150,167.05,187.6,1
Disjoncteur Depart HTA,1200,767.79,173.7,0
Cellule d Arrivee MT,1500,1683.19,199.8,1
Disjoncteur Depart HTA,1200,1201.98,207.4,1
Armoire de Distribution Publique,150,146.2,192.8,1
Cellule d Arrivee MT,1500,898.34,171.0,0
Armoire de Distribution Publique,150,90.91,174.0,0
Transformateur 400 kVA,320,209.59,213.5,0
Transformateur 630 kVA,500,468.64,199.9,0
Armoire de Distribution Publique,150,150.08,202.7,0
Armoire de Distribution Publique,150,184.16,219.8,0
Transformateur 400 kVA,320,281.0,185.9,1
Transformateur 250 kVA,200,160.18,188.0,1
Transformateur 400 kVA,320,401.52,180.5,1
Cellule d Arrivee MT,1500,1400.97,226.1,0
Transformateur 400 kVA,320,334.65,190.1,1
Transformateur 400 kVA,320,197.55,196.8,0
Transformateur 630 kVA,500,557.82,200.7,1
Transformateur 400 kVA,320,384.98,173.6,1
Armoire de Distribution Publique,150,120.29,186.2,1
Transformateur 630 kVA,500,671.54,200.4,1
Transformateur 100 kVA,80,67.71,188.6,1
Transformateur 250 kVA,200,131.07,195.1,0
Transformateur 630 kVA,500,419.22,197.3,1
Cellule d Arrivee MT,1500,1493.71,213.1,0
Transformateur 100 kVA,80,71.88,191.1,1
Transformateur 630 kVA,500,557.61,185.5,1
Transformateur 630 kVA,500,481.48,226.0,0
Transformateur 250 kVA,200,204.2,212.6,0
Armoire de Distribution Publique,150,147.35,211.6,0
Cellule d Arrivee MT,1500,1739.03,178.6,1
Disjoncteur Depart HTA,1200,628.06,215.5,0
Disjoncteur Depart HTA,1200,1084.21,222.7,0
Transformateur 630 kVA,500,462.36,201.1,1
Transformateur 400 kVA,320,279.42,216.5,0
Cellule d Arrivee MT,1500,1441.93,186.3,1
Transformateur 100 kVA,80,66.95,224.7,0
Transformateur 400 kVA,320,281.32,179.3,1
Transformateur 400 kVA,320,267.67,221.7,0
Cellule d Arrivee MT,1500,1866.88,203.9,1
Armoire de Distribution Publique,150,85.89,191.6,0
Transformateur 630 kVA,500,446.91,202.5,1
Transformateur 630 kVA,500,622.61,176.6,1
Transformateur 630 kVA,500,512.59,211.7,0
Transformateur 630 kVA,500,550.63,221.8,0
Disjoncteur Depart HTA,1200,641.93,221.7,0
Transformateur 630 kVA,500,530.82,170.4,1
Disjoncteur Depart HTA,1200,1082.17,200.9,1
Disjoncteur Depart HTA,1200,1371.29,220.6,0
Armoire de Distribution Publique,150,110.18,181.5,1
Transformateur 630 kVA,500,493.06,205.0,1
Transformateur 250 kVA,200,234.6,173.2,1
Transformateur 100 kVA,80,67.26,206.2,0
Transformateur 400 kVA,320,311.08,202.7,0
Disjoncteur Depart HTA,1200,975.37,192.6,1
Cellule d Arrivee MT,1500,1954.68,224.8,1
Cellule d Arrivee MT,1500,1529.33,176.4,1
Transformateur 100 kVA,80,52.78,190.4,0
Cellule d Arrivee MT,1500,1541.12,220.8,0
Transformateur 250 kVA,200,177.11,216.5,0
Cellule d Arrivee MT,1500,1244.47,214.9,0
Transformateur 400 kVA,320,220.54,172.8,1
Transformateur 400 kVA,320,247.36,184.7,1
Disjoncteur Depart HTA,1200,1296.7,179.0,1
Transformateur 630 kVA,500,458.26,175.2,1
Armoire de Distribution Publique,150,120.81,219.4,0
Transformateur 250 kVA,200,139.96,176.1,1
Disjoncteur Depart HTA,1200,777.23,221.9,0
Transformateur 250 kVA,200,210.74,173.0,1
Transformateur 630 kVA,500,587.73,178.5,1
Cellule d Arrivee MT,1500,1549.51,172.6,1
Cellule d Arrivee MT,1500,1233.79,203.4,1
Armoire de Distribution Publique,150,198.08,212.1,1
Transformateur 630 kVA,500,614.71,214.8,1
Disjoncteur Depart HTA,1200,1113.27,184.0,1
Armoire de Distribution Publique,150,123.46,208.0,0
Transformateur 630 kVA,500,432.77,212.5,0
Transformateur 100 kVA,80,56.31,208.3,0
Transformateur 400 kVA,320,198.29,224.6,0
Armoire de Distribution Publique,150,126.56,182.7,1
Armoire de Distribution Publique,150,118.23,225.7,0
Disjoncteur Depart HTA,1200,1519.1,205.5,1
Transformateur 250 kVA,200,129.26,202.8,0
Transformateur 100 kVA,80,51.42,226.7,0
Disjoncteur Depart HTA,1200,1034.99,178.0,1
Transformateur 630 kVA,500,619.22,174.1,1
Transformateur 630 kVA,500,629.05,180.2,1
Transformateur 630 kVA,500,386.47,190.0,0
Transformateur 630 kVA,500,501.44,210.8,1
Transformateur 250 kVA,200,209.97,174.8,1
Transformateur 100 kVA,80,74.55,187.1,1
Cellule d Arrivee MT,1500,1446.22,185.8,1
Transformateur 400 kVA,320,368.99,179.8,1
Transformateur 250 kVA,200,214.03,226.8,0
Transformateur 250 kVA,200,213.46,195.9,1
Cellule d Arrivee MT,1500,1656.49,224.8,1
Cellule d Arrivee MT,1500,1890.34,189.3,1
Transformateur 400 kVA,320,245.99,190.9,0
Transformateur 400 kVA,320,286.52,211.4,0
Cellule d Arrivee MT,1500,1374.12,204.4,0
Transformateur 630 kVA,500,453.82,178.4,1
Transformateur 250 kVA,200,185.02,172.0,1
Disjoncteur Depart HTA,1200,834.49,208.5,0
Transformateur 400 kVA,320,198.16,186.3,1
Transformateur 400 kVA,320,262.88,197.7,0
Cellule d Arrivee MT,1500,1269.35,170.8,1
Transformateur 100 kVA,80,65.67,201.6,0
Disjoncteur Depart HTA,1200,963.91,221.9,0
Disjoncteur Depart HTA,1200,1327.59,219.6,1
Transformateur 400 kVA,320,388.54,207.8,0
Transformateur 630 kVA,500,432.47,179.4,1
Transformateur 100 kVA,80,72.21,208.6,0
Disjoncteur Depart HTA,1200,1392.24,215.2,1
Transformateur 400 kVA,320,182.95,174.0,0
Disjoncteur Depart HTA,1200,1539.21,208.1,1
Armoire de Distribution Publique,150,169.62,198.2,1
Transformateur 100 kVA,80,79.26,173.1,1
Transformateur 100 kVA,80,83.35,211.3,0
Armoire de Distribution Publique,150,131.52,203.7,0
Transformateur 250 kVA,200,222.9,204.6,1
Armoire de Distribution Publique,150,159.1,182.1,1
Cellule d Arrivee MT,1500,1548.91,201.7,1
Cellule d Arrivee MT,1500,1366.88,170.9,1
Transformateur 400 kVA,320,320.91,174.6,1
Transformateur 100 kVA,80,77.65,221.5,0
Transformateur 250 kVA,200,171.48,225.2,0
Transformateur 250 kVA,200,186.05,203.6,1
Disjoncteur Depart HTA,1200,1115.25,219.5,1
Disjoncteur Depart HTA,1200,646.45,182.0,0
Armoire de Distribution Publique,150,111.49,187.9,0
Transformateur 250 kVA,200,160.08,214.9,1
Armoire de Distribution Publique,150,110.66,210.0,0
Armoire de Distribution Publique,150,161.53,192.0,1
Disjoncteur Depart HTA,1200,1079.44,213.0,0
Transformateur 100 kVA,80,100.47,190.7,1
Armoire de Distribution Publique,150,116.89,219.3,0
Transformateur 630 kVA,500,541.29,180.7,1
Transformateur 100 kVA,80,66.19,187.4,1
Transformateur 250 kVA,200,171.71,209.3,0
Transformateur 250 kVA,200,220.4,210.3,1
Armoire de Distribution Publique,150,138.66,187.6,1
Transformateur 100 kVA,80,91.11,206.4,1
Disjoncteur Depart HTA,1200,896.39,214.0,0
Disjoncteur Depart HTA,1200,1021.1,220.7,0
Cellule d Arrivee MT,1500,1311.2,197.1,0
Transformateur 250 kVA,200,186.66,199.7,1
Transformateur 400 kVA,320,277.59,170.5,1
Cellule d Arrivee MT,1500,1179.01,172.1,1
Disjoncteur Depart HTA,1200,1018.21,208.3,0
Transformateur 100 kVA,80,84.45,199.3,1
Disjoncteur Depart HTA,1200,1203.65,192.7,1
Transformateur 100 kVA,80,72.5,176.9,1
Cellule d Arrivee MT,1500,1260.74,189.0,1
Transformateur 250 kVA,200,169.25,219.2,1
Disjoncteur Depart HTA,1200,1168.2,194.9,0
Armoire de Distribution Publique,150,112.66,190.8,0
Transformateur 100 kVA,80,65.52,175.0,1
Transformateur 250 kVA,200,260.31,182.1,1
Transformateur 400 kVA,320,282.39,192.5,1
Transformateur 100 kVA,80,75.01,198.3,1
Cellule d Arrivee MT,1500,1250.53,176.8,1
Transformateur 400 kVA,320,261.56,206.5,0
Transformateur 400 kVA,320,284.72,217.5,0
Transformateur 630 kVA,500,582.49,222.2,0
Disjoncteur Depart HTA,1200,1178.66,179.8,1
Transformateur 100 kVA,80,88.1,210.2,0
Transformateur 400 kVA,320,288.22,196.9,1
Transformateur 630 kVA,500,499.91,178.2,1
Cellule d Arrivee MT,1500,1064.25,223.7,0
Transformateur 250 kVA,200,143.47,195.5,0
Armoire de Distribution Publique,150,164.99,213.5,1
Armoire de Distribution Publique,150,149.35,213.9,0
Transformateur 100 kVA,80,82.26,211.5,1
Transformateur 400 kVA,320,362.52,214.5,1
Armoire de Distribution Publique,150,101.53,218.7,0
Disjoncteur Depart HTA,1200,1183.93,176.2,1
Armoire de Distribution Publique,150,186.95,179.1,1
Armoire de Distribution Publique,150,163.77,194.6,1
Armoire de Distribution Publique,150,133.0,201.4,1
Transformateur 630 kVA,500,496.21,175.6,1
Transformateur 400 kVA,320,250.62,185.4,0
Disjoncteur Depart HTA,1200,1502.14,185.0,1
Transformateur 400 kVA,320,381.0,175.5,1
Transformateur 100 kVA,80,70.84,225.6,0
Transformateur 100 kVA,80,68.61,195.5,0
Transformateur 100 kVA,80,76.79,189.3,1
Cellule d Arrivee MT,1500,1578.64,213.0,1
Armoire de Distribution Publique,150,160.51,220.7,0
Cellule d Arrivee MT,1500,977.42,189.7,0
Transformateur 630 kVA,500,436.33,216.1,0
Transformateur 100 kVA,80,60.1,202.5,0
Disjoncteur Depart HTA,1200,620.67,203.4,0
Transformateur 400 kVA,320,359.03,173.2,1
Armoire de Distribution Publique,150,107.78,209.5,0
Transformateur 250 kVA,200,173.01,192.0,1
Disjoncteur Depart HTA,1200,1139.38,170.6,1
Armoire de Distribution Publique,150,145.45,180.3,1
Cellule d Arrivee MT,1500,2036.56,176.0,1
Cellule d Arrivee MT,1500,1326.63,190.5,1
Disjoncteur Depart HTA,1200,1183.17,194.5,1
Cellule d Arrivee MT,1500,1384.65,179.6,1
Transformateur 100 kVA,80,73.9,180.9,1
Transformateur 630 kVA,500,541.76,171.7,1
Transformateur 400 kVA,320,239.03,226.6,0
Transformateur 630 kVA,500,338.14,196.6,0
Armoire de Distribution Publique,150,140.81,184.2,1
Transformateur 400 kVA,320,342.53,171.0,1
Transformateur 400 kVA,320,335.09,222.3,0
Transformateur 630 kVA,500,331.03,205.6,0
Disjoncteur Depart HTA,1200,1272.72,221.2,1
Transformateur 400 kVA,320,304.09,171.0,1
Transformateur 630 kVA,500,519.98,188.7,1
Transformateur 400 kVA,320,354.49,192.7,1
Transformateur 250 kVA,200,186.95,181.2,1
Disjoncteur Depart HTA,1200,1034.88,174.3,1
Transformateur 100 kVA,80,85.0,217.6,0
Transformateur 400 kVA,320,276.72,201.2,1
Transformateur 250 kVA,200,171.92,177.6,1
Transformateur 100 kVA,80,93.02,204.2,1
Transformateur 100 kVA,80,91.11,220.9,1
Armoire de Distribution Publique,150,147.34,176.2,1
Transformateur 400 kVA,320,236.74,177.1,0
Transformateur 630 kVA,500,266.08,221.9,0
Transformateur 400 kVA,320,370.77,180.5,1
Transformateur 250 kVA,200,177.21,195.6,1
Transformateur 100 kVA,80,88.62,218.1,1
Transformateur 400 kVA,320,240.51,202.1,0
Transformateur 630 kVA,500,472.45,216.7,0
Armoire de Distribution Publique,150,108.85,193.3,1
Transformateur 400 kVA,320,180.49,226.1,0
Disjoncteur Depart HTA,1200,886.75,198.4,0
Armoire de Distribution Publique,150,138.83,189.9,1
Transformateur 630 kVA,500,377.46,211.9,0
Transformateur 250 kVA,200,168.99,198.1,0
Transformateur 100 kVA,80,56.04,206.7,0
Transformateur 400 kVA,320,277.47,223.0,0
Transformateur 630 kVA,500,455.57,208.4,0
Armoire de Distribution Publique,150,142.95,209.9,1
Disjoncteur Depart HTA,1200,1293.71,181.0,1
Transformateur 630 kVA,500,515.0,177.9,1
Cellule d Arrivee MT,1500,1650.24,186.5,1
Disjoncteur Depart HTA,1200,956.6,203.5,0
Armoire de Distribution Publique,150,144.16,200.9,1
Transformateur 250 kVA,200,209.71,185.3,1
Transformateur 100 kVA,80,71.64,173.8,1
Armoire de Distribution Publique,150,185.07,196.1,1
Transformateur 250 kVA,200,234.64,219.2,0
Transformateur 400 kVA,320,342.45,176.2,1
Transformateur 630 kVA,500,434.8,219.5,0
Cellule d Arrivee MT,1500,1418.7,225.1,0
Disjoncteur Depart HTA,1200,1404.49,216.3,1
Disjoncteur Depart HTA,1200,989.82,198.3,0
Transformateur 630 kVA,500,465.19,200.8,0
Cellule d Arrivee MT,1500,1561.92,176.7,1
Transformateur 630 kVA,500,504.79,176.5,1
Transformateur 400 kVA,320,411.0,175.3,1
Transformateur 250 kVA,200,161.37,206.2,0
Armoire de Distribution Publique,150,162.98,197.7,1
Disjoncteur Depart HTA,1200,871.09,205.4,0
Transformateur 400 kVA,320,311.34,189.7,1
Transformateur 250 kVA,200,184.94,207.6,0
Transformateur 400 kVA,320,321.56,200.6,0
Cellule d Arrivee MT,1500,1627.38,195.6,1
Disjoncteur Depart HTA,1200,1279.31,203.3,1
Armoire de Distribution Publique,150,122.37,191.8,1
Transformateur 630 kVA,500,521.66,191.6,1
Transformateur 630 kVA,500,397.9,194.8,0
Transformateur 250 kVA,200,128.54,180.6,1
Armoire de Distribution Publique,150,172.13,201.6,1
Transformateur 100 kVA,80,73.48,220.8,0
Cellule d Arrivee MT,1500,1042.05,220.5,0
Transformateur 250 kVA,200,137.39,179.4,1
Transformateur 100 kVA,80,76.49,179.9,1
Transformateur 400 kVA,320,332.95,214.4,1
Cellule d Arrivee MT,1500,1168.46,178.1,1
Transformateur 400 kVA,320,285.44,174.9,1
Armoire de Distribution Publique,150,94.74,203.2,0
Disjoncteur Depart HTA,1200,1440.72,175.8,1
Cellule d Arrivee MT,1500,1037.02,219.2,0
Transformateur 100 kVA,80,68.03,202.7,1
Disjoncteur Depart HTA,1200,1136.69,180.0,1
Transformateur 630 kVA,500,453.14,217.1,0
Transformateur 100 kVA,80,55.36,225.3,0
Transformateur 250 kVA,200,259.85,205.3,1
Transformateur 630 kVA,500,426.7,205.8,0
Transformateur 630 kVA,500,530.85,192.5,1
Transformateur 250 kVA,200,152.88,210.6,0
Cellule d Arrivee MT,1500,1603.96,221.6,0
Transformateur 630 kVA,500,444.41,177.9,1
Armoire de Distribution Publique,150,143.53,215.2,0
Transformateur 100 kVA,80,62.35,171.6,1
Disjoncteur Depart HTA,1200,1168.91,192.6,1
Transformateur 630 kVA,500,528.81,226.8,0
Transformateur 100 kVA,80,65.27,182.4,1
Transformateur 400 kVA,320,210.36,193.7,0
Transformateur 100 kVA,80,72.36,202.5,0
Disjoncteur Depart HTA,1200,988.57,207.1,0
Transformateur 100 kVA,80,74.9,186.9,1
Transformateur 250 kVA,200,249.15,218.0,1
Disjoncteur Depart HTA,1200,1074.52,178.0,1
Cellule d Arrivee MT,1500,1264.7,178.6,1
Transformateur 400 kVA,320,230.32,204.5,0
Transformateur 250 kVA,200,167.9,217.0,0
Cellule d Arrivee MT,1500,1372.88,224.0,0
Transformateur 100 kVA,80,36.75,177.3,0
Disjoncteur Depart HTA,1200,1139.01,190.8,1
Transformateur 400 kVA,320,330.22,182.9,1
Transformateur 250 kVA,200,207.77,216.2,0
Cellule d Arrivee MT,1500,2079.99,183.2,1
Cellule d Arrivee MT,1500,1400.1,211.9,0
Transformateur 400 kVA,320,181.66,208.1,0
Armoire de Distribution Publique,150,136.64,178.1,0
Transformateur 100 kVA,80,68.04,180.3,1
Transformateur 400 kVA,320,349.11,193.7,1
Cellule d Arrivee MT,1500,1441.65,196.9,1
Transformateur 630 kVA,500,451.88,175.9,1
Transformateur 250 kVA,200,182.99,215.1,0
Transformateur 400 kVA,320,258.03,192.4,1
Armoire de Distribution Publique,150,160.4,208.2,1
Cellule d Arrivee MT,1500,1390.53,220.7,0
Transformateur 100 kVA,80,59.23,200.8,0
Cellule d Arrivee MT,1500,1135.75,223.9,0
Transformateur 100 kVA,80,76.23,193.2,0
Transformateur 400 kVA,320,314.26,211.0,1
Transformateur 100 kVA,80,57.98,197.5,0
Disjoncteur Depart HTA,1200,856.56,210.4,0
Disjoncteur Depart HTA,1200,780.78,223.0,0
Disjoncteur Depart HTA,1200,1244.42,172.4,1
Armoire de Distribution Publique,150,128.13,196.7,1
Armoire de Distribution Publique,150,154.14,200.3,0
Transformateur 630 kVA,500,396.95,181.0,1
Armoire de Distribution Publique,150,112.09,212.6,0
Transformateur 400 kVA,320,193.02,174.9,1
Cellule d Arrivee MT,1500,1432.54,197.4,1
Cellule d Arrivee MT,1500,909.06,203.0,0
Transformateur 630 kVA,500,475.41,192.5,1
Armoire de Distribution Publique,150,117.41,177.2,1
Transformateur 100 kVA,80,78.36,197.6,1
Transformateur 630 kVA,500,557.6,180.5,1
Transformateur 100 kVA,80,72.35,194.0,1
Transformateur 100 kVA,80,58.1,206.2,0
Transformateur 250 kVA,200,134.07,199.1,1
Cellule d Arrivee MT,1500,1215.72,218.6,0
Disjoncteur Depart HTA,1200,1380.17,226.1,0
Armoire de Distribution Publique,150,134.07,182.4,1
Transformateur 100 kVA,80,71.03,201.4,1
Transformateur 250 kVA,200,160.7,171.9,1
Cellule d Arrivee MT,1500,1607.57,191.8,1
Disjoncteur Depart HTA,1200,1080.34,183.2,1
Transformateur 100 kVA,80,46.15,174.3,1
Transformateur 100 kVA,80,51.01,220.4,0
Transformateur 630 kVA,500,617.53,200.8,1
Transformateur 630 kVA,500,359.01,223.2,0
Cellule d Arrivee MT,1500,1750.71,214.9,1
Disjoncteur Depart HTA,1200,1475.63,201.7,1
Transformateur 100 kVA,80,91.08,184.3,1
Cellule d Arrivee MT,1500,1990.72,178.2,1
Cellule d Arrivee MT,1500,1345.56,217.3,0
Transformateur 400 kVA,320,384.91,213.4,1
Armoire de Distribution Publique,150,129.37,173.0,1
Transformateur 630 kVA,500,414.9,220.0,0
Disjoncteur Depart HTA,1200,960.65,210.0,0
Transformateur 100 kVA,80,76.59,210.3,1
Cellule d Arrivee MT,1500,1182.01,203.2,0
Transformateur 100 kVA,80,83.15,221.7,0
Transformateur 400 kVA,320,246.18,206.2,0
Disjoncteur Depart HTA,1200,1159.53,221.5,0
Cellule d Arrivee MT,1500,1453.21,224.2,0
Transformateur 100 kVA,80,60.25,179.7,1
Transformateur 630 kVA,500,547.1,200.1,1
Armoire de Distribution Publique,150,125.1,172.8,1
Transformateur 400 kVA,320,382.18,176.9,1
Disjoncteur Depart HTA,1200,1196.5,226.4,0
Transformateur 400 kVA,320,320.44,219.3,0
Transformateur 630 kVA,500,431.96,209.0,1
Disjoncteur Depart HTA,1200,1015.17,196.8,0
Transformateur 400 kVA,320,307.87,184.4,1
Transformateur 250 kVA,200,242.98,198.4,1
Transformateur 630 kVA,500,451.16,191.0,0
Transformateur 630 kVA,500,439.9,220.4,0
Transformateur 630 kVA,500,395.9,205.1,0
Transformateur 250 kVA,200,191.02,208.3,0
Transformateur 250 kVA,200,192.33,194.7,1
Transformateur 100 kVA,80,81.07,211.1,0
Cellule d Arrivee MT,1500,1080.38,195.7,0
Armoire de Distribution Publique,150,103.83,181.8,1
Transformateur 400 kVA,320,257.85,210.8,0
Transformateur 100 kVA,80,79.95,177.7,1
Transformateur 400 kVA,320,275.0,194.8,0
Armoire de Distribution Publique,150,115.39,178.1,1
Cellule d Arrivee MT,1500,1171.5,222.7,0
Transformateur 250 kVA,200,199.08,219.2,0
Cellule d Arrivee MT,1500,1193.42,211.5,0
Transformateur 250 kVA,200,163.95,225.1,0
Armoire de Distribution Publique,150,147.0,191.3,1
Cellule d Arrivee MT,1500,1333.9,200.5,0
Transformateur 100 kVA,80,102.33,173.8,1
Disjoncteur Depart HTA,1200,1311.1,177.5,1
Transformateur 100 kVA,80,72.77,190.6,1
Transformateur 400 kVA,320,373.3,186.8,1
Transformateur 100 kVA,80,84.7,182.1,1
Armoire de Distribution Publique,150,151.35,177.6,1
Transformateur 630 kVA,500,609.85,177.1,1
Transformateur 400 kVA,320,249.32,196.7,1
Cellule d Arrivee MT,1500,1210.95,224.7,0
Transformateur 400 kVA,320,303.5,185.6,1
Disjoncteur Depart HTA,1200,1005.91,199.7,0
Transformateur 250 kVA,200,179.65,201.7,0
Cellule d Arrivee MT,1500,1561.0,219.8,0
Transformateur 400 kVA,320,271.84,220.8,0
Cellule d Arrivee MT,1500,1055.56,216.7,0
Cellule d Arrivee MT,1500,1523.89,207.0,0
Cellule d Arrivee MT,1500,1754.22,191.8,1
Transformateur 250 kVA,200,186.62,180.8,1
Armoire de Distribution Publique,150,194.3,173.2,1
Transformateur 100 kVA,80,81.05,223.7,0
Cellule d Arrivee MT,1500,911.38,185.9,0
Transformateur 630 kVA,500,452.21,220.1,0
Armoire de Distribution Publique,150,183.51,186.5,1
Disjoncteur Depart HTA,1200,1544.06,213.0,1
Transformateur 250 kVA,200,214.11,213.3,0
Transformateur 400 kVA,320,363.4,199.9,1
Transformateur 250 kVA,200,186.78,222.6,0
Transformateur 400 kVA,320,409.42,214.8,1
Transformateur 250 kVA,200,192.63,176.7,1
Transformateur 400 kVA,320,243.43,183.4,1
Cellule d Arrivee MT,1500,1172.63,182.3,0
Transformateur 100 kVA,80,61.97,172.9,1
Transformateur 400 kVA,320,243.08,173.8,1
Transformateur 400 kVA,320,239.76,210.0,0
Transformateur 630 kVA,500,451.18,218.6,0
Transformateur 400 kVA,320,294.87,225.6,0
Transformateur 630 kVA,500,494.9,205.9,0
Disjoncteur Depart HTA,1200,1366.85,194.1,0
Cellule d Arrivee MT,1500,1341.78,207.2,0
Transformateur 630 kVA,500,409.88,221.4,0
Transformateur 100 kVA,80,93.09,224.8,1
Armoire de Distribution Publique,150,129.33,212.0,0
Cellule d Arrivee MT,1500,1359.21,209.3,0
Transformateur 630 kVA,500,468.2,218.5,0
Cellule d Arrivee MT,1500,1284.49,197.5,1
Cellule d Arrivee MT,1500,1263.14,213.7,0
Cellule d Arrivee MT,1500,1245.19,171.3,1
Disjoncteur Depart HTA,1200,1314.99,222.8,0
Transformateur 100 kVA,80,81.08,197.3,1
Transformateur 250 kVA,200,284.78,216.2,1
Transformateur 250 kVA,200,245.29,188.5,1
Transformateur 630 kVA,500,619.27,186.6,1
Cellule d Arrivee MT,1500,1679.09,174.8,1
Transformateur 630 kVA,500,416.99,175.7,1
Disjoncteur Depart HTA,1200,1200.97,208.9,0
Disjoncteur Depart HTA,1200,1424.11,211.6,1
Transformateur 400 kVA,320,231.94,178.0,1
Disjoncteur Depart HTA,1200,789.07,185.0,0
Transformateur 400 kVA,320,363.7,215.0,1
Transformateur 100 kVA,80,63.21,183.9,1
Transformateur 630 kVA,500,338.64,191.9,1
Armoire de Distribution Publique,150,165.8,199.0,1
Transformateur 100 kVA,80,62.88,172.3,1
Disjoncteur Depart HTA,1200,1512.24,217.8,0
Transformateur 100 kVA,80,71.36,193.0,1
Transformateur 100 kVA,80,76.58,211.4,0
Transformateur 100 kVA,80,91.22,202.7,1
Disjoncteur Depart HTA,1200,878.16,211.2,0
Armoire de Distribution Publique,150,151.82,181.2,1
Cellule d Arrivee MT,1500,1677.06,198.3,1
Transformateur 100 kVA,80,50.22,223.3,0
Transformateur 400 kVA,320,336.98,177.1,1
Disjoncteur Depart HTA,1200,1312.04,185.1,1
Transformateur 100 kVA,80,91.11,194.6,1
Armoire de Distribution Publique,150,163.46,226.0,0
Cellule d Arrivee MT,1500,1675.48,176.4,1
Disjoncteur Depart HTA,1200,1417.65,176.7,1
Transformateur 250 kVA,200,139.77,174.7,0
Cellule d Arrivee MT,1500,909.61,182.9,0
Transformateur 400 kVA,320,362.77,202.3,1
Transformateur 100 kVA,80,99.84,211.6,1
Armoire de Distribution Publique,150,103.88,201.9,0
Transformateur 250 kVA,200,159.04,198.9,0
Armoire de Distribution Publique,150,128.57,197.9,0
Transformateur 250 kVA,200,179.61,218.7,0
Disjoncteur Depart HTA,1200,1368.87,189.4,1
Transformateur 250 kVA,200,157.7,186.4,1
Transformateur 400 kVA,320,375.56,179.4,1
Transformateur 400 kVA,320,388.32,171.6,1
Transformateur 630 kVA,500,448.74,218.0,0
Transformateur 400 kVA,320,407.33,179.7,1
Cellule d Arrivee MT,1500,855.52,180.8,1
Transformateur 250 kVA,200,205.72,217.5,0
Transformateur 400 kVA,320,320.09,177.8,1
Disjoncteur Depart HTA,1200,830.31,186.6,1
Armoire de Distribution Publique,150,177.04,222.1,1
Armoire de Distribution Publique,150,152.51,221.1,0
Transformateur 630 kVA,500,519.36,204.4,1
Armoire de Distribution Publique,150,117.22,212.3,0
Transformateur 250 kVA,200,177.58,212.8,1
Transformateur 630 kVA,500,539.99,201.1,1
Transformateur 250 kVA,200,218.38,221.0,0
Disjoncteur Depart HTA,1200,846.57,223.4,0
Transformateur 630 kVA,500,566.94,195.6,1
Transformateur 100 kVA,80,75.05,185.4,1
Cellule d Arrivee MT,1500,1018.17,209.7,0
Cellule d Arrivee MT,1500,1657.77,204.6,1
Transformateur 250 kVA,200,120.59,177.8,0
Armoire de Distribution Publique,150,134.91,197.8,0
Transformateur 100 kVA,80,44.1,181.1,0
Transformateur 630 kVA,500,550.8,193.9,1
Transformateur 100 kVA,80,90.92,194.4,1
Transformateur 100 kVA,80,71.04,209.4,0
Armoire de Distribution Publique,150,140.01,207.8,0
Transformateur 630 kVA,500,625.28,214.1,0
Disjoncteur Depart HTA,1200,750.85,223.5,0
Armoire de Distribution Publique,150,106.7,217.7,0
Transformateur 100 kVA,80,93.85,217.0,1
Transformateur 100 kVA,80,67.74,179.7,1
Disjoncteur Depart HTA,1200,1037.79,216.6,0
Transformateur 100 kVA,80,62.6,225.1,0
Transformateur 100 kVA,80,51.11,180.7,0
Transformateur 100 kVA,80,65.96,187.9,1
Cellule d Arrivee MT,1500,1730.45,198.0,1
Armoire de Distribution Publique,150,137.59,211.2,1
Transformateur 400 kVA,320,313.38,213.7,0
Armoire de Distribution Publique,150,173.78,222.7,0
Disjoncteur Depart HTA,1200,1150.81,202.0,1
Transformateur 100 kVA,80,75.91,207.6,0
Armoire de Distribution Publique,150,119.52,225.1,0
Cellule d Arrivee MT,1500,1503.69,175.9,1
Disjoncteur Depart HTA,1200,822.61,177.6,1
Transformateur 250 kVA,200,174.44,171.4,1
Armoire de Distribution Publique,150,144.13,218.8,0
Transformateur 250 kVA,200,95.87,173.9,0
Transformateur 100 kVA,80,79.46,222.2,0
Cellule d Arrivee MT,1500,1309.12,216.1,0
Cellule d Arrivee MT,1500,1139.6,184.6,0
Armoire de Distribution Publique,150,156.69,205.7,1
Disjoncteur Depart HTA,1200,1234.12,194.8,1
Disjoncteur Depart HTA,1200,1069.54,188.9,1
Cellule d Arrivee MT,1500,1362.71,175.3,1
Disjoncteur Depart HTA,1200,590.99,186.8,0
Cellule d Arrivee MT,1500,1239.58,196.4,0
Armoire de Distribution Publique,150,106.55,220.0,0
Transformateur 400 kVA,320,240.44,216.6,0
Cellule d Arrivee MT,1500,1159.47,219.6,0
Transformateur 250 kVA,200,186.2,212.3,0
Disjoncteur Depart HTA,1200,720.99,192.5,1
Cellule d Arrivee MT,1500,1835.68,220.1,0
Cellule d Arrivee MT,1500,1282.85,206.4,0
Armoire de Distribution Publique,150,154.25,194.9,0
Disjoncteur Depart HTA,1200,1347.48,210.1,1
Transformateur 400 kVA,320,386.98,182.9,1
Armoire de Distribution Publique,150,107.72,188.4,0
Transformateur 400 kVA,320,283.57,185.7,0
Armoire de Distribution Publique,150,135.59,187.5,0
Disjoncteur Depart HTA,1200,960.59,209.2,0
Transformateur 630 kVA,500,576.46,198.2,1
Disjoncteur Depart HTA,1200,1035.09,176.5,1
Disjoncteur Depart HTA,1200,1080.31,219.0,0
Transformateur 400 kVA,320,269.06,208.4,0
Transformateur 400 kVA,320,337.37,180.6,1
Disjoncteur Depart HTA,1200,1262.58,200.0,1
Disjoncteur Depart HTA,1200,1116.9,225.6,0
Disjoncteur Depart HTA,1200,1389.42,204.7,1
Transformateur 400 kVA,320,348.91,222.7,0
Disjoncteur Depart HTA,1200,1213.4,172.4,1
Disjoncteur Depart HTA,1200,928.0,183.1,1
Transformateur 100 kVA,80,63.44,216.8,0
Transformateur 630 kVA,500,564.79,186.7,1
Transformateur 250 kVA,200,177.81,175.1,1
Transformateur 630 kVA,500,348.3,193.5,0
Transformateur 100 kVA,80,88.82,220.1,0
Transformateur 250 kVA,200,154.39,179.5,1
Armoire de Distribution Publique,150,92.67,207.8,0
Disjoncteur Depart HTA,1200,735.81,210.5,0
Transformateur 100 kVA,80,69.09,219.6,0
Armoire de Distribution Publique,150,152.8,210.7,0
Disjoncteur Depart HTA,1200,1112.69,213.3,0
Transformateur 400 kVA,320,349.75,185.0,1
Cellule d Arrivee MT,1500,903.37,203.5,0
Transformateur 100 kVA,80,72.86,174.0,1
Transformateur 400 kVA,320,251.07,171.7,1
Transformateur 100 kVA,80,89.97,218.2,1
Transformateur 100 kVA,80,54.72,171.0,0
Transformateur 400 kVA,320,285.14,197.4,1
Transformateur 250 kVA,200,162.91,217.5,0
Transformateur 630 kVA,500,551.41,217.8,0
Disjoncteur Depart HTA,1200,1078.98,180.1,1
Transformateur 100 kVA,80,71.61,203.0,1
Disjoncteur Depart HTA,1200,858.8,217.3,0
Cellule d Arrivee MT,1500,1553.81,195.7,1
Transformateur 400 kVA,320,339.65,181.0,1
Disjoncteur Depart HTA,1200,679.98,212.8,0
Transformateur 400 kVA,320,400.62,176.1,1
Disjoncteur Depart HTA,1200,958.96,173.1,1
Transformateur 630 kVA,500,420.83,225.4,0
Transformateur 630 kVA,500,542.22,211.9,0
Transformateur 630 kVA,500,542.39,223.6,0
Transformateur 630 kVA,500,524.61,200.0,1
Transformateur 630 kVA,500,400.3,175.3,1
Transformateur 630 kVA,500,465.17,204.5,0
Transformateur 400 kVA,320,350.91,187.9,1
Transformateur 100 kVA,80,74.66,223.1,0
Disjoncteur Depart HTA,1200,1439.56,196.7,1
Transformateur 630 kVA,500,643.45,192.2,1
Transformateur 400 kVA,320,274.13,197.0,0
Transformateur 400 kVA,320,327.11,187.0,1
Transformateur 400 kVA,320,316.96,214.2,0
Transformateur 100 kVA,80,86.7,202.2,1
Disjoncteur Depart HTA,1200,1150.51,175.1,1
Transformateur 100 kVA,80,69.29,214.4,0
Transformateur 250 kVA,200,214.2,187.6,1
Armoire de Distribution Publique,150,147.8,177.9,1
Transformateur 400 kVA,320,328.81,211.6,0
Transformateur 250 kVA,200,188.31,223.4,0
Cellule d Arrivee MT,1500,1466.44,187.7,1
Transformateur 630 kVA,500,463.61,221.5,0
Armoire de Distribution Publique,150,104.47,188.0,0
Transformateur 630 kVA,500,443.09,171.7,1
Transformateur 100 kVA,80,48.92,201.1,0
Armoire de Distribution Publique,150,133.09,182.0,1
Disjoncteur Depart HTA,1200,995.77,208.8,0
Transformateur 250 kVA,200,136.37,200.0,0
Disjoncteur Depart HTA,1200,1128.38,213.1,0
Transformateur 100 kVA,80,65.36,170.8,1
Transformateur 630 kVA,500,482.84,202.2,0
Armoire de Distribution Publique,150,175.73,220.9,1
Disjoncteur Depart HTA,1200,1290.75,182.1,1
Disjoncteur Depart HTA,1200,992.88,183.5,1
Transformateur 630 kVA,500,372.78,219.6,0
Armoire de Distribution Publique,150,169.73,194.6,1
Transformateur 250 kVA,200,133.3,196.3,0
Transformateur 630 kVA,500,501.45,187.9,1
Disjoncteur Depart HTA,1200,1076.48,197.3,1
Transformateur 250 kVA,200,231.33,177.2,1
Transformateur 250 kVA,200,194.31,223.5,0
Transformateur 630 kVA,500,377.36,170.9,1
Disjoncteur Depart HTA,1200,812.07,189.5,1
Transformateur 100 kVA,80,102.75,221.9,1
Disjoncteur Depart HTA,1200,1300.45,192.7,1
Transformateur 400 kVA,320,331.2,178.7,1
Armoire de Distribution Publique,150,143.91,201.5,1
Cellule d Arrivee MT,1500,784.7,214.4,0
Transformateur 100 kVA,80,73.79,205.0,0
Transformateur 250 kVA,200,256.98,210.5,1
Transformateur 100 kVA,80,87.79,175.7,1
Armoire de Distribution Publique,150,145.68,187.1,1
Transformateur 250 kVA,200,146.6,176.5,1
Armoire de Distribution Publique,150,120.07,171.1,0
Transformateur 250 kVA,200,179.09,209.9,1
Transformateur 100 kVA,80,60.75,189.8,0
Transformateur 250 kVA,200,156.7,211.0,0
Transformateur 250 kVA,200,208.99,197.2,1
Transformateur 400 kVA,320,311.74,193.1,1
Disjoncteur Depart HTA,1200,927.1,224.7,0
Disjoncteur Depart HTA,1200,778.39,225.9,0
Cellule d Arrivee MT,1500,1796.64,200.9,1
Cellule d Arrivee MT,1500,1194.86,224.1,0
Transformateur 400 kVA,320,248.89,205.4,0
Cellule d Arrivee MT,1500,767.39,200.4,0
Armoire de Distribution Publique,150,105.29,223.6,0
Transformateur 100 kVA,80,81.51,214.5,0
Transformateur 630 kVA,500,440.65,205.7,0
Armoire de Distribution Publique,150,141.18,189.1,1
Transformateur 630 kVA,500,405.3,221.2,0
Transformateur 630 kVA,500,496.05,211.0,0
Transformateur 400 kVA,320,373.87,214.2,1
Armoire de Distribution Publique,150,124.97,203.3,0
Transformateur 400 kVA,320,315.16,187.3,1
Transformateur 250 kVA,200,207.62,195.4,1
Transformateur 630 kVA,500,648.22,191.6,1
Transformateur 100 kVA,80,77.69,217.8,0
Cellule d Arrivee MT,1500,1554.42,214.2,0
Transformateur 100 kVA,80,69.99,213.9,0
Cellule d Arrivee MT,1500,1253.01,173.5,1
Transformateur 630 kVA,500,552.87,181.1,1
Transformateur 630 kVA,500,501.45,221.2,0
Transformateur 630 kVA,500,585.01,222.1,0
Transformateur 400 kVA,320,264.16,225.5,0
Armoire de Distribution Publique,150,176.45,208.7,0
Cellule d Arrivee MT,1500,1673.45,174.2,1
Armoire de Distribution Publique,150,109.08,220.5,0
Transformateur 400 kVA,320,273.44,203.6,0
Transformateur 400 kVA,320,369.68,211.3,1
Disjoncteur Depart HTA,1200,1381.9,194.8,1
Transformateur 100 kVA,80,56.82,188.7,0
Transformateur 100 kVA,80,83.72,203.2,0
Transformateur 250 kVA,200,206.77,210.0,1
Transformateur 400 kVA,320,379.13,186.1,1
Cellule d Arrivee MT,1500,1176.72,197.5,1
Disjoncteur Depart HTA,1200,1046.9,186.0,1
Disjoncteur Depart HTA,1200,1038.74,189.3,1
Armoire de Distribution Publique,150,137.53,176.8,1
Transformateur 100 kVA,80,56.87,200.0,0
Transformateur 400 kVA,320,326.12,180.7,1
Transformateur 250 kVA,200,268.87,184.0,1
Transformateur 400 kVA,320,244.54,175.2,1
Armoire de Distribution Publique,150,123.06,172.6,1
Transformateur 630 kVA,500,356.5,174.4,1
Transformateur 400 kVA,320,265.04,174.9,1
Armoire de Distribution Publique,150,177.74,174.1,1
Transformateur 630 kVA,500,345.95,179.5,1
Transformateur 630 kVA,500,554.74,212.3,0
Transformateur 250 kVA,200,204.83,203.3,0
Cellule d Arrivee MT,1500,1453.04,191.9,0
Transformateur 100 kVA,80,77.76,171.1,1
Transformateur 400 kVA,320,177.4,216.8,0
Transformateur 630 kVA,500,345.78,218.4,0
Transformateur 400 kVA,320,337.43,182.0,1
Cellule d Arrivee MT,1500,928.37,214.3,0
Transformateur 100 kVA,80,87.7,200.0,0
Cellule d Arrivee MT,1500,1355.82,179.0,1
Transformateur 100 kVA,80,112.33,172.9,1
Disjoncteur Depart HTA,1200,1256.0,183.3,1
Transformateur 100 kVA,80,74.11,184.7,1
Transformateur 250 kVA,200,212.92,173.8,1
Cellule d Arrivee MT,1500,1724.09,187.4,1
Transformateur 630 kVA,500,464.57,185.3,1
Disjoncteur Depart HTA,1200,1004.95,211.2,0
Transformateur 250 kVA,200,186.57,206.8,0
Transformateur 400 kVA,320,260.47,187.1,1
Cellule d Arrivee MT,1500,1121.11,188.3,0
Armoire de Distribution Publique,150,152.88,223.5,0
Armoire de Distribution Publique,150,153.35,225.6,0
Transformateur 630 kVA,500,433.51,176.6,1
Transformateur 100 kVA,80,58.29,210.9,0
Transformateur 630 kVA,500,487.66,179.7,1
Armoire de Distribution Publique,150,123.28,176.1,1
Transformateur 400 kVA,320,365.72,214.3,1
Disjoncteur Depart HTA,1200,866.66,202.9,0
Disjoncteur Depart HTA,1200,1276.93,217.8,0
Cellule d Arrivee MT,1500,1547.12,199.6,1
Disjoncteur Depart HTA,1200,1162.81,217.7,0
Cellule d Arrivee MT,1500,1293.78,185.9,0
Cellule d Arrivee MT,1500,1512.63,196.0,0
Cellule d Arrivee MT,1500,944.06,223.0,0
Armoire de Distribution Publique,150,132.57,186.1,1
Armoire de Distribution Publique,150,173.34,213.2,0
Transformateur 100 kVA,80,80.32,187.5,1
Transformateur 250 kVA,200,182.18,190.2,1
Cellule d Arrivee MT,1500,1481.92,223.7,0
Cellule d Arrivee MT,1500,1001.62,193.5,0
Transformateur 250 kVA,200,212.99,186.7,1
Transformateur 630 kVA,500,459.96,196.6,1
Cellule d Arrivee MT,1500,1588.69,197.3,1
Transformateur 100 kVA,80,97.54,174.2,1
Disjoncteur Depart HTA,1200,1314.28,190.7,1
Disjoncteur Depart HTA,1200,1101.94,189.6,1
Transformateur 400 kVA,320,221.11,217.0,0
Transformateur 400 kVA,320,335.28,219.9,0
Disjoncteur Depart HTA,1200,1259.59,202.3,1
Disjoncteur Depart HTA,1200,1284.71,179.8,1
Armoire de Distribution Publique,150,190.3,188.9,1
Transformateur 100 kVA,80,84.63,172.0,1
Transformateur 250 kVA,200,269.76,197.0,1
Transformateur 400 kVA,320,215.26,183.9,0
Armoire de Distribution Publique,150,140.25,171.8,1
Armoire de Distribution Publique,150,180.51,187.5,1
Transformateur 250 kVA,200,210.45,176.6,1
Armoire de Distribution Publique,150,119.85,219.2,0
Transformateur 100 kVA,80,65.68,210.4,0
Disjoncteur Depart HTA,1200,1255.08,197.2,1
Cellule d Arrivee MT,1500,1417.66,215.5,0
Transformateur 250 kVA,200,179.41,223.6,0
Disjoncteur Depart HTA,1200,1058.02,201.9,0
Disjoncteur Depart HTA,1200,1062.46,226.2,0
Transformateur 630 kVA,500,450.71,205.2,0
Transformateur 250 kVA,200,237.18,224.5,1
Armoire de Distribution Publique,150,111.97,185.8,1
Cellule d Arrivee MT,1500,1277.71,188.9,1
Transformateur 250 kVA,200,255.64,189.4,1
Armoire de Distribution Publique,150,170.24,221.0,0
Disjoncteur Depart HTA,1200,1008.36,199.6,1
Cellule d Arrivee MT,1500,1767.92,210.2,0
Armoire de Distribution Publique,150,129.04,209.8,0
Transformateur 100 kVA,80,60.4,223.9,0
Armoire de Distribution Publique,150,196.47,226.2,1
Transformateur 630 kVA,500,496.19,182.4,1
Disjoncteur Depart HTA,1200,808.52,196.4,0
Armoire de Distribution Publique,150,152.19,219.0,0
Transformateur 400 kVA,320,293.27,211.6,1
Transformateur 400 kVA,320,314.59,192.6,1
Transformateur 630 kVA,500,515.32,179.5,1
Transformateur 100 kVA,80,105.92,195.9,1
Disjoncteur Depart HTA,1200,914.63,219.7,0
Transformateur 250 kVA,200,168.69,208.4,0
Transformateur 630 kVA,500,531.36,207.5,0
Transformateur 100 kVA,80,59.1,175.2,0
Transformateur 250 kVA,200,154.99,222.6,1
Transformateur 400 kVA,320,317.96,184.3,1
Transformateur 400 kVA,320,284.95,204.3,0
Transformateur 250 kVA,200,171.77,186.3,1
Transformateur 630 kVA,500,610.37,218.0,1
Transformateur 400 kVA,320,257.57,195.9,0
Disjoncteur Depart HTA,1200,1103.13,198.6,1
Cellule d Arrivee MT,1500,1383.1,192.1,1
Armoire de Distribution Publique,150,144.48,180.7,1
Transformateur 250 kVA,200,200.96,182.1,1
Transformateur 250 kVA,200,212.44,172.4,1
Transformateur 400 kVA,320,256.85,210.8,0
Transformateur 630 kVA,500,613.79,198.3,1
Disjoncteur Depart HTA,1200,1179.15,181.5,1
Transformateur 630 kVA,500,498.1,191.3,1
Transformateur 100 kVA,80,59.11,209.2,0
Transformateur 100 kVA,80,68.88,212.9,0
Cellule d Arrivee MT,1500,1626.02,205.8,1
Transformateur 400 kVA,320,338.3,206.8,1
Transformateur 400 kVA,320,223.49,210.5,0
Transformateur 400 kVA,320,408.7,213.9,1
Cellule d Arrivee MT,1500,999.74,223.2,0
Transformateur 100 kVA,80,74.73,223.9,0
Transformateur 630 kVA,500,558.47,200.6,0
Cellule d Arrivee MT,1500,1464.92,206.4,0
Cellule d Arrivee MT,1500,1242.98,223.1,0
Transformateur 630 kVA,500,619.94,174.5,1
Transformateur 400 kVA,320,288.6,215.5,0
Disjoncteur Depart HTA,1200,951.82,217.3,0
Transformateur 630 kVA,500,467.04,220.1,0
Transformateur 100 kVA,80,85.17,225.5,0
Transformateur 250 kVA,200,176.77,178.9,0
Transformateur 250 kVA,200,208.8,207.7,1
Armoire de Distribution Publique,150,148.13,184.8,1
Armoire de Distribution Publique,150,185.67,221.1,0
Cellule d Arrivee MT,1500,1595.56,174.2,1
Transformateur 250 kVA,200,245.93,178.8,1
Disjoncteur Depart HTA,1200,1330.23,186.4,1
Transformateur 400 kVA,320,226.35,184.2,1
Transformateur 100 kVA,80,56.01,203.9,0
Armoire de Distribution Publique,150,121.0,185.2,1
Disjoncteur Depart HTA,1200,676.65,182.0,0
Transformateur 100 kVA,80,108.27,177.7,1
Transformateur 100 kVA,80,73.7,172.5,1
Transformateur 400 kVA,320,378.56,187.7,1
Cellule d Arrivee MT,1500,1198.93,186.6,1
Transformateur 250 kVA,200,151.12,226.0,0
Transformateur 400 kVA,320,241.54,224.5,0
Disjoncteur Depart HTA,1200,975.75,204.9,0
Cellule d Arrivee MT,1500,1695.47,224.0,0
Disjoncteur Depart HTA,1200,1427.21,220.8,0
Cellule d Arrivee MT,1500,1423.7,214.4,0
Armoire de Distribution Publique,150,126.22,187.3,0
Disjoncteur Depart HTA,1200,906.23,178.4,1
Transformateur 400 kVA,320,280.97,213.1,0
Cellule d Arrivee MT,1500,1416.14,194.5,1
Cellule d Arrivee MT,1500,1462.19,221.5,0
Transformateur 100 kVA,80,43.72,192.7,0
Transformateur 100 kVA,80,55.13,201.5,0
Transformateur 630 kVA,500,426.86,176.2,1
Disjoncteur Depart HTA,1200,993.78,201.3,0
Transformateur 100 kVA,80,77.88,201.5,1
Transformateur 630 kVA,500,336.33,211.0,0
Armoire de Distribution Publique,150,172.38,191.7,1
Armoire de Distribution Publique,150,115.12,189.5,0
Transformateur 100 kVA,80,71.52,199.4,1
Disjoncteur Depart HTA,1200,1135.65,172.0,1
Cellule d Arrivee MT,1500,1396.43,219.6,0
Transformateur 250 kVA,200,195.17,176.9,1
Disjoncteur Depart HTA,1200,1136.66,214.6,0
Transformateur 400 kVA,320,343.7,201.3,0
Armoire de Distribution Publique,150,121.7,193.2,1
Transformateur 100 kVA,80,65.94,198.6,0
Transformateur 100 kVA,80,71.91,181.0,1
Cellule d Arrivee MT,1500,1224.24,225.5,0
Transformateur 400 kVA,320,316.14,186.3,1
Cellule d Arrivee MT,1500,1424.44,213.0,1
Transformateur 400 kVA,320,283.91,185.6,1
Transformateur 250 kVA,200,247.29,224.8,0
Armoire de Distribution Publique,150,113.13,175.0,1
Transformateur 100 kVA,80,72.18,211.3,0
Transformateur 100 kVA,80,83.05,214.7,1
Transformateur 250 kVA,200,152.99,201.3,0
Transformateur 630 kVA,500,699.93,226.0,1
Armoire de Distribution Publique,150,104.76,216.5,0
Cellule d Arrivee MT,1500,1404.78,219.6,0
Transformateur 250 kVA,200,211.85,201.8,0
Cellule d Arrivee MT,1500,1604.47,214.0,0
Disjoncteur Depart HTA,1200,1009.84,184.2,1
Transformateur 100 kVA,80,80.88,216.9,0
Cellule d Arrivee MT,1500,1234.91,207.1,0
Transformateur 400 kVA,320,232.33,199.3,0
Cellule d Arrivee MT,1500,741.08,222.1,0
Disjoncteur Depart HTA,1200,1131.32,170.7,1
Armoire de Distribution Publique,150,176.53,182.4,1
Transformateur 100 kVA,80,56.34,216.0,0
Transformateur 250 kVA,200,246.21,177.9,1
Disjoncteur Depart HTA,1200,1652.07,183.3,1
Transformateur 100 kVA,80,77.05,214.2,0
Cellule d Arrivee MT,1500,1498.21,194.4,1
Armoire de Distribution Publique,150,97.02,202.8,1
Transformateur 630 kVA,500,443.31,188.3,0
Armoire de Distribution Publique,150,124.4,184.9,0
Transformateur 630 kVA,500,599.32,188.0,1
Transformateur 400 kVA,320,351.43,219.4,0
Armoire de Distribution Publique,150,177.1,194.5,1
Transformateur 100 kVA,80,38.86,191.6,0
Transformateur 630 kVA,500,488.93,184.2,0
Transformateur 250 kVA,200,126.45,211.6,0
Transformateur 100 kVA,80,93.24,182.0,1
Transformateur 250 kVA,200,188.83,188.4,1
Armoire de Distribution Publique,150,192.63,200.1,1
Transformateur 250 kVA,200,203.11,191.5,1
Transformateur 630 kVA,500,577.13,221.3,0
Transformateur 100 kVA,80,88.34,217.4,0
Cellule d Arrivee MT,1500,1324.71,193.1,1
Disjoncteur Depart HTA,1200,1092.95,212.4,1
Transformateur 630 kVA,500,616.85,215.4,0
Transformateur 630 kVA,500,603.13,190.4,1
Cellule d Arrivee MT,1500,955.03,202.6,0
Transformateur 100 kVA,80,47.61,215.9,0
Transformateur 100 kVA,80,81.26,186.5,1
Armoire de Distribution Publique,150,156.27,178.3,1
Transformateur 250 kVA,200,182.13,194.1,1
Armoire de Distribution Publique,150,149.64,201.4,0
Cellule d Arrivee MT,1500,1132.09,212.4,0
Armoire de Distribution Publique,150,132.81,207.3,1
Cellule d Arrivee MT,1500,1354.69,196.6,1
Transformateur 100 kVA,80,81.13,194.9,1
Transformateur 250 kVA,200,273.36,188.9,1
Armoire de Distribution Publique,150,154.24,196.9,1
Transformateur 630 kVA,500,354.21,199.3,0
Transformateur 400 kVA,320,309.9,198.1,1
Disjoncteur Depart HTA,1200,1161.04,226.3,0
Transformateur 630 kVA,500,634.38,172.5,1
Transformateur 100 kVA,80,81.65,177.2,1
Disjoncteur Depart HTA,1200,935.49,176.6,1
Transformateur 400 kVA,320,296.91,202.8,0
Transformateur 400 kVA,320,280.53,197.8,1
Transformateur 250 kVA,200,169.82,201.0,1
Disjoncteur Depart HTA,1200,1176.78,192.7,1
Transformateur 250 kVA,200,182.47,192.0,1
Transformateur 630 kVA,500,394.47,210.3,0
Cellule d Arrivee MT,1500,1642.02,193.7,1
Cellule d Arrivee MT,1500,856.77,214.4,0
Cellule d Arrivee MT,1500,1490.11,215.3,0
Disjoncteur Depart HTA,1200,1006.71,204.6,1
Cellule d Arrivee MT,1500,1707.92,170.2,1
Transformateur 630 kVA,500,580.81,207.4,1
Transformateur 250 kVA,200,198.55,204.1,0
Disjoncteur Depart HTA,1200,1052.95,213.3,0
Transformateur 250 kVA,200,215.6,219.9,0
Disjoncteur Depart HTA,1200,1333.68,217.6,0
Transformateur 250 kVA,200,159.3,214.1,0
Transformateur 400 kVA,320,334.07,187.7,1
Transformateur 250 kVA,200,181.15,174.2,1
Cellule d Arrivee MT,1500,1052.33,218.1,0
Transformateur 400 kVA,320,336.5,181.3,1
Transformateur 250 kVA,200,154.18,187.1,1
Disjoncteur Depart HTA,1200,1014.2,170.3,0
Disjoncteur Depart HTA,1200,1130.9,210.4,0
Disjoncteur Depart HTA,1200,1028.11,208.9,0
Transformateur 100 kVA,80,77.38,207.4,1
Transformateur 630 kVA,500,482.19,175.9,1
Disjoncteur Depart HTA,1200,1364.55,171.6,1
Transformateur 400 kVA,320,256.03,179.6,1
Disjoncteur Depart HTA,1200,1220.06,203.7,1
Transformateur 100 kVA,80,85.34,204.7,0
Cellule d Arrivee MT,1500,1089.51,199.1,0
Transformateur 400 kVA,320,291.78,218.1,0
Transformateur 100 kVA,80,41.69,211.5,0
Cellule d Arrivee MT,1500,1682.09,184.9,1
Armoire de Distribution Publique,150,151.15,215.3,0
Armoire de Distribution Publique,150,169.42,179.7,1
Transformateur 400 kVA,320,271.61,201.3,0
Transformateur 250 kVA,200,149.49,197.2,0
Transformateur 630 kVA,500,376.61,188.5,1
Transformateur 630 kVA,500,452.6,176.0,1
Transformateur 100 kVA,80,98.03,184.4,1
Cellule d Arrivee MT,1500,1642.33,174.8,1
Transformateur 630 kVA,500,369.12,205.9,0
Cellule d Arrivee MT,1500,1192.52,220.6,0
Cellule d Arrivee MT,1500,1874.4,176.6,1
Transformateur 100 kVA,80,68.16,186.5,1
Transformateur 100 kVA,80,83.38,224.3,0
Transformateur 100 kVA,80,83.96,221.3,0
Transformateur 630 kVA,500,394.65,170.6,1
Armoire de Distribution Publique,150,104.18,170.8,1
Transformateur 100 kVA,80,98.95,220.0,1
Transformateur 630 kVA,500,329.75,194.4,0
Transformateur 100 kVA,80,52.11,207.6,0
Disjoncteur Depart HTA,1200,1189.8,216.8,0
Cellule d Arrivee MT,1500,1401.3,188.5,1
Transformateur 100 kVA,80,101.31,190.5,1
Transformateur 400 kVA,320,460.03,176.7,1
Cellule d Arrivee MT,1500,1642.27,218.6,1
Cellule d Arrivee MT,1500,1743.21,224.3,0
Transformateur 100 kVA,80,71.82,218.4,0
Armoire de Distribution Publique,150,155.95,189.8,1
Transformateur 250 kVA,200,241.45,213.4,1
Armoire de Distribution Publique,150,119.87,184.4,0
Transformateur 100 kVA,80,66.83,210.0,0
Cellule d Arrivee MT,1500,1763.13,181.6,1
Transformateur 400 kVA,320,215.74,189.3,1
Cellule d Arrivee MT,1500,1299.19,180.2,0
Armoire de Distribution Publique,150,151.11,186.4,1
Transformateur 400 kVA,320,380.33,206.5,1
Transformateur 630 kVA,500,553.27,179.4,1
Disjoncteur Depart HTA,1200,797.82,180.3,1
Cellule d Arrivee MT,1500,1252.39,209.6,0
Transformateur 100 kVA,80,90.8,188.4,1
Transformateur 630 kVA,500,496.62,175.5,1
Disjoncteur Depart HTA,1200,613.99,209.0,0
Transformateur 100 kVA,80,76.75,222.3,0
Transformateur 250 kVA,200,250.18,208.7,1
Transformateur 100 kVA,80,56.95,188.0,0
Transformateur 400 kVA,320,365.22,208.1,1
Transformateur 400 kVA,320,326.16,204.8,1
Transformateur 250 kVA,200,170.77,217.8,0
Transformateur 630 kVA,500,455.97,184.4,1
Disjoncteur Depart HTA,1200,846.34,225.5,0
Transformateur 100 kVA,80,96.11,173.6,1
Transformateur 400 kVA,320,310.99,218.9,0
Transformateur 630 kVA,500,246.6,194.6,0
Transformateur 250 kVA,200,217.77,180.1,1
Armoire de Distribution Publique,150,100.12,213.8,0
Cellule d Arrivee MT,1500,1466.07,215.7,0
Armoire de Distribution Publique,150,130.66,208.1,1
Armoire de Distribution Publique,150,146.65,194.2,1
Transformateur 400 kVA,320,310.75,185.1,1
Transformateur 250 kVA,200,238.58,212.6,1
Transformateur 100 kVA,80,86.41,170.7,1
Armoire de Distribution Publique,150,142.94,223.3,0
Armoire de Distribution Publique,150,103.07,213.9,0
Disjoncteur Depart HTA,1200,1256.33,185.7,1
Transformateur 400 kVA,320,290.32,223.3,0
Transformateur 400 kVA,320,176.3,216.0,0
Transformateur 100 kVA,80,65.89,179.5,1
Cellule d Arrivee MT,1500,1216.13,210.8,0
Transformateur 630 kVA,500,420.54,187.5,1
Disjoncteur Depart HTA,1200,1235.9,203.5,1
Transformateur 400 kVA,320,328.45,173.5,1
Disjoncteur Depart HTA,1200,1129.03,220.1,0
Transformateur 400 kVA,320,203.38,219.5,0
Disjoncteur Depart HTA,1200,1161.12,188.6,1
Transformateur 250 kVA,200,196.27,205.6,1
Armoire de Distribution Publique,150,135.92,192.3,0
Transformateur 400 kVA,320,275.96,205.7,0
Disjoncteur Depart HTA,1200,1015.14,213.4,0
Transformateur 630 kVA,500,427.32,204.0,1
Transformateur 250 kVA,200,228.78,223.4,1
Transformateur 250 kVA,200,230.15,213.2,0
Transformateur 630 kVA,500,253.28,174.7,1
Disjoncteur Depart HTA,1200,922.85,201.1,1
Transformateur 100 kVA,80,64.78,195.1,1
Transformateur 630 kVA,500,498.28,184.6,1
Disjoncteur Depart HTA,1200,1416.74,205.7,1
Transformateur 630 kVA,500,283.27,194.0,0
Transformateur 630 kVA,500,625.93,205.8,1
Transformateur 400 kVA,320,322.26,188.7,1
Disjoncteur Depart HTA,1200,1522.35,217.4,0
Transformateur 100 kVA,80,83.79,215.1,0
Armoire de Distribution Publique,150,159.87,224.9,0
Transformateur 400 kVA,320,377.72,174.0,1
Transformateur 630 kVA,500,493.48,192.2,1
Armoire de Distribution Publique,150,155.72,171.7,1
Cellule d Arrivee MT,1500,1297.66,220.9,0
Armoire de Distribution Publique,150,122.02,192.4,0
Transformateur 630 kVA,500,475.06,170.5,1
Transformateur 630 kVA,500,446.73,207.3,0
Disjoncteur Depart HTA,1200,1446.54,226.5,0
Disjoncteur Depart HTA,1200,858.59,209.4,0
Transformateur 400 kVA,320,236.16,210.8,0
Transformateur 100 kVA,80,78.6,203.8,1
Transformateur 400 kVA,320,268.5,187.6,1
Transformateur 250 kVA,200,197.19,220.1,0
Transformateur 630 kVA,500,459.26,203.8,1
Armoire de Distribution Publique,150,124.61,225.8,0
Cellule d Arrivee MT,1500,1380.01,183.8,1
Transformateur 630 kVA,500,344.19,180.0,1
Transformateur 630 kVA,500,595.74,196.1,1
Transformateur 400 kVA,320,358.39,183.4,1
Cellule d Arrivee MT,1500,1439.42,179.7,1
Cellule d Arrivee MT,1500,1123.17,175.2,0
Cellule d Arrivee MT,1500,1148.24,218.8,0
Transformateur 400 kVA,320,287.99,170.6,1
Transformateur 630 kVA,500,459.74,199.5,1
Transformateur 400 kVA,320,366.05,178.1,1
Disjoncteur Depart HTA,1200,1060.87,216.0,0
Disjoncteur Depart HTA,1200,909.06,183.2,1
Transformateur 400 kVA,320,273.88,176.3,1
Cellule d Arrivee MT,1500,1169.26,181.6,1
Transformateur 630 kVA,500,420.69,217.3,0
Transformateur 400 kVA,320,273.87,200.1,0
Transformateur 400 kVA,320,396.27,224.5,0
Transformateur 400 kVA,320,160.67,209.0,0
Transformateur 250 kVA,200,191.67,201.7,1
Disjoncteur Depart HTA,1200,1075.23,194.4,0
Armoire de Distribution Publique,150,106.47,207.7,0
Cellule d Arrivee MT,1500,1755.35,191.4,1
Transformateur 100 kVA,80,77.24,184.0,0
Armoire de Distribution Publique,150,148.51,205.2,1
Cellule d Arrivee MT,1500,1412.97,226.5,0
Transformateur 100 kVA,80,65.97,188.2,1
Transformateur 250 kVA,200,231.15,179.4,1
Transformateur 400 kVA,320,356.33,176.6,1
Transformateur 250 kVA,200,159.37,205.3,0
Transformateur 250 kVA,200,137.26,191.1,0
Armoire de Distribution Publique,150,161.76,179.8,1
Transformateur 630 kVA,500,545.67,220.5,0
Armoire de Distribution Publique,150,178.56,180.7,1
Disjoncteur Depart HTA,1200,1129.07,222.0,0
Transformateur 100 kVA,80,76.51,199.8,0
Transformateur 400 kVA,320,307.09,205.2,1
Armoire de Distribution Publique,150,169.21,207.2,1
Transformateur 100 kVA,80,70.51,199.5,0
Cellule d Arrivee MT,1500,1236.25,191.2,0
Transformateur 100 kVA,80,83.08,219.8,0
Cellule d Arrivee MT,1500,1730.41,186.0,1
Armoire de Distribution Publique,150,119.21,203.4,0
Disjoncteur Depart HTA,1200,722.91,185.5,1
Armoire de Distribution Publique,150,168.66,185.2,1
Cellule d Arrivee MT,1500,811.98,221.8,0
Transformateur 100 kVA,80,64.04,195.8,0
Transformateur 100 kVA,80,80.44,174.9,1
Cellule d Arrivee MT,1500,1414.86,206.3,0
Transformateur 250 kVA,200,150.76,195.5,0
Disjoncteur Depart HTA,1200,1114.35,198.8,1
Transformateur 630 kVA,500,592.28,203.7,1
Transformateur 400 kVA,320,321.4,205.3,0
Transformateur 100 kVA,80,89.17,186.3,1
Transformateur 400 kVA,320,287.66,226.7,0
Transformateur 630 kVA,500,438.23,197.0,1
Armoire de Distribution Publique,150,154.29,181.7,1
Transformateur 400 kVA,320,243.75,207.4,0
Transformateur 630 kVA,500,474.15,179.5,1
Cellule d Arrivee MT,1500,1112.53,213.3,0
Transformateur 250 kVA,200,222.76,195.2,1
Transformateur 100 kVA,80,80.34,191.2,1
Transformateur 630 kVA,500,458.2,218.9,0
Transformateur 400 kVA,320,281.64,200.9,0
Transformateur 100 kVA,80,97.33,197.7,1
Transformateur 250 kVA,200,182.75,192.1,1
Cellule d Arrivee MT,1500,1257.47,212.2,0
Armoire de Distribution Publique,150,109.12,177.3,1
Transformateur 100 kVA,80,68.41,174.1,1
Armoire de Distribution Publique,150,122.13,202.2,0
Transformateur 630 kVA,500,543.91,202.0,1
Transformateur 250 kVA,200,194.59,204.1,1
Transformateur 400 kVA,320,250.77,185.0,1
Transformateur 250 kVA,200,106.02,212.1,0
Transformateur 250 kVA,200,175.22,219.6,0
Disjoncteur Depart HTA,1200,929.41,194.4,0
Transformateur 250 kVA,200,271.37,189.0,1
Transformateur 250 kVA,200,209.1,182.1,1
Transformateur 100 kVA,80,86.37,219.1,1
Transformateur 400 kVA,320,235.51,184.6,1
Transformateur 100 kVA,80,79.71,182.7,1
Transformateur 100 kVA,80,64.03,184.8,0
Transformateur 630 kVA,500,255.37,215.4,0
Transformateur 100 kVA,80,75.89,200.1,0
Disjoncteur Depart HTA,1200,1550.19,203.0,1
Disjoncteur Depart HTA,1200,1202.07,207.2,0
Armoire de Distribution Publique,150,157.11,172.3,1
Transformateur 630 kVA,500,493.48,177.1,1
Armoire de Distribution Publique,150,136.34,224.2,0
Armoire de Distribution Publique,150,164.41,195.3,1
Cellule d Arrivee MT,1500,1002.43,174.8,1
Transformateur 400 kVA,320,208.39,181.6,1
Transformateur 400 kVA,320,302.24,181.4,1
Transformateur 100 kVA,80,64.88,182.7,0
Transformateur 100 kVA,80,59.57,214.3,0
Cellule d Arrivee MT,1500,1140.1,198.1,0
Transformateur 100 kVA,80,69.65,195.6,0
Transformateur 400 kVA,320,202.02,200.3,0
Armoire de Distribution Publique,150,97.68,225.0,0
Transformateur 250 kVA,200,203.82,188.4,1
Disjoncteur Depart HTA,1200,976.58,170.7,1
Transformateur 250 kVA,200,199.79,177.0,1
Transformateur 250 kVA,200,185.26,192.0,0
Transformateur 400 kVA,320,383.03,218.2,1
Transformateur 250 kVA,200,236.26,187.1,1
Cellule d Arrivee MT,1500,1287.64,188.0,1
Transformateur 630 kVA,500,334.68,193.8,0
Transformateur 100 kVA,80,91.68,177.6,1
Transformateur 630 kVA,500,563.72,188.6,1
Armoire de Distribution Publique,150,153.8,179.2,1
Disjoncteur Depart HTA,1200,1085.41,226.1,0
Transformateur 100 kVA,80,55.75,206.2,0
Transformateur 250 kVA,200,211.23,193.4,1
Disjoncteur Depart HTA,1200,1109.14,198.4,1
Transformateur 100 kVA,80,76.93,205.3,0
Cellule d Arrivee MT,1500,945.34,224.3,0
Cellule d Arrivee MT,1500,1041.17,209.8,0
Cellule d Arrivee MT,1500,1700.72,196.2,1
Cellule d Arrivee MT,1500,873.43,221.2,0
Transformateur 250 kVA,200,221.11,175.4,1
Transformateur 630 kVA,500,523.97,213.8,0
Transformateur 100 kVA,80,88.99,195.1,1
Transformateur 250 kVA,200,191.84,225.3,0
Cellule d Arrivee MT,1500,1725.48,221.1,0
Armoire de Distribution Publique,150,101.54,215.0,0
Transformateur 630 kVA,500,426.51,222.3,0
Armoire de Distribution Publique,150,94.26,171.8,1
Disjoncteur Depart HTA,1200,1641.45,218.8,1
Armoire de Distribution Publique,150,169.19,199.8,1
Disjoncteur Depart HTA,1200,773.84,190.4,1
Disjoncteur Depart HTA,1200,1086.34,203.9,1
Cellule d Arrivee MT,1500,714.65,221.7,0
Disjoncteur Depart HTA,1200,707.05,224.4,0
Transformateur 400 kVA,320,279.33,186.0,1
Transformateur 100 kVA,80,76.49,195.6,1
Transformateur 100 kVA,80,48.4,192.8,0
Cellule d Arrivee MT,1500,1185.58,208.2,0
Transformateur 400 kVA,320,174.91,206.1,0
Armoire de Distribution Publique,150,176.52,189.7,1
Transformateur 250 kVA,200,188.8,210.8,0
Armoire de Distribution Publique,150,173.18,175.1,1
Transformateur 250 kVA,200,221.83,212.5,1
Disjoncteur Depart HTA,1200,901.66,206.4,1
Transformateur 630 kVA,500,502.1,212.2,0
Transformateur 250 kVA,200,183.43,181.3,1
Transformateur 630 kVA,500,493.22,190.5,1
Transformateur 100 kVA,80,87.01,180.6,1
Transformateur 630 kVA,500,425.07,213.2,0
Transformateur 100 kVA,80,50.29,198.8,0
Transformateur 400 kVA,320,363.12,190.2,1
Transformateur 400 kVA,320,334.64,173.2,1
Cellule d Arrivee MT,1500,1134.95,207.0,0
Cellule d Arrivee MT,1500,1709.83,189.8,1
Disjoncteur Depart HTA,1200,1223.04,222.6,0
Transformateur 250 kVA,200,174.69,179.3,1
Disjoncteur Depart HTA,1200,1323.86,215.2,0
Transformateur 100 kVA,80,87.6,180.5,1
Disjoncteur Depart HTA,1200,1060.77,226.0,0
Transformateur 630 kVA,500,225.61,224.4,0
Transformateur 100 kVA,80,74.36,192.3,1
Cellule d Arrivee MT,1500,1243.45,179.8,1
Transformateur 400 kVA,320,275.14,189.1,1
Cellule d Arrivee MT,1500,1589.73,223.7,1
Transformateur 250 kVA,200,177.51,198.5,0
Transformateur 100 kVA,80,102.84,175.1,1
Transformateur 100 kVA,80,82.0,175.9,1
Transformateur 630 kVA,500,699.7,175.6,1
Transformateur 250 kVA,200,178.74,216.9,0
Transformateur 400 kVA,320,294.88,206.7,0
Armoire de Distribution Publique,150,84.19,226.4,0
Transformateur 100 kVA,80,39.6,170.6,1
Transformateur 100 kVA,80,72.56,217.2,0
Transformateur 630 kVA,500,595.05,206.0,1
Disjoncteur Depart HTA,1200,1078.48,186.4,1
Transformateur 400 kVA,320,200.77,222.6,0
Cellule d Arrivee MT,1500,904.28,206.4,1
Transformateur 250 kVA,200,174.83,172.8,1
Transformateur 100 kVA,80,83.5,199.2,1
Transformateur 100 kVA,80,54.33,206.3,0
Cellule d Arrivee MT,1500,1113.71,222.3,0
Transformateur 400 kVA,320,301.54,216.2,1
Disjoncteur Depart HTA,1200,1078.53,219.3,0
Transformateur 100 kVA,80,46.14,180.8,0
Transformateur 400 kVA,320,380.58,171.3,1
Cellule d Arrivee MT,1500,1495.41,171.2,1
Transformateur 630 kVA,500,587.21,223.4,0
Disjoncteur Depart HTA,1200,817.73,224.6,0
Transformateur 250 kVA,200,172.34,209.1,0
Transformateur 100 kVA,80,105.01,194.8,1
Transformateur 400 kVA,320,359.5,220.3,1
Transformateur 630 kVA,500,473.1,199.6,0
Transformateur 250 kVA,200,165.07,171.3,1
Armoire de Distribution Publique,150,112.34,192.0,0
Transformateur 400 kVA,320,276.28,208.3,0
Transformateur 400 kVA,320,243.21,225.3,0
Transformateur 250 kVA,200,142.02,191.7,1
Transformateur 630 kVA,500,581.85,191.5,1
Armoire de Distribution Publique,150,142.45,213.9,0
Cellule d Arrivee MT,1500,1743.53,171.5,1
Transformateur 630 kVA,500,500.87,209.6,1
Disjoncteur Depart HTA,1200,1257.1,193.0,1
Transformateur 100 kVA,80,37.2,206.6,0
Transformateur 250 kVA,200,97.12,217.4,0
Cellule d Arrivee MT,1500,1332.97,200.6,0
Armoire de Distribution Publique,150,110.84,226.2,0
Transformateur 250 kVA,200,196.89,201.8,1
Transformateur 250 kVA,200,233.64,208.6,1
Transformateur 630 kVA,500,628.71,191.4,1
Transformateur 100 kVA,80,85.56,198.5,1
Disjoncteur Depart HTA,1200,1092.34,216.4,0
Transformateur 400 kVA,320,255.01,218.0,0
Transformateur 400 kVA,320,322.29,209.6,0
Transformateur 250 kVA,200,139.74,185.3,1
Transformateur 100 kVA,80,59.94,215.3,0
Armoire de Distribution Publique,150,121.75,190.5,1
Armoire de Distribution Publique,150,136.91,175.6,1
Cellule d Arrivee MT,1500,1815.2,203.2,1
Transformateur 630 kVA,500,541.78,219.3,1
Transformateur 100 kVA,80,60.0,197.8,0
Transformateur 100 kVA,80,91.79,223.4,0
Transformateur 630 kVA,500,437.41,180.3,1
Armoire de Distribution Publique,150,112.52,200.3,0
Armoire de Distribution Publique,150,130.24,221.4,0
Armoire de Distribution Publique,150,137.91,172.6,1
Transformateur 250 kVA,200,195.54,199.4,1
Transformateur 100 kVA,80,68.74,213.3,0
Transformateur 400 kVA,320,235.93,223.8,0
Transformateur 630 kVA,500,596.49,172.1,1
Armoire de Distribution Publique,150,116.69,189.7,0
Cellule d Arrivee MT,1500,1856.15,226.4,1
Armoire de Distribution Publique,150,204.13,178.4,1
Armoire de Distribution Publique,150,166.93,190.3,1
Disjoncteur Depart HTA,1200,1222.46,181.4,1
Transformateur 250 kVA,200,203.2,187.4,1
Transformateur 630 kVA,500,421.88,208.0,0
Disjoncteur Depart HTA,1200,1300.41,173.4,1
Disjoncteur Depart HTA,1200,1276.47,212.9,0
Cellule d Arrivee MT,1500,1565.85,184.3,1
Transformateur 100 kVA,80,90.0,222.9,1
Cellule d Arrivee MT,1500,1191.62,223.3,0
Transformateur 100 kVA,80,58.19,207.6,0
Transformateur 100 kVA,80,56.12,225.4,0
Transformateur 630 kVA,500,551.64,216.3,1
Armoire de Distribution Publique,150,156.12,220.7,0
Transformateur 630 kVA,500,420.03,175.6,1
Transformateur 250 kVA,200,151.48,221.3,0
Transformateur 100 kVA,80,72.82,216.1,0
Disjoncteur Depart HTA,1200,1054.16,171.8,1
Armoire de Distribution Publique,150,105.59,171.1,0
Transformateur 400 kVA,320,212.53,170.6,1
Transformateur 250 kVA,200,132.2,190.5,0
Transformateur 630 kVA,500,447.45,195.2,0
Cellule d Arrivee MT,1500,1094.33,208.8,0
Transformateur 250 kVA,200,181.26,216.1,0
Transformateur 250 kVA,200,183.76,171.6,1
Armoire de Distribution Publique,150,137.44,213.4,0
Transformateur 250 kVA,200,211.46,183.2,0
Transformateur 250 kVA,200,208.71,182.6,1
Transformateur 400 kVA,320,281.25,198.2,1
Cellule d Arrivee MT,1500,1027.64,186.4,0
Cellule d Arrivee MT,1500,1041.65,220.1,0
Cellule d Arrivee MT,1500,1395.08,220.3,0
Transformateur 100 kVA,80,61.78,192.3,1
Disjoncteur Depart HTA,1200,842.64,172.2,1
Cellule d Arrivee MT,1500,1384.4,210.7,0
Transformateur 250 kVA,200,166.13,170.7,0
Transformateur 250 kVA,200,152.13,172.8,1
Cellule d Arrivee MT,1500,1535.06,224.3,0
Armoire de Distribution Publique,150,147.45,212.0,0
Cellule d Arrivee MT,1500,1806.72,177.0,1
Transformateur 250 kVA,200,197.37,183.1,1
Transformateur 100 kVA,80,62.25,180.5,0
Transformateur 630 kVA,500,453.09,184.7,1
Transformateur 630 kVA,500,386.52,197.6,0
Cellule d Arrivee MT,1500,1599.33,216.3,0
Transformateur 400 kVA,320,288.02,182.9,1
Cellule d Arrivee MT,1500,1810.33,219.7,0
Armoire de Distribution Publique,150,165.17,219.3,1
Cellule d Arrivee MT,1500,1177.24,170.6,1
Transformateur 630 kVA,500,536.7,185.6,1
Transformateur 250 kVA,200,218.71,207.0,1
Cellule d Arrivee MT,1500,1800.82,214.8,1
Transformateur 250 kVA,200,226.03,182.6,0
Transformateur 250 kVA,200,146.03,187.0,0
Transformateur 400 kVA,320,365.79,217.4,0
Transformateur 250 kVA,200,214.94,204.9,1
Transformateur 630 kVA,500,357.25,191.7,1
Transformateur 100 kVA,80,86.45,199.9,0
Transformateur 100 kVA,80,69.91,173.2,1
Disjoncteur Depart HTA,1200,769.4,226.4,0
Armoire de Distribution Publique,150,177.37,223.5,0
Cellule d Arrivee MT,1500,1255.57,195.2,0
Armoire de Distribution Publique,150,140.31,180.8,1
Transformateur 630 kVA,500,379.22,174.6,1
Transformateur 250 kVA,200,231.44,213.6,1
Transformateur 100 kVA,80,44.97,189.3,0
Armoire de Distribution Publique,150,132.45,196.0,0
Transformateur 630 kVA,500,510.27,175.8,1
Transformateur 100 kVA,80,82.07,173.7,1
Transformateur 250 kVA,200,153.77,209.5,0
Armoire de Distribution Publique,150,184.85,170.3,1
Transformateur 100 kVA,80,79.35,224.9,0
Cellule d Arrivee MT,1500,1711.89,209.8,1
Cellule d Arrivee MT,1500,1818.29,175.7,1
Disjoncteur Depart HTA,1200,931.14,195.6,0
Disjoncteur Depart HTA,1200,1364.11,191.1,1
Transformateur 100 kVA,80,84.06,224.7,0
Transformateur 630 kVA,500,492.4,214.4,1
Cellule d Arrivee MT,1500,1807.31,178.5,1
Transformateur 630 kVA,500,421.37,201.6,0
Transformateur 630 kVA,500,390.31,182.2,1
Transformateur 100 kVA,80,62.73,192.4,0
Transformateur 630 kVA,500,361.2,196.2,0
Cellule d Arrivee MT,1500,1273.91,203.4,0
Transformateur 250 kVA,200,194.73,184.0,1
Disjoncteur Depart HTA,1200,701.77,185.4,0
Transformateur 250 kVA,200,149.19,205.9,0
Transformateur 630 kVA,500,449.22,172.8,1
Transformateur 250 kVA,200,134.89,222.0,0
Cellule d Arrivee MT,1500,1523.07,193.0,1
Cellule d Arrivee MT,1500,1477.55,180.1,1
Transformateur 630 kVA,500,378.39,188.5,0
Transformateur 100 kVA,80,95.14,218.1,1
Transformateur 250 kVA,200,218.22,191.9,1
Transformateur 100 kVA,80,60.24,196.3,1
Transformateur 100 kVA,80,78.57,211.2,0
Transformateur 400 kVA,320,272.06,202.8,0
Transformateur 630 kVA,500,571.1,211.7,1
Disjoncteur Depart HTA,1200,1408.83,187.8,1
Cellule d Arrivee MT,1500,1559.06,187.8,1
Cellule d Arrivee MT,1500,1801.44,194.7,1
Transformateur 630 kVA,500,447.58,187.4,0
Armoire de Distribution Publique,150,96.11,220.9,0
Armoire de Distribution Publique,150,113.11,187.1,1
Armoire de Distribution Publique,150,110.76,207.7,0
Disjoncteur Depart HTA,1200,681.04,210.1,0
Cellule d Arrivee MT,1500,1312.43,184.7,0
Transformateur 630 kVA,500,442.51,213.8,0
Cellule d Arrivee MT,1500,1190.17,207.9,0
Transformateur 100 kVA,80,69.76,220.2,0
Transformateur 250 kVA,200,250.98,221.1,1
Transformateur 250 kVA,200,107.73,192.7,0
Cellule d Arrivee MT,1500,1777.53,218.6,1
Transformateur 400 kVA,320,431.22,208.2,1
Disjoncteur Depart HTA,1200,1527.28,184.9,1
Armoire de Distribution Publique,150,154.88,194.2,1
Disjoncteur Depart HTA,1200,1337.53,219.5,0
Disjoncteur Depart HTA,1200,833.11,183.5,1
Transformateur 100 kVA,80,86.84,223.6,0
Disjoncteur Depart HTA,1200,872.75,219.8,0
Transformateur 250 kVA,200,198.38,184.1,1
Transformateur 100 kVA,80,77.26,183.4,1
Transformateur 630 kVA,500,295.97,222.3,0
Disjoncteur Depart HTA,1200,1435.67,180.6,1
Disjoncteur Depart HTA,1200,1311.83,192.4,1
Transformateur 630 kVA,500,467.81,182.7,1
Disjoncteur Depart HTA,1200,1166.4,174.2,1
Transformateur 630 kVA,500,445.03,195.0,1
Transformateur 100 kVA,80,102.33,191.2,1
Transformateur 250 kVA,200,138.64,205.4,0
Transformateur 630 kVA,500,316.57,201.9,0
Transformateur 400 kVA,320,321.45,198.5,1
Transformateur 630 kVA,500,598.55,171.8,1
Disjoncteur Depart HTA,1200,676.93,209.5,0
Armoire de Distribution Publique,150,154.82,198.9,1
Armoire de Distribution Publique,150,180.02,183.2,1
Transformateur 100 kVA,80,110.86,197.3,1
Cellule d Arrivee MT,1500,1119.3,180.1,1
Transformateur 100 kVA,80,76.0,175.0,1
Cellule d Arrivee MT,1500,1650.36,174.0,1
Armoire de Distribution Publique,150,131.64,222.2,0
Armoire de Distribution Publique,150,184.15,187.8,1
Transformateur 630 kVA,500,374.01,187.2,1
Transformateur 250 kVA,200,151.01,202.6,0
Transformateur 400 kVA,320,376.15,180.1,1
Transformateur 100 kVA,80,86.69,181.2,1
Disjoncteur Depart HTA,1200,1076.11,171.3,1
Cellule d Arrivee MT,1500,1373.53,193.3,1
Disjoncteur Depart HTA,1200,781.83,185.2,0
Transformateur 250 kVA,200,175.77,172.2,1
Cellule d Arrivee MT,1500,1741.61,187.8,1
Transformateur 100 kVA,80,98.21,211.3,1
Transformateur 630 kVA,500,415.19,202.0,0
Disjoncteur Depart HTA,1200,936.11,193.9,1
Transformateur 250 kVA,200,145.26,202.3,0
Transformateur 100 kVA,80,70.53,186.7,1
Armoire de Distribution Publique,150,164.63,218.0,0
Armoire de Distribution Publique,150,136.17,195.7,0
Transformateur 100 kVA,80,37.77,210.4,0
Transformateur 100 kVA,80,54.15,221.3,0
Transformateur 100 kVA,80,90.23,191.4,1
Cellule d Arrivee MT,1500,1658.52,217.3,0
Transformateur 100 kVA,80,72.5,218.6,0
Disjoncteur Depart HTA,1200,1010.0,200.0,1
Transformateur 250 kVA,200,164.63,179.1,1
Cellule d Arrivee MT,1500,1106.96,190.0,1
Transformateur 100 kVA,80,91.23,185.7,1
Transformateur 400 kVA,320,289.64,190.4,1
Transformateur 400 kVA,320,174.25,198.7,0
Transformateur 250 kVA,200,206.4,196.1,1
Armoire de Distribution Publique,150,138.66,171.1,1
Transformateur 630 kVA,500,413.57,180.2,1
Transformateur 630 kVA,500,464.04,220.5,0
Armoire de Distribution Publique,150,129.74,186.1,1
Cellule d Arrivee MT,1500,1335.85,177.8,1
Cellule d Arrivee MT,1500,2110.8,195.0,1
Cellule d Arrivee MT,1500,1379.56,185.4,1
Transformateur 630 kVA,500,557.17,199.4,1
Transformateur 400 kVA,320,389.26,219.4,1
Transformateur 630 kVA,500,449.54,183.1,1
Disjoncteur Depart HTA,1200,1356.45,211.9,0
Transformateur 100 kVA,80,95.3,218.1,0
Cellule d Arrivee MT,1500,1143.53,194.3,0
Transformateur 400 kVA,320,319.65,202.4,1
Transformateur 250 kVA,200,192.87,204.4,0
Transformateur 250 kVA,200,166.99,188.1,0
Transformateur 100 kVA,80,75.11,224.3,0
Transformateur 400 kVA,320,270.73,211.0,0
Transformateur 630 kVA,500,503.53,174.8,1
Transformateur 630 kVA,500,346.81,178.2,1
Disjoncteur Depart HTA,1200,922.88,202.5,0
Disjoncteur Depart HTA,1200,1078.59,171.4,1
Transformateur 630 kVA,500,480.68,208.0,1
Transformateur 250 kVA,200,120.37,186.7,0
Cellule d Arrivee MT,1500,1439.21,217.2,0
Transformateur 250 kVA,200,182.4,174.5,1
Disjoncteur Depart HTA,1200,1246.79,193.2,0
Transformateur 100 kVA,80,75.08,191.8,1
Transformateur 630 kVA,500,474.3,222.4,0
Disjoncteur Depart HTA,1200,1640.08,220.4,1
Disjoncteur Depart HTA,1200,1243.28,174.4,1
Cellule d Arrivee MT,1500,1434.41,172.7,1
Transformateur 630 kVA,500,357.84,212.6,0
Cellule d Arrivee MT,1500,1292.12,208.0,0
Transformateur 630 kVA,500,521.27,205.8,1
Cellule d Arrivee MT,1500,1599.48,172.5,1
Transformateur 250 kVA,200,141.58,226.2,0
Transformateur 100 kVA,80,80.52,183.4,1
Transformateur 100 kVA,80,100.83,209.6,1
Transformateur 630 kVA,500,525.69,181.5,1
Transformateur 400 kVA,320,205.75,202.7,0
Armoire de Distribution Publique,150,80.7,199.7,0
Disjoncteur Depart HTA,1200,1290.33,223.6,0
Disjoncteur Depart HTA,1200,1320.73,173.9,1
Transformateur 630 kVA,500,684.53,219.8,1
Cellule d Arrivee MT,1500,1150.03,202.5,0
Transformateur 400 kVA,320,346.26,209.4,1
Transformateur 250 kVA,200,242.71,221.5,0
Cellule d Arrivee MT,1500,1419.54,220.0,0
Cellule d Arrivee MT,1500,1529.71,173.5,1
Transformateur 630 kVA,500,473.71,175.2,1
Transformateur 630 kVA,500,607.38,179.0,1
Disjoncteur Depart HTA,1200,933.99,216.8,0
Transformateur 630 kVA,500,542.59,181.1,1
Transformateur 630 kVA,500,560.25,211.0,1
Transformateur 630 kVA,500,631.99,176.2,1
Disjoncteur Depart HTA,1200,1107.3,192.6,0
Transformateur 250 kVA,200,243.65,204.3,1
Transformateur 250 kVA,200,183.28,184.3,1
Armoire de Distribution Publique,150,125.38,222.5,0
Armoire de Distribution Publique,150,174.69,186.9,1
Transformateur 630 kVA,500,512.02,225.9,0
Armoire de Distribution Publique,150,97.3,202.0,0
Disjoncteur Depart HTA,1200,958.42,170.5,1
Transformateur 250 kVA,200,220.65,199.2,1
Cellule d Arrivee MT,1500,1004.03,222.1,0
Transformateur 250 kVA,200,155.47,177.0,1
Transformateur 250 kVA,200,160.9,193.6,1
Disjoncteur Depart HTA,1200,1259.74,220.4,0
Armoire de Distribution Publique,150,121.57,219.6,0
Cellule d Arrivee MT,1500,1863.65,189.5,1
Disjoncteur Depart HTA,1200,1341.42,193.1,1
Transformateur 630 kVA,500,420.08,206.1,1
Transformateur 100 kVA,80,93.54,183.1,1
Transformateur 250 kVA,200,145.97,172.6,1
Transformateur 100 kVA,80,61.48,206.6,0
Disjoncteur Depart HTA,1200,1130.02,222.3,0
Disjoncteur Depart HTA,1200,891.11,226.7,0
Disjoncteur Depart HTA,1200,1187.54,188.8,1
Transformateur 100 kVA,80,77.21,175.1,1
Disjoncteur Depart HTA,1200,652.69,216.8,0
Transformateur 630 kVA,500,346.06,207.6,0
Disjoncteur Depart HTA,1200,1016.2,183.7,1
Transformateur 400 kVA,320,346.6,177.9,1
Armoire de Distribution Publique,150,118.55,184.7,1
Transformateur 100 kVA,80,109.52,201.6,1
Transformateur 400 kVA,320,288.69,190.3,1
Disjoncteur Depart HTA,1200,1122.46,218.7,0
Transformateur 630 kVA,500,290.31,216.9,0
Transformateur 250 kVA,200,196.56,199.0,0
Cellule d Arrivee MT,1500,1328.24,218.5,0
Armoire de Distribution Publique,150,108.92,221.4,0
Cellule d Arrivee MT,1500,1136.38,200.9,0
Disjoncteur Depart HTA,1200,1123.91,173.9,1
Armoire de Distribution Publique,150,114.86,180.1,1
Armoire de Distribution Publique,150,125.44,195.1,0
Transformateur 630 kVA,500,511.19,205.5,1
Armoire de Distribution Publique,150,146.15,191.9,1
Transformateur 100 kVA,80,69.76,211.8,0
Transformateur 400 kVA,320,409.56,178.6,1
Transformateur 400 kVA,320,303.37,226.2,0
Transformateur 400 kVA,320,246.47,223.3,0
Transformateur 100 kVA,80,69.27,206.1,1
Cellule d Arrivee MT,1500,1217.51,170.6,1
Transformateur 630 kVA,500,451.92,204.8,1
Armoire de Distribution Publique,150,113.0,186.0,1
Transformateur 100 kVA,80,77.0,226.8,0
Transformateur 400 kVA,320,334.29,189.0,1
Disjoncteur Depart HTA,1200,1136.11,226.4,0
Transformateur 250 kVA,200,213.16,202.2,0
Armoire de Distribution Publique,150,106.99,195.0,1
Transformateur 100 kVA,80,67.18,199.6,0
Transformateur 100 kVA,80,51.26,214.2,0
Transformateur 630 kVA,500,524.58,206.7,1
Transformateur 630 kVA,500,463.83,192.4,1
Transformateur 100 kVA,80,67.91,216.1,0
Transformateur 400 kVA,320,214.47,200.8,0
Transformateur 250 kVA,200,229.43,216.1,0
Armoire de Distribution Publique,150,154.6,176.2,1
Transformateur 630 kVA,500,433.89,191.0,1
Armoire de Distribution Publique,150,83.51,221.1,0
Transformateur 400 kVA,320,295.58,213.7,0
Armoire de Distribution Publique,150,144.44,209.6,0
Disjoncteur Depart HTA,1200,1108.15,216.4,0
Transformateur 630 kVA,500,407.96,195.0,0
Transformateur 400 kVA,320,258.55,178.9,1
Transformateur 400 kVA,320,232.84,205.1,0
Transformateur 250 kVA,200,186.01,214.8,0
Transformateur 250 kVA,200,130.32,207.8,0
Disjoncteur Depart HTA,1200,1028.15,219.9,0
Transformateur 400 kVA,320,273.97,223.4,0
Cellule d Arrivee MT,1500,1511.43,172.7,1
Transformateur 400 kVA,320,325.05,186.2,1
Transformateur 250 kVA,200,249.04,178.3,1
Cellule d Arrivee MT,1500,1598.88,203.2,0
Transformateur 630 kVA,500,506.86,207.1,1
Transformateur 630 kVA,500,462.8,226.0,0
Armoire de Distribution Publique,150,152.68,173.0,0
Transformateur 100 kVA,80,99.71,184.5,1
Transformateur 250 kVA,200,162.61,222.5,0
Transformateur 100 kVA,80,88.18,197.7,0
Cellule d Arrivee MT,1500,1175.96,178.3,0
Transformateur 250 kVA,200,244.75,174.5,1
Disjoncteur Depart HTA,1200,1332.03,217.1,0
Transformateur 400 kVA,320,254.46,177.6,1
Disjoncteur Depart HTA,1200,1166.44,206.4,0
Cellule d Arrivee MT,1500,2030.9,208.3,1
Transformateur 250 kVA,200,197.65,195.2,1
Cellule d Arrivee MT,1500,1202.1,223.8,0
Transformateur 400 kVA,320,296.56,187.5,1
Transformateur 630 kVA,500,482.08,186.9,1
Transformateur 630 kVA,500,493.62,183.6,1
Cellule d Arrivee MT,1500,1187.18,211.3,0
Transformateur 100 kVA,80,90.36,195.7,1
Transformateur 250 kVA,200,147.21,226.7,0
Transformateur 250 kVA,200,164.32,185.9,1
Transformateur 630 kVA,500,463.88,176.9,1
Armoire de Distribution Publique,150,120.77,203.4,0
Disjoncteur Depart HTA,1200,1630.35,184.0,1
Armoire de Distribution Publique,150,92.44,210.0,0
Transformateur 400 kVA,320,341.08,173.3,1
Disjoncteur Depart HTA,1200,970.65,179.8,1
Disjoncteur Depart HTA,1200,1164.67,195.1,1
Cellule d Arrivee MT,1500,1640.94,213.1,1
Transformateur 630 kVA,500,502.56,211.8,0
Armoire de Distribution Publique,150,150.55,184.1,1
Armoire de Distribution Publique,150,135.37,183.7,1
Transformateur 630 kVA,500,475.38,196.1,1
Armoire de Distribution Publique,150,113.86,188.8,0
Transformateur 630 kVA,500,516.35,173.3,1
Cellule d Arrivee MT,1500,1224.24,217.6,0
Transformateur 100 kVA,80,58.57,201.8,0
Disjoncteur Depart HTA,1200,828.55,190.9,0
Cellule d Arrivee MT,1500,1333.9,199.7,0
Transformateur 250 kVA,200,180.85,196.0,1
Transformateur 400 kVA,320,292.0,216.1,0
Transformateur 100 kVA,80,81.96,176.8,1
Transformateur 250 kVA,200,171.2,224.2,0
Disjoncteur Depart HTA,1200,757.43,178.3,1
Armoire de Distribution Publique,150,111.47,191.6,0
Transformateur 630 kVA,500,280.64,179.9,0
Disjoncteur Depart HTA,1200,737.45,198.0,0
Cellule d Arrivee MT,1500,1549.34,202.9,0
Transformateur 400 kVA,320,233.72,172.8,1
Cellule d Arrivee MT,1500,1829.59,200.8,1
Transformateur 100 kVA,80,107.43,171.2,1
Transformateur 100 kVA,80,73.37,205.2,0
Transformateur 400 kVA,320,241.73,186.6,1
Transformateur 250 kVA,200,235.2,226.2,0
Transformateur 250 kVA,200,183.69,214.7,0
Transformateur 100 kVA,80,80.98,206.3,0
Transformateur 100 kVA,80,86.77,200.0,1
Armoire de Distribution Publique,150,127.45,212.8,0
Transformateur 630 kVA,500,501.34,205.7,0
Armoire de Distribution Publique,150,117.41,209.3,0
Armoire de Distribution Publique,150,204.39,183.4,1
Transformateur 250 kVA,200,160.72,175.0,1
Transformateur 400 kVA,320,305.43,200.6,1
Transformateur 250 kVA,200,147.16,226.1,0
Transformateur 630 kVA,500,297.12,187.0,0
Cellule d Arrivee MT,1500,983.1,224.6,0
Transformateur 100 kVA,80,74.13,221.4,0
Transformateur 100 kVA,80,52.95,200.6,0
Transformateur 630 kVA,500,482.49,179.0,1
Armoire de Distribution Publique,150,171.2,194.4,1
Transformateur 400 kVA,320,292.31,197.4,1
Transformateur 100 kVA,80,61.08,187.8,0
Disjoncteur Depart HTA,1200,878.28,197.1,1
Armoire de Distribution Publique,150,113.45,189.1,1
Transformateur 100 kVA,80,72.36,182.6,1
Disjoncteur Depart HTA,1200,1217.78,226.6,0
Transformateur 630 kVA,500,545.04,170.9,1
Transformateur 630 kVA,500,382.78,188.7,1
Armoire de Distribution Publique,150,181.93,205.5,1
Transformateur 100 kVA,80,92.64,176.7,1
Transformateur 250 kVA,200,153.08,181.3,1
Disjoncteur Depart HTA,1200,1356.04,203.8,1
Transformateur 400 kVA,320,309.91,198.1,1
Transformateur 100 kVA,80,56.31,215.5,0
Transformateur 400 kVA,320,330.85,197.0,0
Transformateur 100 kVA,80,56.52,211.1,0
Transformateur 250 kVA,200,219.84,215.2,1
Transformateur 250 kVA,200,119.91,224.1,0
Armoire de Distribution Publique,150,149.68,221.8,0
Armoire de Distribution Publique,150,149.75,171.1,1
Transformateur 250 kVA,200,126.34,186.2,1
Cellule d Arrivee MT,1500,1350.66,217.0,0
Transformateur 250 kVA,200,252.61,226.9,0
Transformateur 630 kVA,500,569.29,182.3,1
Transformateur 630 kVA,500,566.68,175.9,1
Cellule d Arrivee MT,1500,864.32,171.2,1
Disjoncteur Depart HTA,1200,540.47,189.9,0
Transformateur 400 kVA,320,347.29,189.2,1
Transformateur 100 kVA,80,96.37,205.6,1
Transformateur 100 kVA,80,50.95,185.9,1
Cellule d Arrivee MT,1500,1621.28,200.5,1
Transformateur 630 kVA,500,392.49,185.9,1
Armoire de Distribution Publique,150,145.04,172.4,1
Transformateur 100 kVA,80,55.65,196.6,1
Transformateur 630 kVA,500,582.02,197.9,1
Disjoncteur Depart HTA,1200,1054.53,197.4,0
Transformateur 400 kVA,320,142.82,193.5,1
Disjoncteur Depart HTA,1200,922.92,174.6,0
Cellule d Arrivee MT,1500,1296.75,204.5,0
Transformateur 250 kVA,200,162.0,196.4,0
Transformateur 250 kVA,200,154.45,220.9,0
Transformateur 250 kVA,200,138.87,197.0,0
Disjoncteur Depart HTA,1200,1171.87,199.4,1
Transformateur 100 kVA,80,93.79,201.4,1
Transformateur 400 kVA,320,446.58,211.3,1
Transformateur 250 kVA,200,205.28,185.2,1
Cellule d Arrivee MT,1500,1232.34,180.7,1
Cellule d Arrivee MT,1500,1347.25,179.7,0
Transformateur 250 kVA,200,216.71,177.9,1
Transformateur 250 kVA,200,160.54,224.9,0
Transformateur 400 kVA,320,285.1,171.1,1
Transformateur 250 kVA,200,227.31,197.7,1
Transformateur 400 kVA,320,388.06,225.4,0
Cellule d Arrivee MT,1500,1769.52,191.6,1
Transformateur 250 kVA,200,207.14,182.9,0
Disjoncteur Depart HTA,1200,951.56,179.4,1
Armoire de Distribution Publique,150,138.28,171.8,1
Disjoncteur Depart HTA,1200,570.37,175.4,0
Cellule d Arrivee MT,1500,1633.11,181.1,1
Transformateur 400 kVA,320,431.56,215.9,1
Disjoncteur Depart HTA,1200,1416.3,201.4,1
Transformateur 400 kVA,320,377.45,183.4,1
Disjoncteur Depart HTA,1200,1456.32,204.1,1
Disjoncteur Depart HTA,1200,1061.72,183.0,1
Transformateur 400 kVA,320,341.27,196.5,1
Transformateur 100 kVA,80,58.05,181.6,1
Disjoncteur Depart HTA,1200,830.06,209.4,0
Transformateur 250 kVA,200,228.72,209.5,0
Armoire de Distribution Publique,150,161.78,207.6,1
Cellule d Arrivee MT,1500,1825.04,220.5,0
Transformateur 100 kVA,80,64.57,194.6,0
Transformateur 400 kVA,320,320.85,200.8,1
Transformateur 100 kVA,80,60.22,224.6,0
Transformateur 630 kVA,500,354.39,192.8,0
Transformateur 630 kVA,500,547.13,223.3,0
Disjoncteur Depart HTA,1200,1310.26,187.7,1
Disjoncteur Depart HTA,1200,1018.06,215.3,0
Transformateur 250 kVA,200,125.5,208.9,0
Armoire de Distribution Publique,150,85.51,210.7,0
Cellule d Arrivee MT,1500,895.12,182.6,0
Transformateur 100 kVA,80,45.35,206.5,0
Transformateur 630 kVA,500,615.4,174.7,1
Disjoncteur Depart HTA,1200,1440.49,196.7,1
Cellule d Arrivee MT,1500,1292.7,214.1,0
Transformateur 100 kVA,80,71.23,185.6,1
Disjoncteur Depart HTA,1200,1148.83,210.7,0
Disjoncteur Depart HTA,1200,1197.55,214.6,0
Transformateur 630 kVA,500,457.04,187.9,1
Transformateur 630 kVA,500,511.14,178.9,1
Disjoncteur Depart HTA,1200,942.92,195.0,0
Transformateur 400 kVA,320,390.07,213.2,0
Disjoncteur Depart HTA,1200,1242.3,176.4,1
Cellule d Arrivee MT,1500,1264.78,203.7,0
Disjoncteur Depart HTA,1200,937.54,212.4,0
Transformateur 250 kVA,200,225.39,211.4,1
Armoire de Distribution Publique,150,98.13,185.1,1
Transformateur 250 kVA,200,228.72,210.7,1
Transformateur 250 kVA,200,124.34,181.9,1
Transformateur 400 kVA,320,158.24,226.7,0
Transformateur 400 kVA,320,327.9,208.2,1
Disjoncteur Depart HTA,1200,1437.1,186.4,1
Transformateur 250 kVA,200,252.93,202.1,1
Transformateur 400 kVA,320,446.95,193.1,1
Transformateur 630 kVA,500,555.06,195.7,1
Disjoncteur Depart HTA,1200,1274.03,226.1,0
Cellule d Arrivee MT,1500,1733.75,178.6,1
Armoire de Distribution Publique,150,132.22,185.5,1
Transformateur 100 kVA,80,81.32,179.6,1
Disjoncteur Depart HTA,1200,1443.17,189.4,1
Transformateur 100 kVA,80,62.07,198.2,0
Transformateur 250 kVA,200,198.26,174.3,1
Armoire de Distribution Publique,150,120.36,199.3,0
Transformateur 100 kVA,80,84.78,201.5,1
Transformateur 250 kVA,200,131.84,204.6,0
Transformateur 630 kVA,500,504.45,222.0,1
Transformateur 100 kVA,80,81.64,193.5,0
Armoire de Distribution Publique,150,157.69,211.8,1
Disjoncteur Depart HTA,1200,1063.25,210.6,0
Transformateur 250 kVA,200,150.18,201.0,1
Disjoncteur Depart HTA,1200,1086.77,173.7,1
Armoire de Distribution Publique,150,150.4,195.8,0
Transformateur 400 kVA,320,361.99,194.6,1
Transformateur 250 kVA,200,205.41,213.8,0
Transformateur 100 kVA,80,73.63,207.3,1
Transformateur 250 kVA,200,230.81,211.8,1
Disjoncteur Depart HTA,1200,782.71,201.8,0
Transformateur 630 kVA,500,342.92,174.4,1
Transformateur 250 kVA,200,193.84,200.1,1
Transformateur 100 kVA,80,73.57,214.6,0
Transformateur 400 kVA,320,252.36,210.7,0
Cellule d Arrivee MT,1500,1620.47,206.6,0
Transformateur 630 kVA,500,500.97,199.3,1
Transformateur 400 kVA,320,305.63,190.5,1
Transformateur 250 kVA,200,170.44,221.0,0
Disjoncteur Depart HTA,1200,1139.05,190.6,1
Armoire de Distribution Publique,150,172.1,175.5,1
Disjoncteur Depart HTA,1200,1458.84,206.6,1
Transformateur 100 kVA,80,57.82,179.7,0
Disjoncteur Depart HTA,1200,903.19,184.5,0
Transformateur 630 kVA,500,377.15,172.8,0
Disjoncteur Depart HTA,1200,1038.26,182.0,0
Transformateur 100 kVA,80,54.59,210.1,0
Cellule d Arrivee MT,1500,1626.27,214.5,1
Transformateur 250 kVA,200,272.73,216.8,1
Armoire de Distribution Publique,150,110.11,221.0,0
Transformateur 250 kVA,200,200.06,182.2,1
Disjoncteur Depart HTA,1200,1077.19,177.3,1
Transformateur 400 kVA,320,240.84,208.4,0
Transformateur 250 kVA,200,215.02,207.2,0
Cellule d Arrivee MT,1500,1254.0,202.4,0
Disjoncteur Depart HTA,1200,833.04,195.2,1
Armoire de Distribution Publique,150,124.91,219.2,0
Transformateur 100 kVA,80,90.18,221.7,1
Cellule d Arrivee MT,1500,1208.92,214.9,0
Disjoncteur Depart HTA,1200,1024.93,225.2,0
Cellule d Arrivee MT,1500,1102.4,172.2,1
Transformateur 250 kVA,200,179.97,181.4,0
Armoire de Distribution Publique,150,168.91,171.0,1
Transformateur 100 kVA,80,66.11,216.6,0
Disjoncteur Depart HTA,1200,1446.02,214.0,1
Transformateur 630 kVA,500,351.9,188.5,0
Transformateur 100 kVA,80,84.43,172.6,1
Transformateur 630 kVA,500,614.8,199.4,1
Cellule d Arrivee MT,1500,1251.02,213.9,0
Transformateur 400 kVA,320,176.27,171.1,0
Transformateur 100 kVA,80,64.79,210.1,0
Cellule d Arrivee MT,1500,1070.97,195.8,0
Transformateur 630 kVA,500,598.45,186.6,1
Transformateur 250 kVA,200,146.65,222.9,0
Transformateur 250 kVA,200,168.0,183.4,0
Transformateur 400 kVA,320,282.2,183.1,1
Transformateur 100 kVA,80,86.81,213.5,1
Transformateur 100 kVA,80,69.14,174.7,1
Transformateur 100 kVA,80,87.74,172.9,1
Cellule d Arrivee MT,1500,1269.13,178.0,1
Armoire de Distribution Publique,150,136.13,196.0,0
Armoire de Distribution Publique,150,148.78,195.4,0
Transformateur 400 kVA,320,371.27,217.9,0
Transformateur 100 kVA,80,66.21,193.0,1
Cellule d Arrivee MT,1500,1307.0,220.6,0
Transformateur 250 kVA,200,185.18,199.5,0
Transformateur 630 kVA,500,522.05,195.8,1
Cellule d Arrivee MT,1500,1776.42,203.2,1
Armoire de Distribution Publique,150,116.86,195.6,0
Armoire de Distribution Publique,150,110.76,211.1,0
Transformateur 250 kVA,200,240.57,183.7,1
Transformateur 250 kVA,200,154.06,174.3,1
Transformateur 630 kVA,500,400.99,189.1,0
Transformateur 250 kVA,200,188.18,221.7,0
Transformateur 400 kVA,320,134.99,206.2,0
Transformateur 630 kVA,500,517.33,211.3,0
Transformateur 250 kVA,200,186.61,190.2,0
Disjoncteur Depart HTA,1200,863.53,207.7,0
Cellule d Arrivee MT,1500,1447.8,220.0,0
Transformateur 250 kVA,200,233.13,202.9,1
Transformateur 400 kVA,320,230.01,203.5,0
Transformateur 100 kVA,80,77.48,214.0,0
Transformateur 250 kVA,200,200.02,210.4,1
Armoire de Distribution Publique,150,95.8,216.0,0
Armoire de Distribution Publique,150,178.79,210.8,1
Armoire de Distribution Publique,150,151.61,219.3,0
Transformateur 100 kVA,80,86.63,199.5,1
Armoire de Distribution Publique,150,135.17,221.2,0
Disjoncteur Depart HTA,1200,976.12,223.9,0
Transformateur 250 kVA,200,112.45,187.1,0
Armoire de Distribution Publique,150,182.28,172.4,1
Transformateur 630 kVA,500,467.86,191.3,1
Transformateur 100 kVA,80,86.38,173.7,1
Disjoncteur Depart HTA,1200,1042.0,215.7,0
Transformateur 630 kVA,500,500.32,180.7,1
Transformateur 630 kVA,500,518.11,216.2,1
Transformateur 630 kVA,500,372.05,204.3,0
Transformateur 630 kVA,500,477.59,201.3,1
Transformateur 250 kVA,200,165.11,188.5,0
Armoire de Distribution Publique,150,141.91,205.9,0
Cellule d Arrivee MT,1500,1065.35,219.9,0
Transformateur 250 kVA,200,107.6,209.9,0
Transformateur 250 kVA,200,165.51,173.0,1
Disjoncteur Depart HTA,1200,1218.29,211.1,0
Disjoncteur Depart HTA,1200,960.26,193.6,1
Armoire de Distribution Publique,150,113.68,182.7,0
Cellule d Arrivee MT,1500,1647.02,209.6,1
Disjoncteur Depart HTA,1200,1087.35,219.8,0
Armoire de Distribution Publique,150,165.43,189.3,1
Armoire de Distribution Publique,150,128.35,211.4,0
Transformateur 400 kVA,320,386.4,184.9,1
Cellule d Arrivee MT,1500,1612.73,205.4,1
Disjoncteur Depart HTA,1200,1346.57,205.8,1
Cellule d Arrivee MT,1500,1158.98,200.8,1
Transformateur 250 kVA,200,171.94,196.5,0
Transformateur 250 kVA,200,194.28,196.9,1
Cellule d Arrivee MT,1500,1279.19,192.2,1
Transformateur 400 kVA,320,270.93,206.5,0
Transformateur 400 kVA,320,219.83,215.7,0
Cellule d Arrivee MT,1500,1199.74,179.5,1
Disjoncteur Depart HTA,1200,922.45,185.3,1
Transformateur 100 kVA,80,91.97,192.6,1
Transformateur 400 kVA,320,306.6,199.2,1
Transformateur 630 kVA,500,516.89,197.7,1
Transformateur 250 kVA,200,156.19,188.3,1
Cellule d Arrivee MT,1500,1117.82,182.6,1
Transformateur 630 kVA,500,584.75,222.7,1
Cellule d Arrivee MT,1500,1445.11,198.7,0
Armoire de Distribution Publique,150,99.32,176.3,1
Transformateur 250 kVA,200,176.28,190.7,1
Transformateur 250 kVA,200,203.84,197.1,1
Transformateur 400 kVA,320,367.15,200.5,1
Transformateur 400 kVA,320,299.75,223.8,0
Transformateur 630 kVA,500,624.03,222.5,1
Armoire de Distribution Publique,150,179.32,173.4,1
Cellule d Arrivee MT,1500,838.73,218.5,0
Armoire de Distribution Publique,150,146.31,205.5,1
Transformateur 250 kVA,200,169.57,216.8,0
Transformateur 630 kVA,500,500.71,198.5,1
Transformateur 100 kVA,80,72.68,202.0,1
Transformateur 630 kVA,500,414.04,200.1,0
Disjoncteur Depart HTA,1200,876.27,193.4,0
Transformateur 630 kVA,500,430.49,209.9,0
Armoire de Distribution Publique,150,132.07,212.6,0
Disjoncteur Depart HTA,1200,920.52,172.2,1
Disjoncteur Depart HTA,1200,1266.35,218.9,1
Disjoncteur Depart HTA,1200,1224.97,191.9,1
Transformateur 100 kVA,80,65.82,217.4,0
Transformateur 630 kVA,500,420.75,223.9,0
Armoire de Distribution Publique,150,134.16,183.0,0
Transformateur 630 kVA,500,400.79,197.6,0
Transformateur 100 kVA,80,92.39,178.8,1
Transformateur 250 kVA,200,99.05,219.6,0
Transformateur 400 kVA,320,172.97,205.9,0
Armoire de Distribution Publique,150,149.89,190.9,1
Armoire de Distribution Publique,150,123.51,177.6,1
Transformateur 630 kVA,500,427.95,170.3,1
Transformateur 400 kVA,320,319.9,226.2,0
Cellule d Arrivee MT,1500,1754.27,183.4,1
Cellule d Arrivee MT,1500,1144.42,203.0,0
Transformateur 100 kVA,80,77.72,186.4,1
Cellule d Arrivee MT,1500,1946.62,176.2,1
Armoire de Distribution Publique,150,136.78,185.4,1
Cellule d Arrivee MT,1500,1264.97,190.7,1
Transformateur 250 kVA,200,174.98,221.9,0
Transformateur 250 kVA,200,162.21,181.2,1
Transformateur 250 kVA,200,216.0,185.1,1
Cellule d Arrivee MT,1500,1657.55,172.7,1
Transformateur 100 kVA,80,86.08,173.4,1
Disjoncteur Depart HTA,1200,1321.56,172.8,1
Disjoncteur Depart HTA,1200,671.11,224.6,0
Transformateur 400 kVA,320,399.1,191.5,1
Disjoncteur Depart HTA,1200,1044.35,225.9,0
Disjoncteur Depart HTA,1200,1116.04,170.6,1
Transformateur 250 kVA,200,198.64,180.2,1
Transformateur 250 kVA,200,240.22,196.3,1
Cellule d Arrivee MT,1500,1556.35,194.1,0
Transformateur 400 kVA,320,265.48,171.0,1
Transformateur 630 kVA,500,595.11,203.0,1
Armoire de Distribution Publique,150,111.5,207.3,0
Transformateur 400 kVA,320,247.94,203.9,1
Transformateur 400 kVA,320,353.35,205.1,1
Transformateur 100 kVA,80,44.18,225.6,0
Cellule d Arrivee MT,1500,1752.68,181.1,1
Transformateur 100 kVA,80,67.4,222.8,0
Transformateur 400 kVA,320,269.45,171.9,1
Transformateur 400 kVA,320,241.2,188.7,1
Transformateur 400 kVA,320,254.21,191.0,1
Disjoncteur Depart HTA,1200,1166.69,200.0,0
Armoire de Distribution Publique,150,155.28,188.8,1
Armoire de Distribution Publique,150,145.46,190.8,1
Transformateur 100 kVA,80,56.2,196.4,0
Transformateur 400 kVA,320,344.22,210.3,0
Armoire de Distribution Publique,150,132.03,195.3,0
Transformateur 250 kVA,200,180.17,219.8,0
Armoire de Distribution Publique,150,216.91,222.4,1
Cellule d Arrivee MT,1500,1487.15,175.0,1
Cellule d Arrivee MT,1500,1904.83,184.9,1
Armoire de Distribution Publique,150,112.46,188.4,1
Transformateur 250 kVA,200,181.99,216.7,0
Cellule d Arrivee MT,1500,856.39,185.8,0
Disjoncteur Depart HTA,1200,1019.56,225.1,0
Armoire de Distribution Publique,150,107.81,206.0,0
Disjoncteur Depart HTA,1200,1607.19,175.7,1
Armoire de Distribution Publique,150,167.21,203.3,1
Transformateur 630 kVA,500,409.24,221.5,0
Transformateur 630 kVA,500,355.85,189.8,1
Transformateur 630 kVA,500,517.82,175.2,1
Cellule d Arrivee MT,1500,1217.61,189.3,1
Disjoncteur Depart HTA,1200,949.43,185.5,1
Disjoncteur Depart HTA,1200,1256.89,179.6,1
Disjoncteur Depart HTA,1200,1151.11,223.5,0
Transformateur 250 kVA,200,160.92,175.7,1
Disjoncteur Depart HTA,1200,843.25,215.1,0
Transformateur 250 kVA,200,191.7,186.0,1
Transformateur 630 kVA,500,440.64,213.2,0
Transformateur 630 kVA,500,534.65,196.4,1
Cellule d Arrivee MT,1500,1724.81,186.4,1
Armoire de Distribution Publique,150,140.68,223.2,0
Transformateur 630 kVA,500,545.03,210.0,1
Armoire de Distribution Publique,150,167.9,215.6,0
Armoire de Distribution Publique,150,182.35,222.6,1
Cellule d Arrivee MT,1500,1062.97,185.6,0
Transformateur 400 kVA,320,154.92,226.3,0
Transformateur 400 kVA,320,306.47,195.5,0
Transformateur 100 kVA,80,86.62,182.5,1
Cellule d Arrivee MT,1500,1222.45,198.2,0
Transformateur 100 kVA,80,77.74,173.8,1
Transformateur 100 kVA,80,64.78,194.6,1
Transformateur 400 kVA,320,210.85,185.9,1
Cellule d Arrivee MT,1500,1514.01,172.2,1
Transformateur 400 kVA,320,206.35,203.1,0
Transformateur 100 kVA,80,91.96,184.2,1
Cellule d Arrivee MT,1500,1667.17,211.0,1
Transformateur 100 kVA,80,64.53,170.4,1
Disjoncteur Depart HTA,1200,971.8,173.4,1
Armoire de Distribution Publique,150,100.36,179.8,0
Cellule d Arrivee MT,1500,1614.13,183.2,1
Cellule d Arrivee MT,1500,1159.3,208.8,0
Armoire de Distribution Publique,150,127.85,210.7,0
Transformateur 100 kVA,80,97.65,192.3,1
Disjoncteur Depart HTA,1200,1524.08,221.2,1
Transformateur 250 kVA,200,224.8,193.4,1
Armoire de Distribution Publique,150,119.38,192.8,0
Transformateur 400 kVA,320,203.88,185.2,0
Transformateur 100 kVA,80,69.14,196.3,1
Armoire de Distribution Publique,150,159.68,199.2,1
Armoire de Distribution Publique,150,128.07,194.8,1
Cellule d Arrivee MT,1500,2031.39,195.7,1
Transformateur 400 kVA,320,322.74,171.9,1
Transformateur 400 kVA,320,131.43,186.7,0
Transformateur 400 kVA,320,173.39,200.5,0
Armoire de Distribution Publique,150,153.66,181.2,1
Transformateur 250 kVA,200,118.24,187.5,0
Transformateur 630 kVA,500,582.39,179.2,1
Transformateur 100 kVA,80,94.66,215.8,0
Transformateur 630 kVA,500,577.59,202.2,1
Armoire de Distribution Publique,150,151.76,226.4,0
Transformateur 630 kVA,500,379.83,224.5,0
Armoire de Distribution Publique,150,158.39,212.7,1
Transformateur 630 kVA,500,467.16,209.9,0
Transformateur 400 kVA,320,352.53,214.2,0
Disjoncteur Depart HTA,1200,1177.7,181.7,1
Transformateur 400 kVA,320,240.14,184.0,0
Transformateur 400 kVA,320,245.89,211.3,0
Cellule d Arrivee MT,1500,1667.06,188.5,1
Cellule d Arrivee MT,1500,1602.21,207.5,1
Transformateur 630 kVA,500,597.4,172.7,1
Armoire de Distribution Publique,150,168.49,178.9,1
Transformateur 400 kVA,320,308.96,170.2,1
Transformateur 630 kVA,500,476.31,185.7,1
Cellule d Arrivee MT,1500,1150.61,193.4,0
Disjoncteur Depart HTA,1200,1017.53,191.8,1
Transformateur 100 kVA,80,53.86,182.1,1
Transformateur 630 kVA,500,284.82,203.6,0
Disjoncteur Depart HTA,1200,1154.39,214.4,1
Transformateur 100 kVA,80,66.76,200.5,0
Transformateur 250 kVA,200,238.85,226.3,0
Transformateur 630 kVA,500,445.28,197.0,1
Transformateur 630 kVA,500,415.83,213.3,0
Transformateur 250 kVA,200,241.56,222.6,0
Transformateur 250 kVA,200,151.34,223.4,0
Transformateur 630 kVA,500,446.22,215.2,0
Transformateur 250 kVA,200,198.89,222.5,0
Transformateur 400 kVA,320,346.28,177.0,1
Transformateur 100 kVA,80,78.34,195.6,1
Transformateur 100 kVA,80,93.05,207.0,1
Transformateur 100 kVA,80,59.19,202.3,0
Transformateur 400 kVA,320,280.84,177.5,1
Armoire de Distribution Publique,150,129.93,222.7,0
Transformateur 250 kVA,200,182.37,173.6,1
Disjoncteur Depart HTA,1200,1168.77,174.0,1
Transformateur 250 kVA,200,198.83,219.0,0
Transformateur 630 kVA,500,418.88,219.5,0
Cellule d Arrivee MT,1500,1474.56,226.4,0
Transformateur 100 kVA,80,72.18,213.7,0
Transformateur 250 kVA,200,129.96,204.5,0
Disjoncteur Depart HTA,1200,591.56,221.4,0
Transformateur 630 kVA,500,233.11,217.4,0
Transformateur 400 kVA,320,160.81,220.0,0
Armoire de Distribution Publique,150,127.03,227.0,0
Transformateur 400 kVA,320,321.82,225.1,0
Disjoncteur Depart HTA,1200,1396.07,170.8,1
Transformateur 630 kVA,500,437.07,211.8,0
Transformateur 100 kVA,80,69.41,226.5,0
Transformateur 250 kVA,200,165.87,196.6,0
Transformateur 630 kVA,500,367.77,197.7,0
Armoire de Distribution Publique,150,143.58,175.0,1
Transformateur 400 kVA,320,278.87,199.4,1
Armoire de Distribution Publique,150,135.25,187.6,1
Armoire de Distribution Publique,150,188.07,190.8,1
Disjoncteur Depart HTA,1200,1020.48,211.1,0
Disjoncteur Depart HTA,1200,1143.4,223.1,0
Transformateur 250 kVA,200,177.84,214.3,0
Disjoncteur Depart HTA,1200,1236.07,190.6,1
Disjoncteur Depart HTA,1200,969.04,171.5,1
Transformateur 630 kVA,500,438.57,219.3,0
Transformateur 100 kVA,80,80.91,219.6,1
Transformateur 250 kVA,200,185.26,201.8,1
Transformateur 630 kVA,500,528.81,181.7,1
Transformateur 100 kVA,80,76.85,194.3,1
Armoire de Distribution Publique,150,130.23,226.9,0
Transformateur 630 kVA,500,266.4,192.6,0
Cellule d Arrivee MT,1500,1444.17,203.3,0
Transformateur 630 kVA,500,536.58,194.4,1
Disjoncteur Depart HTA,1200,1416.36,172.1,1
Transformateur 100 kVA,80,93.77,214.3,0
Transformateur 250 kVA,200,165.36,175.6,1
Transformateur 250 kVA,200,159.3,191.7,1
Transformateur 100 kVA,80,77.41,192.4,0
Disjoncteur Depart HTA,1200,1619.26,184.7,1
Transformateur 400 kVA,320,351.74,222.9,0
Transformateur 630 kVA,500,481.14,213.6,0
Disjoncteur Depart HTA,1200,1653.31,191.5,1
Cellule d Arrivee MT,1500,1053.33,177.6,1
Armoire de Distribution Publique,150,157.09,211.6,1
Transformateur 100 kVA,80,83.31,223.7,0
Transformateur 630 kVA,500,472.01,210.6,1
Transformateur 250 kVA,200,177.54,215.2,0
Armoire de Distribution Publique,150,161.14,180.5,1
Transformateur 400 kVA,320,202.18,181.7,0
Cellule d Arrivee MT,1500,1744.82,197.8,1
Transformateur 250 kVA,200,189.17,197.6,1
Transformateur 100 kVA,80,51.87,200.7,0
Transformateur 630 kVA,500,534.62,211.9,0
Transformateur 100 kVA,80,104.53,207.1,1
Armoire de Distribution Publique,150,132.9,209.9,0
Transformateur 630 kVA,500,547.73,174.8,1
Disjoncteur Depart HTA,1200,1179.38,175.9,1
Transformateur 400 kVA,320,248.55,185.2,0
Disjoncteur Depart HTA,1200,1357.83,188.3,1
Disjoncteur Depart HTA,1200,1021.85,199.3,0
Transformateur 100 kVA,80,88.36,205.5,1
Armoire de Distribution Publique,150,100.6,191.2,0
Transformateur 400 kVA,320,385.77,223.6,1
Transformateur 630 kVA,500,399.78,212.3,0
Transformateur 630 kVA,500,662.96,186.8,1
Cellule d Arrivee MT,1500,1472.37,181.3,1
Transformateur 250 kVA,200,149.69,198.5,0
Cellule d Arrivee MT,1500,1031.23,198.4,0
Cellule d Arrivee MT,1500,894.53,203.1,0
Transformateur 630 kVA,500,464.97,185.6,0
Transformateur 100 kVA,80,81.02,175.4,1
Disjoncteur Depart HTA,1200,1349.06,200.7,1
Armoire de Distribution Publique,150,133.79,188.7,1
Disjoncteur Depart HTA,1200,1396.69,202.3,1
Disjoncteur Depart HTA,1200,1149.1,218.8,0
Transformateur 400 kVA,320,356.8,204.8,1
Transformateur 630 kVA,500,447.3,178.2,1
Armoire de Distribution Publique,150,134.78,178.7,1
Transformateur 100 kVA,80,79.66,212.3,0
Transformateur 400 kVA,320,217.59,198.0,0
Transformateur 250 kVA,200,147.44,210.9,1
Transformateur 100 kVA,80,77.56,180.3,1
Cellule d Arrivee MT,1500,1359.13,223.1,0
Transformateur 100 kVA,80,90.42,207.8,1
Transformateur 100 kVA,80,87.4,186.3,1
Disjoncteur Depart HTA,1200,1034.16,184.8,1
Transformateur 100 kVA,80,43.16,187.4,0
Cellule d Arrivee MT,1500,1307.58,172.2,1
Cellule d Arrivee MT,1500,1284.86,189.9,1
Transformateur 630 kVA,500,437.78,194.1,1
Transformateur 100 kVA,80,59.08,177.5,1
Disjoncteur Depart HTA,1200,1080.61,226.9,0
Transformateur 100 kVA,80,59.58,194.7,0
Transformateur 250 kVA,200,208.08,177.9,1
Transformateur 250 kVA,200,206.61,177.6,1
Disjoncteur Depart HTA,1200,1267.53,171.7,1
Transformateur 630 kVA,500,606.95,175.4,1
Transformateur 630 kVA,500,427.55,210.6,0
Cellule d Arrivee MT,1500,1185.87,183.8,1
Cellule d Arrivee MT,1500,1678.51,186.0,1
Transformateur 400 kVA,320,336.78,175.8,1
Disjoncteur Depart HTA,1200,1338.62,171.2,1
Transformateur 100 kVA,80,58.15,196.0,0
Armoire de Distribution Publique,150,161.99,184.2,1
Disjoncteur Depart HTA,1200,1548.22,190.4,1
Transformateur 400 kVA,320,271.61,226.2,0
Cellule d Arrivee MT,1500,2032.05,176.5,1
Disjoncteur Depart HTA,1200,1137.94,215.0,0
Disjoncteur Depart HTA,1200,835.37,173.4,0
Cellule d Arrivee MT,1500,1681.93,226.8,0
Transformateur 400 kVA,320,381.9,219.1,0
Cellule d Arrivee MT,1500,1473.34,174.4,1
Transformateur 630 kVA,500,434.32,202.6,0
Transformateur 100 kVA,80,91.94,187.7,1
Cellule d Arrivee MT,1500,1509.35,173.8,1
Transformateur 400 kVA,320,211.98,181.8,0
Transformateur 250 kVA,200,135.49,213.0,0
Transformateur 630 kVA,500,368.38,223.0,0
Transformateur 250 kVA,200,206.76,200.4,1
Armoire de Distribution Publique,150,105.48,219.3,0
Cellule d Arrivee MT,1500,841.5,183.5,0
Transformateur 630 kVA,500,541.0,225.9,0
Transformateur 100 kVA,80,89.09,205.4,1
Cellule d Arrivee MT,1500,1734.44,207.8,1
Transformateur 100 kVA,80,79.75,214.4,0
Disjoncteur Depart HTA,1200,1128.93,171.6,1
Transformateur 250 kVA,200,240.35,222.1,1
Transformateur 630 kVA,500,274.29,213.7,0
Transformateur 100 kVA,80,82.81,212.1,0
Transformateur 400 kVA,320,185.42,186.6,0
Transformateur 100 kVA,80,57.54,223.9,0
Transformateur 400 kVA,320,351.7,218.0,1
Cellule d Arrivee MT,1500,1402.55,183.8,1
Transformateur 630 kVA,500,427.21,189.9,1
Transformateur 100 kVA,80,63.84,174.7,1
Armoire de Distribution Publique,150,100.63,204.4,0
Transformateur 100 kVA,80,88.14,195.1,1
Armoire de Distribution Publique,150,132.1,201.0,0
Transformateur 630 kVA,500,338.16,184.6,1
Transformateur 100 kVA,80,90.92,202.5,1
Transformateur 400 kVA,320,443.36,211.7,1
Transformateur 100 kVA,80,72.05,170.8,1
Transformateur 250 kVA,200,94.81,188.9,1
Cellule d Arrivee MT,1500,1263.18,172.8,1
Disjoncteur Depart HTA,1200,1016.42,226.0,0
Transformateur 400 kVA,320,316.8,201.1,1
Transformateur 250 kVA,200,230.03,219.9,1
Armoire de Distribution Publique,150,157.22,203.1,0
Cellule d Arrivee MT,1500,1037.77,222.3,0
Transformateur 630 kVA,500,459.25,177.3,1
Transformateur 400 kVA,320,321.56,175.7,1
Disjoncteur Depart HTA,1200,1441.05,188.0,1
Cellule d Arrivee MT,1500,1583.14,175.9,1
Armoire de Distribution Publique,150,173.55,198.6,1
Disjoncteur Depart HTA,1200,1366.35,175.2,1
Transformateur 630 kVA,500,365.71,201.4,0
Transformateur 630 kVA,500,653.21,210.8,1
Armoire de Distribution Publique,150,81.02,201.0,0
Transformateur 400 kVA,320,192.79,225.4,0
Armoire de Distribution Publique,150,130.59,186.3,0
Transformateur 100 kVA,80,92.77,204.4,1
Transformateur 630 kVA,500,590.75,208.5,1
Cellule d Arrivee MT,1500,1449.3,199.7,1
Transformateur 100 kVA,80,54.5,174.5,1
Transformateur 250 kVA,200,220.03,200.3,1
Disjoncteur Depart HTA,1200,1405.88,193.2,1
Transformateur 100 kVA,80,92.97,194.0,0
Disjoncteur Depart HTA,1200,1247.07,191.9,1
Armoire de Distribution Publique,150,193.73,195.5,1
Transformateur 100 kVA,80,98.29,209.3,1
Armoire de Distribution Publique,150,153.41,192.5,1
Transformateur 250 kVA,200,226.32,201.7,1
Transformateur 630 kVA,500,431.4,209.2,0
Transformateur 250 kVA,200,220.53,196.7,1
Transformateur 630 kVA,500,333.64,185.7,0
Armoire de Distribution Publique,150,120.9,185.3,0
Transformateur 630 kVA,500,554.95,221.9,0
Disjoncteur Depart HTA,1200,1384.29,206.2,1
Cellule d Arrivee MT,1500,1550.12,212.1,0
Transformateur 250 kVA,200,212.31,191.9,1
Transformateur 100 kVA,80,52.07,196.1,0
Transformateur 250 kVA,200,188.33,183.0,1
Disjoncteur Depart HTA,1200,1351.62,210.2,1
Transformateur 630 kVA,500,508.53,226.4,0
Disjoncteur Depart HTA,1200,1056.53,208.7,0
Transformateur 400 kVA,320,284.34,178.8,1
Transformateur 400 kVA,320,258.97,194.9,0
Transformateur 100 kVA,80,58.27,224.3,0
Disjoncteur Depart HTA,1200,1550.92,200.2,1
Armoire de Distribution Publique,150,148.8,193.3,1
Transformateur 100 kVA,80,97.28,204.5,1
Armoire de Distribution Publique,150,127.93,174.8,1
Transformateur 100 kVA,80,61.76,216.6,0
Transformateur 400 kVA,320,274.97,202.5,1
Transformateur 100 kVA,80,71.82,174.0,1
Transformateur 400 kVA,320,300.4,171.5,1
Transformateur 630 kVA,500,418.91,198.6,1
Armoire de Distribution Publique,150,100.16,199.4,0
Disjoncteur Depart HTA,1200,810.42,220.6,0
Transformateur 100 kVA,80,74.17,179.1,1
Transformateur 400 kVA,320,295.09,220.2,0
Transformateur 250 kVA,200,252.39,191.6,1
Armoire de Distribution Publique,150,156.53,205.3,1
Transformateur 100 kVA,80,96.65,180.5,1
Cellule d Arrivee MT,1500,1247.67,218.6,0
Transformateur 630 kVA,500,374.72,183.1,1
Transformateur 630 kVA,500,483.02,197.4,1
Transformateur 250 kVA,200,154.86,202.0,1
Transformateur 400 kVA,320,258.73,174.9,1
Transformateur 100 kVA,80,97.78,187.9,1
Armoire de Distribution Publique,150,133.41,221.7,0
Transformateur 400 kVA,320,326.44,226.5,0
Transformateur 630 kVA,500,301.19,211.9,0
Transformateur 400 kVA,320,343.3,189.9,1
Transformateur 630 kVA,500,478.56,208.7,1
Transformateur 400 kVA,320,299.15,191.4,1
Transformateur 250 kVA,200,191.78,177.8,1
Disjoncteur Depart HTA,1200,1058.62,221.4,0
Transformateur 250 kVA,200,175.7,193.1,0
Transformateur 250 kVA,200,150.14,191.0,0
Disjoncteur Depart HTA,1200,615.27,202.4,0
Disjoncteur Depart HTA,1200,1133.12,191.3,1
Transformateur 100 kVA,80,55.3,201.9,0
Armoire de Distribution Publique,150,154.96,201.6,1
Armoire de Distribution Publique,150,122.66,174.4,1
Transformateur 100 kVA,80,82.65,171.5,1
Transformateur 250 kVA,200,141.15,194.0,0
Transformateur 250 kVA,200,192.31,198.3,0
Transformateur 630 kVA,500,378.22,218.5,0
Transformateur 630 kVA,500,495.0,212.3,0
Armoire de Distribution Publique,150,121.03,189.6,1
Transformateur 100 kVA,80,75.38,209.2,1
Cellule d Arrivee MT,1500,1716.85,177.3,1
Cellule d Arrivee MT,1500,1915.74,178.7,1
Transformateur 100 kVA,80,80.19,191.3,1
Transformateur 630 kVA,500,388.57,207.9,0
Armoire de Distribution Publique,150,166.77,179.9,1
Armoire de Distribution Publique,150,158.69,193.5,1
Transformateur 630 kVA,500,374.68,206.0,0
Cellule d Arrivee MT,1500,1287.45,185.3,0
Transformateur 400 kVA,320,351.19,184.8,1
Transformateur 400 kVA,320,420.75,201.8,1
Transformateur 630 kVA,500,434.06,170.5,1
Transformateur 400 kVA,320,363.2,179.9,1
Disjoncteur Depart HTA,1200,1039.37,213.1,0
Transformateur 100 kVA,80,72.95,196.3,1
Transformateur 100 kVA,80,82.9,174.4,1
Transformateur 630 kVA,500,482.32,171.8,1
Transformateur 250 kVA,200,138.78,196.9,0
Cellule d Arrivee MT,1500,1807.6,210.1,1
Transformateur 630 kVA,500,639.88,220.4,1
Transformateur 400 kVA,320,372.27,180.0,1
Cellule d Arrivee MT,1500,1419.76,200.6,1
Transformateur 250 kVA,200,246.08,171.9,1
Transformateur 400 kVA,320,320.42,207.1,0
Armoire de Distribution Publique,150,152.0,216.4,0
Disjoncteur Depart HTA,1200,1039.64,201.8,0
Transformateur 400 kVA,320,167.28,171.9,0
Disjoncteur Depart HTA,1200,1044.17,182.5,1
Cellule d Arrivee MT,1500,1666.05,225.8,0
Disjoncteur Depart HTA,1200,748.76,197.6,0
Cellule d Arrivee MT,1500,1841.46,210.6,0
Cellule d Arrivee MT,1500,1445.28,223.0,0
Cellule d Arrivee MT,1500,1219.5,202.6,0
Cellule d Arrivee MT,1500,1637.93,170.4,1
Cellule d Arrivee MT,1500,1391.82,209.2,0
Transformateur 400 kVA,320,254.66,177.4,1
Cellule d Arrivee MT,1500,1257.46,226.4,0
Transformateur 400 kVA,320,278.52,172.2,1
Cellule d Arrivee MT,1500,1049.47,181.6,1
Disjoncteur Depart HTA,1200,643.98,200.6,0
Armoire de Distribution Publique,150,202.37,213.3,1
Cellule d Arrivee MT,1500,1189.54,190.0,0
Transformateur 250 kVA,200,184.8,220.9,0
Cellule d Arrivee MT,1500,1125.89,180.4,0
Cellule d Arrivee MT,1500,1477.51,220.4,0
Disjoncteur Depart HTA,1200,969.53,217.8,0
Transformateur 100 kVA,80,81.16,184.1,1
Disjoncteur Depart HTA,1200,1386.77,217.9,0
Transformateur 250 kVA,200,92.65,190.8,0
Transformateur 100 kVA,80,68.27,185.5,0
Transformateur 630 kVA,500,445.98,215.6,0
Transformateur 630 kVA,500,561.63,225.9,1
Transformateur 250 kVA,200,138.4,199.1,0
Disjoncteur Depart HTA,1200,1157.56,177.7,1
Transformateur 400 kVA,320,383.36,191.2,1
Transformateur 250 kVA,200,207.83,179.2,1
Armoire de Distribution Publique,150,168.78,214.4,1
Transformateur 100 kVA,80,60.95,195.0,0
Transformateur 100 kVA,80,83.53,188.3,1
Cellule d Arrivee MT,1500,1185.17,173.8,1
Transformateur 630 kVA,500,498.62,199.7,1
Transformateur 100 kVA,80,91.89,203.0,1
Transformateur 250 kVA,200,143.87,185.8,1
Transformateur 100 kVA,80,95.05,178.6,1
Transformateur 250 kVA,200,258.85,179.2,1
Transformateur 400 kVA,320,385.3,197.6,1
Cellule d Arrivee MT,1500,1555.95,200.6,0
Transformateur 630 kVA,500,463.07,223.8,0
Transformateur 100 kVA,80,57.32,217.2,0
Transformateur 250 kVA,200,201.71,217.2,0
Disjoncteur Depart HTA,1200,1116.88,177.0,1
Transformateur 630 kVA,500,356.71,173.0,1
Transformateur 400 kVA,320,242.15,196.1,0
Transformateur 250 kVA,200,144.17,184.8,1
Armoire de Distribution Publique,150,176.22,177.5,1
Armoire de Distribution Publique,150,152.32,180.4,1
Cellule d Arrivee MT,1500,1118.85,192.3,1
Cellule d Arrivee MT,1500,1208.08,221.8,0
Transformateur 400 kVA,320,305.37,196.2,1
Transformateur 400 kVA,320,283.68,214.4,1
Cellule d Arrivee MT,1500,1253.1,191.2,0
Transformateur 100 kVA,80,50.09,189.7,0
Transformateur 100 kVA,80,92.2,190.9,1
Transformateur 250 kVA,200,167.87,218.2,0
Disjoncteur Depart HTA,1200,1146.65,180.0,1
Transformateur 250 kVA,200,125.49,223.8,0
Disjoncteur Depart HTA,1200,1043.19,184.2,1
Transformateur 400 kVA,320,366.35,225.5,0
Transformateur 630 kVA,500,587.76,212.3,0
Transformateur 250 kVA,200,137.06,174.9,1
Transformateur 250 kVA,200,201.49,199.7,1
Disjoncteur Depart HTA,1200,1163.45,212.4,0
Transformateur 400 kVA,320,381.3,216.2,1
Transformateur 400 kVA,320,216.6,217.2,0
Armoire de Distribution Publique,150,121.91,211.0,0
Disjoncteur Depart HTA,1200,808.81,224.3,0
Transformateur 400 kVA,320,264.84,187.8,1
Cellule d Arrivee MT,1500,1048.58,210.6,0
Transformateur 100 kVA,80,65.72,174.3,1
Armoire de Distribution Publique,150,113.56,212.4,0
Cellule d Arrivee MT,1500,1621.55,218.1,0
Transformateur 630 kVA,500,535.71,195.0,1
Transformateur 250 kVA,200,206.81,182.7,1
Armoire de Distribution Publique,150,199.44,217.6,1
Transformateur 630 kVA,500,515.0,219.3,0
Transformateur 250 kVA,200,220.94,170.4,1
Transformateur 100 kVA,80,61.88,183.0,1
Transformateur 400 kVA,320,255.59,200.8,0
Cellule d Arrivee MT,1500,1953.33,215.8,1
Disjoncteur Depart HTA,1200,1246.41,218.6,0
Cellule d Arrivee MT,1500,1695.95,195.7,0
Transformateur 100 kVA,80,66.9,200.5,0
Transformateur 630 kVA,500,421.47,187.1,1
Disjoncteur Depart HTA,1200,1687.43,195.4,1
Transformateur 400 kVA,320,240.15,173.6,1
Transformateur 100 kVA,80,100.42,219.2,1
Disjoncteur Depart HTA,1200,940.77,209.8,0
Transformateur 100 kVA,80,63.0,215.3,0
Transformateur 100 kVA,80,86.7,205.2,1
Transformateur 400 kVA,320,289.51,193.3,1
Armoire de Distribution Publique,150,113.84,216.3,0
Transformateur 250 kVA,200,210.57,193.8,1
Disjoncteur Depart HTA,1200,905.24,171.6,1
Transformateur 400 kVA,320,304.28,221.2,0
Transformateur 100 kVA,80,77.26,193.7,0
Transformateur 400 kVA,320,296.12,176.4,1
Armoire de Distribution Publique,150,167.0,205.9,1
Transformateur 250 kVA,200,134.06,220.9,0
Cellule d Arrivee MT,1500,1055.45,209.2,0
Disjoncteur Depart HTA,1200,1174.56,175.4,1
Transformateur 250 kVA,200,171.84,191.0,1
Transformateur 630 kVA,500,595.96,201.0,1
Disjoncteur Depart HTA,1200,1415.88,208.0,1
Transformateur 250 kVA,200,247.88,194.6,1
Transformateur 100 kVA,80,76.46,189.8,1
Disjoncteur Depart HTA,1200,1270.15,208.7,1
Disjoncteur Depart HTA,1200,1116.85,204.8,0
Transformateur 400 kVA,320,386.19,206.0,0
Transformateur 100 kVA,80,80.36,175.8,1
Transformateur 630 kVA,500,343.23,209.5,0
Cellule d Arrivee MT,1500,1528.15,179.0,1
Armoire de Distribution Publique,150,149.46,202.2,1
Transformateur 250 kVA,200,202.47,219.8,0
Transformateur 400 kVA,320,289.12,197.2,0
Transformateur 250 kVA,200,226.66,190.6,1
Transformateur 630 kVA,500,475.95,195.8,1
Transformateur 630 kVA,500,477.18,214.8,0
Disjoncteur Depart HTA,1200,662.43,214.5,0
Armoire de Distribution Publique,150,122.22,226.8,0
Transformateur 630 kVA,500,421.68,214.0,0
Transformateur 250 kVA,200,158.63,181.3,0
Transformateur 100 kVA,80,74.51,223.9,0
Transformateur 100 kVA,80,94.56,188.4,1
Disjoncteur Depart HTA,1200,1431.73,208.4,1
Cellule d Arrivee MT,1500,1197.71,184.1,0
Transformateur 250 kVA,200,187.84,223.6,0
Transformateur 250 kVA,200,148.05,202.2,0
Transformateur 630 kVA,500,628.73,225.5,0
Armoire de Distribution Publique,150,178.11,195.0,1
Transformateur 250 kVA,200,135.03,213.5,0
Transformateur 400 kVA,320,344.45,192.5,1
Cellule d Arrivee MT,1500,1595.71,219.2,1
Transformateur 630 kVA,500,567.45,187.1,1
Transformateur 400 kVA,320,266.21,200.9,0
Disjoncteur Depart HTA,1200,1218.24,198.8,0
Transformateur 100 kVA,80,72.49,194.7,1
Disjoncteur Depart HTA,1200,851.23,215.1,0
Transformateur 100 kVA,80,79.32,180.8,1
Disjoncteur Depart HTA,1200,1340.85,211.2,0
Transformateur 250 kVA,200,163.28,172.3,1
Transformateur 400 kVA,320,298.56,201.4,0
Transformateur 100 kVA,80,86.18,175.7,1
Transformateur 630 kVA,500,514.09,197.9,1
Transformateur 400 kVA,320,364.75,186.4,1
Transformateur 630 kVA,500,698.5,196.7,1
Transformateur 400 kVA,320,270.47,206.9,0
Transformateur 400 kVA,320,341.3,209.9,1
Disjoncteur Depart HTA,1200,1196.64,174.3,1
Transformateur 100 kVA,80,93.45,207.9,1
Transformateur 100 kVA,80,85.36,174.6,1
Armoire de Distribution Publique,150,106.86,195.3,0
Transformateur 400 kVA,320,299.14,226.5,0
Transformateur 250 kVA,200,182.55,219.1,1
Transformateur 250 kVA,200,138.41,189.2,0
Transformateur 630 kVA,500,269.05,194.3,0
Transformateur 630 kVA,500,439.48,193.1,0
Disjoncteur Depart HTA,1200,880.33,198.4,0
Transformateur 400 kVA,320,225.04,177.2,1
Transformateur 630 kVA,500,315.92,209.5,0
Transformateur 630 kVA,500,402.0,212.8,0
Cellule d Arrivee MT,1500,1286.26,221.5,0
Transformateur 400 kVA,320,328.23,217.0,0
Disjoncteur Depart HTA,1200,1099.95,223.6,0
Transformateur 630 kVA,500,608.14,196.8,1
Disjoncteur Depart HTA,1200,1242.06,171.8,1
Transformateur 100 kVA,80,79.74,184.4,1
Disjoncteur Depart HTA,1200,1191.02,203.7,0
Transformateur 250 kVA,200,143.86,209.2,0
Transformateur 250 kVA,200,227.58,199.0,1
Disjoncteur Depart HTA,1200,1246.98,185.3,1
Transformateur 250 kVA,200,148.63,221.4,0
Transformateur 100 kVA,80,69.05,216.5,0
Transformateur 400 kVA,320,347.12,200.2,1
Transformateur 250 kVA,200,223.98,207.8,1
Transformateur 250 kVA,200,213.31,192.3,1
Disjoncteur Depart HTA,1200,933.89,192.1,1
Transformateur 100 kVA,80,79.76,224.6,0
Armoire de Distribution Publique,150,109.34,215.5,0
Armoire de Distribution Publique,150,122.8,207.5,0
Armoire de Distribution Publique,150,135.35,179.6,1
Armoire de Distribution Publique,150,163.14,180.8,1
Transformateur 400 kVA,320,230.28,177.3,1
Disjoncteur Depart HTA,1200,1316.34,171.9,1
Disjoncteur Depart HTA,1200,1072.83,181.9,1
Cellule d Arrivee MT,1500,1407.1,179.9,1
Transformateur 100 kVA,80,90.26,193.4,1
Armoire de Distribution Publique,150,135.04,217.5,0
Transformateur 400 kVA,320,287.07,198.1,0
Transformateur 100 kVA,80,84.08,200.1,1
Armoire de Distribution Publique,150,127.12,197.3,0
Transformateur 400 kVA,320,404.93,198.0,1
Transformateur 100 kVA,80,72.44,195.9,1
Disjoncteur Depart HTA,1200,1206.88,211.2,0
Disjoncteur Depart HTA,1200,1147.41,193.7,1
Transformateur 630 kVA,500,363.34,186.7,1
Transformateur 250 kVA,200,229.23,202.4,1
Armoire de Distribution Publique,150,118.58,181.6,1
Cellule d Arrivee MT,1500,1257.24,180.1,1
Transformateur 100 kVA,80,66.77,181.4,1
Cellule d Arrivee MT,1500,1544.17,176.3,1
Transformateur 630 kVA,500,390.02,211.6,0
Transformateur 250 kVA,200,182.35,215.5,0
Transformateur 100 kVA,80,75.34,194.2,1
Transformateur 400 kVA,320,369.4,188.5,1
Armoire de Distribution Publique,150,125.34,217.9,0
Transformateur 250 kVA,200,183.51,196.3,0
Disjoncteur Depart HTA,1200,1125.19,184.5,0
Transformateur 630 kVA,500,646.93,206.6,1
Transformateur 250 kVA,200,165.21,193.4,0
Armoire de Distribution Publique,150,144.2,211.9,0
Transformateur 250 kVA,200,230.58,202.4,1
Armoire de Distribution Publique,150,114.45,192.2,1
Disjoncteur Depart HTA,1200,1331.74,204.5,1
Transformateur 100 kVA,80,83.05,197.5,0
Transformateur 400 kVA,320,281.03,211.4,0
Disjoncteur Depart HTA,1200,1244.38,204.4,0
Transformateur 400 kVA,320,272.05,171.6,1
Transformateur 100 kVA,80,81.55,206.9,0
Transformateur 250 kVA,200,147.24,226.3,0
Transformateur 400 kVA,320,276.37,182.4,1
Transformateur 630 kVA,500,645.94,209.0,1
Transformateur 630 kVA,500,549.43,193.0,1
Armoire de Distribution Publique,150,82.66,183.0,0
Disjoncteur Depart HTA,1200,747.02,171.9,0
Transformateur 100 kVA,80,78.15,224.4,1
Armoire de Distribution Publique,150,116.34,217.1,0
Disjoncteur Depart HTA,1200,723.86,204.7,0
Disjoncteur Depart HTA,1200,796.1,195.7,0
Armoire de Distribution Publique,150,158.4,193.1,1
Cellule d Arrivee MT,1500,1441.0,221.6,0
Disjoncteur Depart HTA,1200,1322.31,221.0,1
Cellule d Arrivee MT,1500,1298.24,226.6,0
Transformateur 630 kVA,500,414.83,220.6,0
Transformateur 630 kVA,500,344.69,171.8,1
Disjoncteur Depart HTA,1200,1056.11,204.6,0
Transformateur 630 kVA,500,337.47,206.5,0
Transformateur 100 kVA,80,91.87,173.5,1
Cellule d Arrivee MT,1500,1498.1,173.2,1
Cellule d Arrivee MT,1500,1552.77,194.7,1
Disjoncteur Depart HTA,1200,1237.63,214.0,0
Transformateur 630 kVA,500,499.95,196.0,1
Transformateur 400 kVA,320,297.57,195.8,0
Armoire de Distribution Publique,150,148.36,211.3,0
Armoire de Distribution Publique,150,151.05,174.4,1
Cellule d Arrivee MT,1500,1413.19,220.1,0
Disjoncteur Depart HTA,1200,1222.24,225.1,0
Disjoncteur Depart HTA,1200,1524.62,216.3,1
Transformateur 100 kVA,80,57.33,220.4,0
Transformateur 250 kVA,200,157.9,208.3,0
Transformateur 250 kVA,200,216.88,204.4,1
Cellule d Arrivee MT,1500,1670.96,226.6,0
Armoire de Distribution Publique,150,86.14,175.8,0
Transformateur 100 kVA,80,102.12,171.5,1
Transformateur 100 kVA,80,71.18,223.4,0
Transformateur 100 kVA,80,74.04,203.3,0
Cellule d Arrivee MT,1500,1278.89,200.3,0
Transformateur 250 kVA,200,205.45,213.2,0
Armoire de Distribution Publique,150,138.0,193.8,0
Transformateur 100 kVA,80,74.49,179.2,0
Armoire de Distribution Publique,150,177.24,186.1,1
Transformateur 630 kVA,500,573.32,204.5,0
Disjoncteur Depart HTA,1200,1311.2,199.9,1
Disjoncteur Depart HTA,1200,1351.93,219.4,1
Armoire de Distribution Publique,150,157.8,176.9,1
Transformateur 400 kVA,320,195.09,190.3,1
Transformateur 400 kVA,320,137.83,192.2,0
Cellule d Arrivee MT,1500,1423.01,218.7,0
Cellule d Arrivee MT,1500,1182.74,198.5,0
Disjoncteur Depart HTA,1200,1266.27,199.6,1
Transformateur 630 kVA,500,405.38,205.6,0
Transformateur 250 kVA,200,229.26,184.5,1
Transformateur 250 kVA,200,230.8,202.4,0
Cellule d Arrivee MT,1500,1747.75,206.7,1
Transformateur 630 kVA,500,351.12,194.3,0
Cellule d Arrivee MT,1500,1338.98,214.7,0
Transformateur 250 kVA,200,205.7,177.4,1
Armoire de Distribution Publique,150,166.42,204.9,1
Cellule d Arrivee MT,1500,1974.04,214.6,1
Transformateur 100 kVA,80,63.14,212.3,0
Armoire de Distribution Publique,150,175.11,170.1,1
Cellule d Arrivee MT,1500,1318.26,222.6,0
Disjoncteur Depart HTA,1200,1408.58,194.7,1
Cellule d Arrivee MT,1500,1380.45,187.5,0
Disjoncteur Depart HTA,1200,1203.92,184.9,1
Transformateur 630 kVA,500,461.67,178.5,1
Transformateur 250 kVA,200,180.39,212.1,0
Armoire de Distribution Publique,150,142.43,183.6,1
Armoire de Distribution Publique,150,183.98,191.4,1
Transformateur 400 kVA,320,238.02,192.0,1
Transformateur 400 kVA,320,280.48,178.4,1
Transformateur 250 kVA,200,237.68,196.6,1
Transformateur 400 kVA,320,265.24,212.1,0
Armoire de Distribution Publique,150,154.8,172.4,1
Cellule d Arrivee MT,1500,1316.45,180.2,1
Transformateur 630 kVA,500,348.8,220.2,0
Transformateur 630 kVA,500,426.14,213.6,0
Transformateur 250 kVA,200,202.71,198.6,1
Transformateur 400 kVA,320,314.59,214.7,0
Cellule d Arrivee MT,1500,1637.79,189.0,1
Transformateur 630 kVA,500,543.32,201.9,1
Transformateur 630 kVA,500,280.04,223.1,0
Transformateur 100 kVA,80,49.74,193.7,0
Transformateur 100 kVA,80,46.88,177.1,1
Armoire de Distribution Publique,150,195.56,174.0,1
Transformateur 630 kVA,500,479.84,202.9,0
Transformateur 250 kVA,200,161.31,183.2,0
Disjoncteur Depart HTA,1200,968.88,189.2,1
Disjoncteur Depart HTA,1200,867.23,180.9,1
Cellule d Arrivee MT,1500,1684.92,217.4,0
Transformateur 630 kVA,500,328.74,174.6,1
Transformateur 630 kVA,500,368.9,225.2,0
Armoire de Distribution Publique,150,115.55,194.3,0
Transformateur 630 kVA,500,430.94,208.3,0
Transformateur 250 kVA,200,155.54,180.3,1
Transformateur 100 kVA,80,70.37,196.2,1
Transformateur 630 kVA,500,352.12,212.5,0
Transformateur 630 kVA,500,335.88,214.9,0
Armoire de Distribution Publique,150,177.46,179.4,1
Transformateur 400 kVA,320,272.17,216.5,0
Armoire de Distribution Publique,150,132.69,183.6,1
Armoire de Distribution Publique,150,118.49,199.5,0
Transformateur 250 kVA,200,190.22,176.1,1
Cellule d Arrivee MT,1500,1096.45,192.9,1
Transformateur 630 kVA,500,301.24,173.1,1
Armoire de Distribution Publique,150,94.3,190.6,0
Armoire de Distribution Publique,150,145.86,180.5,1
Transformateur 400 kVA,320,353.46,212.7,1
Armoire de Distribution Publique,150,121.1,222.5,0
Disjoncteur Depart HTA,1200,1071.78,216.9,0
Cellule d Arrivee MT,1500,1558.78,171.2,1
Transformateur 630 kVA,500,471.44,224.2,0
Transformateur 630 kVA,500,396.17,209.5,0
Transformateur 400 kVA,320,285.46,221.5,0
Transformateur 250 kVA,200,180.28,216.8,1
Transformateur 630 kVA,500,491.98,194.2,1
Disjoncteur Depart HTA,1200,1506.92,181.1,1
Transformateur 630 kVA,500,580.19,176.7,1
Disjoncteur Depart HTA,1200,1483.32,202.4,1
Cellule d Arrivee MT,1500,1782.51,176.0,1
Cellule d Arrivee MT,1500,1596.99,220.5,1
Transformateur 100 kVA,80,70.91,226.6,0
Transformateur 100 kVA,80,87.18,183.5,1
Disjoncteur Depart HTA,1200,958.68,172.1,1
Transformateur 250 kVA,200,135.11,178.9,1
Transformateur 630 kVA,500,272.16,213.6,0
Armoire de Distribution Publique,150,115.53,189.4,0
Transformateur 630 kVA,500,733.05,182.8,1
Transformateur 100 kVA,80,53.71,200.5,0
Armoire de Distribution Publique,150,138.8,176.3,1
Disjoncteur Depart HTA,1200,966.64,206.8,0
Armoire de Distribution Publique,150,129.5,223.3,0
Transformateur 630 kVA,500,347.2,223.2,0
Transformateur 630 kVA,500,508.71,218.9,0
Transformateur 250 kVA,200,169.67,192.7,0
Transformateur 400 kVA,320,256.12,218.9,0
Armoire de Distribution Publique,150,153.92,179.9,1
Transformateur 100 kVA,80,81.88,185.9,1
Transformateur 100 kVA,80,76.45,197.9,1
Transformateur 400 kVA,320,281.87,171.3,1
Transformateur 630 kVA,500,432.19,195.4,1
Transformateur 250 kVA,200,191.16,214.2,1
Transformateur 250 kVA,200,160.79,170.6,1
Transformateur 100 kVA,80,88.86,226.9,0
Transformateur 250 kVA,200,162.08,173.1,0
Cellule d Arrivee MT,1500,1817.17,220.1,1
Transformateur 400 kVA,320,358.85,201.0,1
Transformateur 630 kVA,500,380.45,172.9,1
Cellule d Arrivee MT,1500,1235.77,192.9,0
Transformateur 400 kVA,320,294.14,188.7,1
Disjoncteur Depart HTA,1200,741.8,175.8,0
Armoire de Distribution Publique,150,141.67,207.2,0
Transformateur 100 kVA,80,72.72,187.9,1
Transformateur 250 kVA,200,243.66,200.2,1
Disjoncteur Depart HTA,1200,1266.96,186.5,1
Transformateur 250 kVA,200,147.56,174.1,0
Cellule d Arrivee MT,1500,1474.41,197.7,1
Transformateur 630 kVA,500,533.08,218.9,0
Transformateur 630 kVA,500,520.73,224.0,0
Transformateur 630 kVA,500,544.28,208.7,1
Transformateur 250 kVA,200,221.61,178.7,1
Disjoncteur Depart HTA,1200,1383.38,194.7,1
Transformateur 630 kVA,500,555.84,184.7,1
Disjoncteur Depart HTA,1200,1190.96,194.7,1
Transformateur 250 kVA,200,155.81,211.7,0
Cellule d Arrivee MT,1500,1148.29,204.1,0
Disjoncteur Depart HTA,1200,951.46,196.2,0
Cellule d Arrivee MT,1500,1750.86,183.9,1
Transformateur 250 kVA,200,144.22,194.8,0
Transformateur 250 kVA,200,189.5,187.2,1
Transformateur 100 kVA,80,72.15,182.3,1
Transformateur 250 kVA,200,188.25,226.6,0
Transformateur 250 kVA,200,200.31,222.3,0
Transformateur 400 kVA,320,379.77,214.5,1
Transformateur 630 kVA,500,345.29,197.1,0
Transformateur 100 kVA,80,91.53,181.3,1
Armoire de Distribution Publique,150,111.42,178.7,1
Transformateur 100 kVA,80,80.56,211.4,0
Transformateur 100 kVA,80,70.35,200.9,0
Armoire de Distribution Publique,150,102.12,204.6,0
Transformateur 400 kVA,320,292.71,219.0,0
Cellule d Arrivee MT,1500,1304.61,188.8,0
Transformateur 250 kVA,200,187.2,183.9,1
Transformateur 630 kVA,500,665.94,193.0,1
Disjoncteur Depart HTA,1200,1088.61,196.4,0
Armoire de Distribution Publique,150,146.75,222.3,0
Cellule d Arrivee MT,1500,1423.52,194.0,1
Armoire de Distribution Publique,150,140.12,177.4,1
Transformateur 250 kVA,200,170.89,188.3,1
Transformateur 400 kVA,320,294.23,196.4,1
Armoire de Distribution Publique,150,145.5,209.4,0
Transformateur 250 kVA,200,229.11,182.9,1
Transformateur 250 kVA,200,223.85,212.4,0
Transformateur 400 kVA,320,267.54,213.4,0
Transformateur 100 kVA,80,79.45,207.7,1
Transformateur 100 kVA,80,72.59,171.5,1
Transformateur 630 kVA,500,349.5,220.6,0
Transformateur 630 kVA,500,585.78,221.2,0
Transformateur 100 kVA,80,83.99,205.8,1
Cellule d Arrivee MT,1500,1516.14,187.7,1
Disjoncteur Depart HTA,1200,1170.74,177.3,1
Transformateur 250 kVA,200,164.53,208.0,0
Disjoncteur Depart HTA,1200,919.71,175.5,1
Transformateur 250 kVA,200,143.71,223.3,0
Transformateur 100 kVA,80,61.72,176.5,1
Transformateur 630 kVA,500,526.76,204.7,0
Cellule d Arrivee MT,1500,1103.37,211.8,0
Transformateur 630 kVA,500,521.99,177.9,1
Disjoncteur Depart HTA,1200,773.77,188.8,1
Transformateur 630 kVA,500,652.76,205.2,1
Transformateur 100 kVA,80,89.64,212.9,1
Cellule d Arrivee MT,1500,1289.83,205.9,1
Disjoncteur Depart HTA,1200,958.93,198.3,0
Cellule d Arrivee MT,1500,1247.29,209.3,0
Transformateur 250 kVA,200,179.11,224.7,0
Transformateur 630 kVA,500,438.65,188.6,0
Cellule d Arrivee MT,1500,1552.12,200.3,1
Transformateur 400 kVA,320,219.56,220.6,0
Transformateur 630 kVA,500,469.56,199.0,0
Transformateur 250 kVA,200,232.59,191.0,1
Cellule d Arrivee MT,1500,773.29,204.7,0
Disjoncteur Depart HTA,1200,1262.15,171.7,1
Transformateur 250 kVA,200,202.78,226.8,0
Transformateur 400 kVA,320,300.61,171.6,1
Cellule d Arrivee MT,1500,1323.19,183.9,1
Armoire de Distribution Publique,150,187.89,184.3,1
Armoire de Distribution Publique,150,135.89,223.8,0
Transformateur 100 kVA,80,88.9,204.7,1
Transformateur 630 kVA,500,545.52,201.3,1
Disjoncteur Depart HTA,1200,1196.09,194.7,1
Transformateur 100 kVA,80,75.08,205.5,1
Cellule d Arrivee MT,1500,1550.28,181.4,1
Armoire de Distribution Publique,150,155.58,204.7,1
Armoire de Distribution Publique,150,198.54,188.0,1
Armoire de Distribution Publique,150,161.58,184.3,1
Cellule d Arrivee MT,1500,1873.63,215.9,1
Armoire de Distribution Publique,150,121.21,172.7,1
Transformateur 250 kVA,200,235.92,186.7,1
Cellule d Arrivee MT,1500,1724.69,208.8,1
Disjoncteur Depart HTA,1200,997.63,196.8,1
Transformateur 100 kVA,80,86.42,192.2,1
Disjoncteur Depart HTA,1200,587.37,194.6,0
Transformateur 400 kVA,320,182.7,200.1,0
Armoire de Distribution Publique,150,123.68,220.6,0
Transformateur 400 kVA,320,288.53,185.6,1
Transformateur 630 kVA,500,383.55,222.0,0
Transformateur 630 kVA,500,548.58,210.1,1
Transformateur 400 kVA,320,277.34,170.6,1
Cellule d Arrivee MT,1500,1347.85,208.5,0
Disjoncteur Depart HTA,1200,1166.87,212.9,0
Transformateur 400 kVA,320,274.42,172.1,1
Transformateur 630 kVA,500,389.12,200.8,0
Transformateur 400 kVA,320,300.53,190.3,1
Cellule d Arrivee MT,1500,1432.42,188.8,1
Transformateur 400 kVA,320,323.26,225.6,0
Disjoncteur Depart HTA,1200,1093.4,218.9,0
Transformateur 100 kVA,80,73.27,200.2,1
Cellule d Arrivee MT,1500,1792.41,174.2,1
Transformateur 630 kVA,500,574.18,197.3,1
Disjoncteur Depart HTA,1200,1401.91,208.2,1
Transformateur 400 kVA,320,254.66,183.3,0
Transformateur 400 kVA,320,261.28,181.8,0
Transformateur 100 kVA,80,73.43,203.6,0
Transformateur 630 kVA,500,423.01,194.5,1
Transformateur 630 kVA,500,592.82,214.2,1
Transformateur 250 kVA,200,163.61,186.1,1
Transformateur 630 kVA,500,303.61,195.7,0
Transformateur 100 kVA,80,76.04,172.4,1
Armoire de Distribution Publique,150,137.0,176.3,1
Transformateur 250 kVA,200,177.15,174.8,1
Transformateur 250 kVA,200,118.62,191.2,0
Transformateur 400 kVA,320,243.23,187.1,0
Transformateur 400 kVA,320,349.57,186.6,1
Transformateur 630 kVA,500,342.06,191.1,1
Transformateur 250 kVA,200,169.47,217.2,0
Transformateur 400 kVA,320,310.16,221.8,0
Transformateur 100 kVA,80,84.25,224.8,0
Transformateur 400 kVA,320,284.56,223.3,0
Cellule d Arrivee MT,1500,1645.82,171.6,1
Cellule d Arrivee MT,1500,1837.96,176.2,1
Transformateur 400 kVA,320,288.19,185.4,1
Transformateur 250 kVA,200,196.08,184.0,1
Armoire de Distribution Publique,150,72.41,218.0,0
Armoire de Distribution Publique,150,170.65,199.6,1
Transformateur 250 kVA,200,269.19,213.7,1
Disjoncteur Depart HTA,1200,1513.12,216.5,1
Armoire de Distribution Publique,150,154.2,223.7,0
Cellule d Arrivee MT,1500,1733.29,217.3,1
Transformateur 100 kVA,80,75.71,172.1,1
Transformateur 250 kVA,200,167.76,190.5,0
Transformateur 630 kVA,500,501.98,170.5,1
Cellule d Arrivee MT,1500,1045.45,178.8,1
Transformateur 100 kVA,80,89.42,207.4,0
Transformateur 100 kVA,80,94.46,223.0,0
Transformateur 250 kVA,200,148.81,204.0,0
Transformateur 100 kVA,80,69.8,218.9,0
Transformateur 250 kVA,200,168.07,202.4,0
Armoire de Distribution Publique,150,135.64,202.0,0
Transformateur 400 kVA,320,386.18,225.7,0
Cellule d Arrivee MT,1500,980.01,193.6,0
Disjoncteur Depart HTA,1200,685.33,200.5,0
Transformateur 400 kVA,320,374.3,187.2,1
Cellule d Arrivee MT,1500,1287.94,211.6,0
Transformateur 250 kVA,200,214.08,183.5,1
Cellule d Arrivee MT,1500,1107.77,193.8,0
Armoire de Distribution Publique,150,153.04,224.0,0
Transformateur 250 kVA,200,185.62,180.2,1
Transformateur 400 kVA,320,230.77,193.7,0
Transformateur 630 kVA,500,488.13,201.4,0
Transformateur 630 kVA,500,211.95,213.2,0
Cellule d Arrivee MT,1500,1801.82,180.1,1
Transformateur 630 kVA,500,386.86,177.3,0
Transformateur 250 kVA,200,215.42,199.7,0
Transformateur 100 kVA,80,86.56,171.1,1
Transformateur 250 kVA,200,137.8,178.1,1
Transformateur 100 kVA,80,47.05,202.4,0
Transformateur 400 kVA,320,293.22,213.8,1
Disjoncteur Depart HTA,1200,1266.1,198.9,1
Transformateur 100 kVA,80,76.21,182.4,1
Transformateur 630 kVA,500,522.69,219.8,0
Transformateur 250 kVA,200,192.89,200.4,1
Transformateur 400 kVA,320,395.45,190.4,1
Transformateur 630 kVA,500,510.09,197.9,1
Transformateur 400 kVA,320,354.16,200.2,1
Disjoncteur Depart HTA,1200,1118.62,215.2,0
Armoire de Distribution Publique,150,116.67,219.3,0
Transformateur 250 kVA,200,170.69,207.7,0
Cellule d Arrivee MT,1500,890.31,186.5,0
Transformateur 250 kVA,200,195.82,191.9,1
Disjoncteur Depart HTA,1200,968.52,197.4,1
Transformateur 250 kVA,200,165.7,213.7,1
Cellule d Arrivee MT,1500,1440.29,219.6,0
Transformateur 100 kVA,80,96.58,203.7,1
Transformateur 400 kVA,320,342.48,184.6,1
Cellule d Arrivee MT,1500,1550.25,208.3,1
Transformateur 630 kVA,500,474.79,177.6,1
Disjoncteur Depart HTA,1200,1484.71,178.6,1
Transformateur 100 kVA,80,58.28,198.0,0
Transformateur 630 kVA,500,490.88,187.2,1
Transformateur 630 kVA,500,372.09,186.3,1
Disjoncteur Depart HTA,1200,1437.44,188.2,1
Transformateur 100 kVA,80,86.11,210.7,1
Armoire de Distribution Publique,150,153.99,176.3,1
Transformateur 630 kVA,500,521.11,172.7,1
Transformateur 630 kVA,500,332.61,218.0,0
Transformateur 100 kVA,80,83.31,184.1,1
Transformateur 250 kVA,200,181.71,184.1,1
Transformateur 630 kVA,500,511.12,175.8,1
Transformateur 400 kVA,320,192.85,206.1,0
Transformateur 100 kVA,80,56.4,202.1,0
Transformateur 630 kVA,500,352.32,176.3,1
Disjoncteur Depart HTA,1200,1331.64,183.8,1
Cellule d Arrivee MT,1500,1357.36,206.9,0
Transformateur 400 kVA,320,338.74,178.1,1
Cellule d Arrivee MT,1500,1663.41,186.9,1
Cellule d Arrivee MT,1500,1128.96,225.3,0
Transformateur 630 kVA,500,545.85,189.0,1
Transformateur 400 kVA,320,289.14,191.7,1
Transformateur 400 kVA,320,337.52,185.6,1
Transformateur 250 kVA,200,146.77,191.9,0
Cellule d Arrivee MT,1500,1063.79,199.1,0
Transformateur 400 kVA,320,266.34,185.8,1
Transformateur 250 kVA,200,259.72,204.9,1
Transformateur 100 kVA,80,85.77,194.5,1
Transformateur 250 kVA,200,178.1,213.7,0
Disjoncteur Depart HTA,1200,1013.92,212.4,0
Armoire de Distribution Publique,150,152.74,178.1,1
Transformateur 630 kVA,500,416.04,195.3,0
Transformateur 100 kVA,80,90.59,219.2,1
Armoire de Distribution Publique,150,144.7,179.0,1
Armoire de Distribution Publique,150,135.91,181.7,1
Transformateur 100 kVA,80,85.62,222.2,0
Disjoncteur Depart HTA,1200,1363.31,176.5,1
Transformateur 250 kVA,200,262.7,194.6,1
Transformateur 630 kVA,500,604.02,179.3,1
Transformateur 250 kVA,200,150.27,172.8,1
Transformateur 400 kVA,320,234.5,189.4,0
Transformateur 250 kVA,200,140.97,217.2,0
Transformateur 100 kVA,80,70.78,206.8,0
Transformateur 630 kVA,500,703.08,200.2,1
Transformateur 250 kVA,200,205.27,186.7,1
Transformateur 630 kVA,500,360.26,190.3,0
Transformateur 630 kVA,500,638.46,200.2,1
Transformateur 400 kVA,320,300.84,199.2,1
Transformateur 400 kVA,320,352.53,186.2,1
Transformateur 100 kVA,80,69.18,210.6,0
Disjoncteur Depart HTA,1200,935.05,205.1,1
Armoire de Distribution Publique,150,93.77,192.4,0
Transformateur 630 kVA,500,450.3,198.3,1
Disjoncteur Depart HTA,1200,828.47,181.4,1
Armoire de Distribution Publique,150,112.22,211.6,0
Armoire de Distribution Publique,150,166.64,221.1,0
Transformateur 100 kVA,80,79.58,222.2,1
Armoire de Distribution Publique,150,77.45,198.6,0
Armoire de Distribution Publique,150,163.36,190.1,1
Transformateur 630 kVA,500,619.4,178.1,1
Transformateur 630 kVA,500,345.38,177.7,1
Cellule d Arrivee MT,1500,1463.88,175.7,1
Disjoncteur Depart HTA,1200,1279.38,176.0,1
Transformateur 250 kVA,200,238.6,185.3,1
Transformateur 400 kVA,320,403.88,189.8,1
Transformateur 250 kVA,200,128.6,176.1,1
Disjoncteur Depart HTA,1200,1041.34,197.9,0
Transformateur 400 kVA,320,245.69,218.8,0
Transformateur 250 kVA,200,186.17,221.3,0
Cellule d Arrivee MT,1500,1264.78,191.5,0
Transformateur 400 kVA,320,337.02,208.7,0
Transformateur 630 kVA,500,387.71,212.0,0
Transformateur 250 kVA,200,158.45,214.3,0
Transformateur 400 kVA,320,232.6,215.5,0
Cellule d Arrivee MT,1500,1503.67,223.1,0
Armoire de Distribution Publique,150,103.82,200.5,0
Transformateur 400 kVA,320,402.82,183.8,1
Transformateur 400 kVA,320,397.49,214.1,1
Cellule d Arrivee MT,1500,1224.58,206.3,0
Armoire de Distribution Publique,150,134.56,200.4,1
Transformateur 250 kVA,200,192.69,199.6,1
Transformateur 100 kVA,80,65.73,201.6,0
Transformateur 250 kVA,200,184.68,178.6,1
Armoire de Distribution Publique,150,167.72,206.8,1
Disjoncteur Depart HTA,1200,958.4,198.0,1
Cellule d Arrivee MT,1500,1174.78,177.2,1
Transformateur 250 kVA,200,173.06,195.6,1
Transformateur 400 kVA,320,319.0,217.7,0
Cellule d Arrivee MT,1500,1545.74,210.2,0
Transformateur 630 kVA,500,541.0,178.2,1
Armoire de Distribution Publique,150,124.7,195.1,1
Transformateur 250 kVA,200,169.62,171.2,1
Cellule d Arrivee MT,1500,1642.53,201.7,1
Transformateur 250 kVA,200,248.43,183.0,1
Cellule d Arrivee MT,1500,1437.66,197.5,1
Transformateur 400 kVA,320,308.42,204.7,0
Transformateur 630 kVA,500,560.87,191.1,1
Transformateur 630 kVA,500,513.8,202.7,1
Disjoncteur Depart HTA,1200,824.37,181.2,0
Cellule d Arrivee MT,1500,1648.3,170.6,1
Transformateur 250 kVA,200,169.7,207.1,0
Transformateur 630 kVA,500,533.16,215.0,0
Armoire de Distribution Publique,150,164.05,188.1,1
Transformateur 630 kVA,500,612.56,219.6,0
Transformateur 100 kVA,80,78.14,211.7,0
Transformateur 100 kVA,80,52.32,213.0,0
Transformateur 630 kVA,500,417.41,205.0,1
Cellule d Arrivee MT,1500,1576.03,189.9,1
Disjoncteur Depart HTA,1200,1241.81,185.0,1
Transformateur 630 kVA,500,569.79,184.1,1
Transformateur 400 kVA,320,402.55,183.3,1
Transformateur 250 kVA,200,192.37,170.3,1
Disjoncteur Depart HTA,1200,1221.0,203.3,1
Transformateur 400 kVA,320,256.59,210.8,0
Disjoncteur Depart HTA,1200,1231.26,203.2,1
Transformateur 400 kVA,320,300.13,182.8,1
Transformateur 250 kVA,200,212.85,212.1,1
Transformateur 250 kVA,200,210.93,212.7,1
Transformateur 100 kVA,80,100.96,209.8,1
Cellule d Arrivee MT,1500,1905.98,174.2,1
Transformateur 400 kVA,320,417.44,219.3,1
Transformateur 100 kVA,80,86.81,225.4,0
Transformateur 400 kVA,320,316.34,193.8,1
Transformateur 100 kVA,80,92.84,171.4,1
Transformateur 250 kVA,200,179.93,197.7,1
Disjoncteur Depart HTA,1200,1227.63,218.3,0
Armoire de Distribution Publique,150,112.42,215.9,0
Transformateur 100 kVA,80,76.52,184.8,0
Transformateur 400 kVA,320,319.39,188.6,1
Transformateur 400 kVA,320,304.17,183.5,1
Armoire de Distribution Publique,150,113.6,176.0,1
Cellule d Arrivee MT,1500,1337.5,182.0,1
Transformateur 250 kVA,200,173.47,220.2,0
Transformateur 400 kVA,320,219.35,176.4,1
Transformateur 630 kVA,500,612.55,176.6,1
Disjoncteur Depart HTA,1200,1047.36,225.5,0
Transformateur 100 kVA,80,54.49,182.4,0
Cellule d Arrivee MT,1500,1564.37,225.8,0
Armoire de Distribution Publique,150,161.6,209.0,0
Disjoncteur Depart HTA,1200,1464.0,174.7,1
Transformateur 250 kVA,200,248.01,195.7,1
Cellule d Arrivee MT,1500,1721.14,198.9,1
Transformateur 100 kVA,80,89.88,225.3,0
Transformateur 100 kVA,80,68.8,207.2,0
Armoire de Distribution Publique,150,85.1,221.2,0
Transformateur 630 kVA,500,558.82,204.3,0
Armoire de Distribution Publique,150,104.33,225.3,0
Transformateur 250 kVA,200,208.17,213.1,0
Cellule d Arrivee MT,1500,1781.33,205.8,1
Cellule d Arrivee MT,1500,1745.08,195.5,1
Transformateur 400 kVA,320,367.39,172.0,1
Transformateur 630 kVA,500,412.93,214.6,1
Transformateur 630 kVA,500,385.56,173.1,1
Cellule d Arrivee MT,1500,1714.26,191.4,1
Cellule d Arrivee MT,1500,1413.49,211.8,0
Disjoncteur Depart HTA,1200,1144.83,204.7,0
Disjoncteur Depart HTA,1200,1567.75,190.1,1
Disjoncteur Depart HTA,1200,1329.9,192.1,1
Transformateur 630 kVA,500,315.62,170.3,1
Transformateur 400 kVA,320,356.99,197.4,1
Transformateur 100 kVA,80,112.42,216.1,1
Disjoncteur Depart HTA,1200,926.76,218.1,1
Transformateur 400 kVA,320,399.77,179.7,1
Armoire de Distribution Publique,150,151.81,176.0,1
Transformateur 250 kVA,200,96.52,208.1,0
Disjoncteur Depart HTA,1200,1284.17,209.1,1
Armoire de Distribution Publique,150,154.23,174.4,1
Transformateur 100 kVA,80,86.13,177.5,1
Transformateur 250 kVA,200,249.68,223.0,0
Transformateur 250 kVA,200,167.27,206.0,1
Transformateur 100 kVA,80,56.47,195.7,1
Disjoncteur Depart HTA,1200,915.24,202.1,0
Transformateur 630 kVA,500,455.25,193.6,0
Transformateur 100 kVA,80,84.34,173.0,1
Transformateur 100 kVA,80,75.98,202.0,1
Transformateur 100 kVA,80,83.45,174.3,1
Transformateur 250 kVA,200,214.51,176.5,1
Transformateur 400 kVA,320,348.13,194.0,1
Armoire de Distribution Publique,150,204.66,197.6,1
Transformateur 630 kVA,500,466.4,186.8,1
Disjoncteur Depart HTA,1200,1403.29,222.8,0
Disjoncteur Depart HTA,1200,1240.12,187.4,1
Armoire de Distribution Publique,150,128.47,205.0,0
Transformateur 400 kVA,320,273.63,195.8,1
Transformateur 100 kVA,80,84.55,173.4,1
Transformateur 630 kVA,500,540.59,178.4,1
Disjoncteur Depart HTA,1200,1417.72,192.2,1
Armoire de Distribution Publique,150,92.11,193.3,0
Cellule d Arrivee MT,1500,1456.57,183.7,1
Armoire de Distribution Publique,150,119.5,189.7,0
Disjoncteur Depart HTA,1200,934.13,210.7,0
Transformateur 100 kVA,80,64.26,213.5,0
Cellule d Arrivee MT,1500,1010.74,192.1,0
Transformateur 400 kVA,320,262.3,170.3,1
Transformateur 630 kVA,500,429.89,194.2,1
Transformateur 400 kVA,320,251.15,175.6,1
Transformateur 400 kVA,320,269.38,211.6,0
Armoire de Distribution Publique,150,159.22,206.5,1
Transformateur 630 kVA,500,577.42,188.1,1
Transformateur 630 kVA,500,451.19,185.8,0
Disjoncteur Depart HTA,1200,1118.56,222.2,0
Disjoncteur Depart HTA,1200,830.24,213.0,0
Transformateur 630 kVA,500,565.98,216.4,1
Cellule d Arrivee MT,1500,1600.27,185.0,1
Transformateur 250 kVA,200,181.15,224.2,0
Disjoncteur Depart HTA,1200,1189.85,183.1,1
Transformateur 250 kVA,200,168.17,208.6,0
Armoire de Distribution Publique,150,153.2,183.7,1
Cellule d Arrivee MT,1500,1399.34,170.4,1
Transformateur 630 kVA,500,564.02,183.9,1
Cellule d Arrivee MT,1500,1152.53,214.8,0
Disjoncteur Depart HTA,1200,989.72,170.3,1
Transformateur 400 kVA,320,275.5,224.4,0
Armoire de Distribution Publique,150,170.27,224.6,0
Transformateur 630 kVA,500,407.48,171.7,1
Transformateur 100 kVA,80,92.09,178.6,1
Armoire de Distribution Publique,150,172.22,177.1,1
Transformateur 250 kVA,200,152.59,185.2,1
Cellule d Arrivee MT,1500,1659.03,219.4,0
Transformateur 630 kVA,500,476.7,176.4,1
Armoire de Distribution Publique,150,177.52,172.2,1
Cellule d Arrivee MT,1500,1455.14,178.7,1
Transformateur 630 kVA,500,454.15,219.0,0
Disjoncteur Depart HTA,1200,1361.37,194.1,0
Armoire de Distribution Publique,150,172.83,224.6,0
Disjoncteur Depart HTA,1200,1101.11,184.8,1
Armoire de Distribution Publique,150,178.11,211.5,1
Disjoncteur Depart HTA,1200,1264.34,191.6,1
Cellule d Arrivee MT,1500,806.01,183.8,0
Transformateur 100 kVA,80,84.24,191.7,1
Armoire de Distribution Publique,150,143.54,198.2,1
Armoire de Distribution Publique,150,104.38,222.1,0
Disjoncteur Depart HTA,1200,1053.1,199.6,0
Transformateur 630 kVA,500,357.22,185.8,1
Armoire de Distribution Publique,150,159.9,211.4,1
Disjoncteur Depart HTA,1200,1111.29,217.9,0
Transformateur 400 kVA,320,254.41,191.6,1
Disjoncteur Depart HTA,1200,1136.77,187.9,1
Cellule d Arrivee MT,1500,1214.23,191.1,0
Transformateur 100 kVA,80,67.02,226.3,0
Transformateur 400 kVA,320,359.93,221.6,0
Cellule d Arrivee MT,1500,1630.89,177.5,1
Cellule d Arrivee MT,1500,1331.84,217.7,0
Cellule d Arrivee MT,1500,1436.45,182.3,1
Transformateur 630 kVA,500,493.38,215.8,1
Cellule d Arrivee MT,1500,978.12,205.9,0
Transformateur 630 kVA,500,562.12,192.0,1
Cellule d Arrivee MT,1500,1054.22,215.0,0
Transformateur 250 kVA,200,196.92,212.9,0
Transformateur 400 kVA,320,337.88,174.7,1
Transformateur 250 kVA,200,173.27,208.6,0
Cellule d Arrivee MT,1500,939.59,173.0,0
Transformateur 400 kVA,320,334.85,172.7,1
Transformateur 400 kVA,320,172.45,214.8,0
Armoire de Distribution Publique,150,128.22,181.4,1
Transformateur 100 kVA,80,88.78,180.0,1
Transformateur 250 kVA,200,151.45,224.4,0
Transformateur 100 kVA,80,92.4,215.6,0
Transformateur 400 kVA,320,356.33,215.9,0
Transformateur 630 kVA,500,482.42,188.1,1
Transformateur 400 kVA,320,327.39,195.5,0
Transformateur 100 kVA,80,58.92,223.3,0
Transformateur 250 kVA,200,193.67,207.2,1
Cellule d Arrivee MT,1500,810.27,176.9,0
Armoire de Distribution Publique,150,160.62,188.7,1
Armoire de Distribution Publique,150,134.2,182.4,1
Armoire de Distribution Publique,150,165.66,197.2,1
Cellule d Arrivee MT,1500,1282.96,173.3,1
Armoire de Distribution Publique,150,128.6,171.4,1
Transformateur 250 kVA,200,190.53,188.6,1
Cellule d Arrivee MT,1500,1375.22,215.8,0
Armoire de Distribution Publique,150,94.38,203.8,0
Cellule d Arrivee MT,1500,1601.21,179.8,1
Transformateur 100 kVA,80,84.01,173.7,1
Transformateur 250 kVA,200,210.35,207.4,0
Disjoncteur Depart HTA,1200,822.69,173.1,1
Transformateur 630 kVA,500,654.51,175.2,1
Armoire de Distribution Publique,150,77.68,190.2,0
Transformateur 630 kVA,500,613.34,212.8,1
Cellule d Arrivee MT,1500,1194.39,182.0,1
Transformateur 630 kVA,500,490.11,218.7,0
Transformateur 250 kVA,200,211.55,182.4,1
Transformateur 250 kVA,200,150.52,185.6,1
Transformateur 400 kVA,320,338.62,170.5,1
Armoire de Distribution Publique,150,146.75,216.6,0
Transformateur 400 kVA,320,334.97,217.9,1
Transformateur 630 kVA,500,273.01,178.0,0
Disjoncteur Depart HTA,1200,1517.65,188.2,1
Transformateur 400 kVA,320,294.72,201.8,0
Transformateur 400 kVA,320,299.56,192.5,1
Transformateur 250 kVA,200,246.49,207.6,1
Disjoncteur Depart HTA,1200,1588.12,208.8,1
Cellule d Arrivee MT,1500,1580.98,170.9,1
Transformateur 630 kVA,500,364.8,178.5,1
Transformateur 400 kVA,320,293.61,222.1,0
Disjoncteur Depart HTA,1200,1064.12,201.6,1
Armoire de Distribution Publique,150,145.82,216.3,1
Disjoncteur Depart HTA,1200,805.58,179.8,0
Transformateur 630 kVA,500,414.71,202.7,0
Disjoncteur Depart HTA,1200,1393.64,221.6,0
Disjoncteur Depart HTA,1200,1064.78,179.6,1
Disjoncteur Depart HTA,1200,1026.95,206.1,1
Armoire de Distribution Publique,150,131.11,188.3,1
Transformateur 400 kVA,320,313.56,187.7,1
Transformateur 630 kVA,500,468.28,223.1,0
Armoire de Distribution Publique,150,144.21,203.0,0
Disjoncteur Depart HTA,1200,1193.74,218.4,0
Disjoncteur Depart HTA,1200,1200.35,210.7,0
Transformateur 400 kVA,320,317.2,210.0,1
Transformateur 630 kVA,500,288.31,186.1,0
Transformateur 250 kVA,200,186.1,222.5,0
Armoire de Distribution Publique,150,147.6,185.2,1
Transformateur 400 kVA,320,337.41,186.8,0
Transformateur 630 kVA,500,438.85,182.7,1
Armoire de Distribution Publique,150,144.84,222.1,0
Disjoncteur Depart HTA,1200,1174.8,199.9,1
Transformateur 630 kVA,500,404.67,197.8,0
Transformateur 630 kVA,500,477.03,193.3,1
Cellule d Arrivee MT,1500,1388.14,212.0,0
Transformateur 630 kVA,500,403.34,184.3,1
Transformateur 250 kVA,200,175.57,185.3,1
Transformateur 630 kVA,500,672.66,181.3,1
Transformateur 250 kVA,200,246.01,193.9,1
Disjoncteur Depart HTA,1200,1418.88,208.2,0
Transformateur 250 kVA,200,154.41,186.2,1
Armoire de Distribution Publique,150,121.26,189.8,1
Disjoncteur Depart HTA,1200,1233.72,208.1,0
Disjoncteur Depart HTA,1200,1489.57,171.4,1
Transformateur 250 kVA,200,147.75,172.4,1
Transformateur 400 kVA,320,297.75,213.7,0
Transformateur 100 kVA,80,89.93,183.0,1
Transformateur 630 kVA,500,574.75,223.0,0
Cellule d Arrivee MT,1500,1812.92,199.8,1
Transformateur 100 kVA,80,66.51,179.3,1
Transformateur 630 kVA,500,283.35,201.9,0
Transformateur 630 kVA,500,429.32,202.2,0
Disjoncteur Depart HTA,1200,957.6,216.8,0
Transformateur 630 kVA,500,530.27,224.7,0
Cellule d Arrivee MT,1500,1137.39,212.1,0
Transformateur 630 kVA,500,413.56,209.6,0
Transformateur 250 kVA,200,152.43,171.2,1
Transformateur 100 kVA,80,71.38,202.2,1
Transformateur 250 kVA,200,206.81,218.4,0
Cellule d Arrivee MT,1500,1173.97,209.1,0
Transformateur 630 kVA,500,672.45,208.0,1
Armoire de Distribution Publique,150,131.7,226.9,0
Cellule d Arrivee MT,1500,1017.9,192.5,0
Disjoncteur Depart HTA,1200,1004.91,183.4,0
Transformateur 250 kVA,200,197.05,225.6,0
Transformateur 250 kVA,200,169.95,213.5,0
Transformateur 400 kVA,320,303.72,218.1,0
Transformateur 630 kVA,500,427.11,171.8,1
Disjoncteur Depart HTA,1200,1172.54,177.0,1
Armoire de Distribution Publique,150,172.96,189.6,1
Transformateur 250 kVA,200,177.5,221.6,0
Transformateur 250 kVA,200,182.72,205.6,0
Disjoncteur Depart HTA,1200,1234.34,183.5,1
Cellule d Arrivee MT,1500,1107.1,187.6,1
Cellule d Arrivee MT,1500,1333.07,209.8,0
Transformateur 630 kVA,500,499.82,211.4,1
Transformateur 400 kVA,320,293.23,210.9,1
Transformateur 250 kVA,200,233.23,179.0,1
Transformateur 400 kVA,320,344.99,193.2,0
Cellule d Arrivee MT,1500,1660.82,195.5,1
Cellule d Arrivee MT,1500,1680.35,170.2,1
Transformateur 100 kVA,80,84.39,194.4,1
Armoire de Distribution Publique,150,145.95,190.4,1
Transformateur 630 kVA,500,350.05,171.4,1
Transformateur 100 kVA,80,49.34,221.8,0
Armoire de Distribution Publique,150,163.42,187.6,1
Transformateur 100 kVA,80,73.07,208.6,0
Transformateur 100 kVA,80,63.23,202.7,1
Transformateur 630 kVA,500,560.05,199.3,1
Transformateur 630 kVA,500,589.18,179.6,1
Disjoncteur Depart HTA,1200,582.85,180.4,0
Transformateur 400 kVA,320,181.31,220.5,0
Transformateur 400 kVA,320,292.68,201.6,0
Disjoncteur Depart HTA,1200,1171.36,192.3,1
Disjoncteur Depart HTA,1200,1259.22,201.2,0
Cellule d Arrivee MT,1500,1206.44,218.7,0
Armoire de Distribution Publique,150,130.94,202.1,0
Transformateur 100 kVA,80,112.48,209.7,1
Disjoncteur Depart HTA,1200,786.69,212.5,0
Transformateur 250 kVA,200,179.74,181.5,1
Transformateur 400 kVA,320,148.63,185.8,0
Disjoncteur Depart HTA,1200,1228.18,193.5,1
Transformateur 250 kVA,200,247.34,186.9,1
Transformateur 250 kVA,200,220.68,187.9,1
Transformateur 250 kVA,200,178.83,208.9,0
Cellule d Arrivee MT,1500,1303.2,225.7,0
Cellule d Arrivee MT,1500,1370.46,205.8,0
Transformateur 250 kVA,200,178.21,220.2,0
Armoire de Distribution Publique,150,174.49,171.5,1
Cellule d Arrivee MT,1500,1493.09,201.4,1
Transformateur 100 kVA,80,68.12,217.1,0
Transformateur 250 kVA,200,247.13,219.7,0
Transformateur 100 kVA,80,82.32,226.3,0
Transformateur 100 kVA,80,78.69,204.9,0
Transformateur 250 kVA,200,147.55,225.1,0
Transformateur 400 kVA,320,245.58,208.5,0
Armoire de Distribution Publique,150,163.54,195.8,1
Transformateur 250 kVA,200,212.31,217.7,0
Transformateur 250 kVA,200,149.56,191.4,0
Cellule d Arrivee MT,1500,1490.08,188.8,1
Transformateur 250 kVA,200,238.45,178.6,1
Transformateur 400 kVA,320,284.21,207.4,0
Cellule d Arrivee MT,1500,1180.4,178.4,1
Transformateur 630 kVA,500,594.92,180.0,1
Transformateur 630 kVA,500,532.44,170.4,1
Transformateur 100 kVA,80,77.02,212.8,0
Armoire de Distribution Publique,150,140.98,224.2,0
Transformateur 100 kVA,80,54.25,223.8,0
Transformateur 400 kVA,320,331.38,192.3,1
Disjoncteur Depart HTA,1200,1289.33,175.4,1
Armoire de Distribution Publique,150,97.74,222.7,0
Transformateur 630 kVA,500,610.14,225.6,0
Transformateur 100 kVA,80,96.18,193.5,1
Transformateur 630 kVA,500,443.14,173.6,1
Transformateur 400 kVA,320,283.06,201.5,1
Transformateur 400 kVA,320,371.05,196.7,1
Disjoncteur Depart HTA,1200,1475.3,207.0,1
Disjoncteur Depart HTA,1200,1071.93,177.0,1
Cellule d Arrivee MT,1500,911.53,201.2,0
Armoire de Distribution Publique,150,161.21,212.2,1
Transformateur 400 kVA,320,268.18,207.9,0
Transformateur 100 kVA,80,71.02,199.7,0
Transformateur 630 kVA,500,446.94,193.7,1
Transformateur 250 kVA,200,130.13,210.6,0
Disjoncteur Depart HTA,1200,768.5,183.7,0
Transformateur 250 kVA,200,187.93,218.0,0
Transformateur 100 kVA,80,82.65,224.9,0
Disjoncteur Depart HTA,1200,1007.04,181.4,1
Transformateur 250 kVA,200,268.78,189.7,1
Armoire de Distribution Publique,150,133.34,209.4,0
Transformateur 100 kVA,80,71.99,198.2,0
Transformateur 630 kVA,500,381.37,221.0,0
Armoire de Distribution Publique,150,173.83,173.9,1
Transformateur 100 kVA,80,72.83,194.0,0
Cellule d Arrivee MT,1500,1640.16,210.3,0
Disjoncteur Depart HTA,1200,1078.64,221.5,0
Transformateur 400 kVA,320,320.16,185.1,1
Transformateur 630 kVA,500,368.42,210.9,0
Armoire de Distribution Publique,150,137.68,188.6,1
Armoire de Distribution Publique,150,157.71,192.0,1
Transformateur 250 kVA,200,146.27,182.4,1
Disjoncteur Depart HTA,1200,1261.78,189.7,1
Transformateur 400 kVA,320,257.83,174.2,1
Transformateur 100 kVA,80,72.43,222.1,0
Transformateur 400 kVA,320,243.19,214.9,0
Disjoncteur Depart HTA,1200,1105.4,193.4,1
Disjoncteur Depart HTA,1200,1090.41,223.6,0
Cellule d Arrivee MT,1500,1316.07,192.5,0
Cellule d Arrivee MT,1500,1173.06,212.2,0
Transformateur 400 kVA,320,241.49,211.5,0
Transformateur 100 kVA,80,82.25,215.8,0
Transformateur 400 kVA,320,315.29,226.2,0
Disjoncteur Depart HTA,1200,1485.09,214.0,1
Disjoncteur Depart HTA,1200,1039.42,201.4,0
Transformateur 250 kVA,200,167.85,195.0,1
Cellule d Arrivee MT,1500,1506.57,184.6,1
Transformateur 250 kVA,200,236.37,174.5,1
Transformateur 630 kVA,500,687.96,225.0,1
Disjoncteur Depart HTA,1200,1300.93,215.3,1
Transformateur 250 kVA,200,166.49,187.6,0
Transformateur 400 kVA,320,278.95,178.7,1
Cellule d Arrivee MT,1500,1912.29,202.3,1
Cellule d Arrivee MT,1500,1777.24,187.3,1
Transformateur 100 kVA,80,81.64,176.8,1
Transformateur 400 kVA,320,219.22,184.7,0
Transformateur 100 kVA,80,65.35,211.6,0
Transformateur 250 kVA,200,185.68,174.8,1
Armoire de Distribution Publique,150,139.32,213.6,0
Transformateur 630 kVA,500,646.87,192.6,1
Transformateur 400 kVA,320,316.33,218.7,0
Transformateur 400 kVA,320,255.19,226.6,0
Transformateur 400 kVA,320,293.34,187.3,1
Transformateur 100 kVA,80,88.29,178.9,1
Transformateur 250 kVA,200,122.41,204.9,0
Transformateur 400 kVA,320,255.7,213.8,0
Armoire de Distribution Publique,150,140.44,176.3,1
Transformateur 400 kVA,320,294.22,199.5,0
Cellule d Arrivee MT,1500,1459.14,214.1,0
Transformateur 630 kVA,500,499.71,187.6,1
Cellule d Arrivee MT,1500,1308.09,174.6,1
Cellule d Arrivee MT,1500,1204.59,172.1,1
Transformateur 630 kVA,500,458.0,187.3,1
Armoire de Distribution Publique,150,191.18,224.2,1
Transformateur 250 kVA,200,157.98,171.1,1
Cellule d Arrivee MT,1500,991.73,180.4,0
Transformateur 250 kVA,200,161.09,170.5,1
Cellule d Arrivee MT,1500,830.53,214.1,0
Disjoncteur Depart HTA,1200,1123.75,195.4,0
Transformateur 630 kVA,500,392.47,219.1,0
Cellule d Arrivee MT,1500,2093.24,219.5,0
Disjoncteur Depart HTA,1200,1236.71,225.2,0
Transformateur 100 kVA,80,81.7,176.2,1
Disjoncteur Depart HTA,1200,731.46,226.3,0
Transformateur 400 kVA,320,282.76,176.9,1
Cellule d Arrivee MT,1500,1498.37,200.1,1
Disjoncteur Depart HTA,1200,793.2,203.6,0
Transformateur 250 kVA,200,209.97,208.8,1
Transformateur 100 kVA,80,75.06,224.5,1
Armoire de Distribution Publique,150,191.91,195.7,1
Cellule d Arrivee MT,1500,1641.63,183.4,1
Transformateur 400 kVA,320,334.46,220.8,1
Armoire de Distribution Publique,150,113.95,219.5,0
Disjoncteur Depart HTA,1200,1313.28,183.9,1
Armoire de Distribution Publique,150,118.98,202.0,0
Armoire de Distribution Publique,150,109.17,191.5,0
Transformateur 100 kVA,80,66.93,172.3,1
Armoire de Distribution Publique,150,126.99,194.8,0
Armoire de Distribution Publique,150,149.49,197.8,1
Cellule d Arrivee MT,1500,1142.08,226.8,0
Transformateur 100 kVA,80,69.59,189.9,1
Transformateur 400 kVA,320,328.88,187.8,1
Disjoncteur Depart HTA,1200,1100.99,192.6,1
Transformateur 100 kVA,80,100.53,188.9,1
Transformateur 100 kVA,80,73.9,225.3,0
Transformateur 630 kVA,500,509.59,215.1,1
Transformateur 100 kVA,80,79.54,205.8,0
Transformateur 630 kVA,500,468.43,223.9,0
Disjoncteur Depart HTA,1200,1080.87,176.4,1
Armoire de Distribution Publique,150,178.4,196.5,1
Cellule d Arrivee MT,1500,1322.64,204.0,0
Cellule d Arrivee MT,1500,1304.06,222.5,0
Disjoncteur Depart HTA,1200,975.22,189.3,0
Disjoncteur Depart HTA,1200,1106.4,225.0,0
Transformateur 250 kVA,200,177.16,211.6,0
Armoire de Distribution Publique,150,143.37,220.8,0
Disjoncteur Depart HTA,1200,980.13,188.0,1
Transformateur 100 kVA,80,82.85,183.7,1
Cellule d Arrivee MT,1500,1150.04,187.2,0
Transformateur 400 kVA,320,326.05,196.0,1
Cellule d Arrivee MT,1500,1518.85,203.6,0
Transformateur 630 kVA,500,505.52,201.1,0
Cellule d Arrivee MT,1500,1713.64,194.2,1
Transformateur 250 kVA,200,249.65,170.2,1
Armoire de Distribution Publique,150,128.6,180.1,1
Disjoncteur Depart HTA,1200,1397.45,198.9,1
Armoire de Distribution Publique,150,157.92,177.9,1
Disjoncteur Depart HTA,1200,1280.4,186.7,1
Cellule d Arrivee MT,1500,1497.25,181.8,1
Transformateur 400 kVA,320,325.53,187.2,1
Transformateur 400 kVA,320,318.63,178.0,1
Transformateur 250 kVA,200,223.85,190.0,1
Transformateur 630 kVA,500,409.26,211.9,0
Cellule d Arrivee MT,1500,1187.62,211.9,0
Disjoncteur Depart HTA,1200,1099.66,180.4,1
Cellule d Arrivee MT,1500,1973.48,170.8,1
Transformateur 250 kVA,200,192.92,192.5,0
Transformateur 100 kVA,80,64.12,207.4,0
Transformateur 100 kVA,80,77.31,220.0,0
Transformateur 250 kVA,200,182.49,179.4,1
Disjoncteur Depart HTA,1200,1310.73,212.2,0
Armoire de Distribution Publique,150,143.89,175.8,1
Transformateur 250 kVA,200,165.12,213.2,1
Disjoncteur Depart HTA,1200,1074.77,220.8,0
Transformateur 400 kVA,320,348.27,184.8,1
Transformateur 250 kVA,200,203.3,180.4,1
Disjoncteur Depart HTA,1200,1091.87,210.5,0
Transformateur 250 kVA,200,187.96,181.9,1
Transformateur 250 kVA,200,169.97,198.4,0
Armoire de Distribution Publique,150,152.81,186.6,1
Armoire de Distribution Publique,150,136.79,179.8,1
Disjoncteur Depart HTA,1200,1094.69,191.8,1
Disjoncteur Depart HTA,1200,1014.8,197.2,1
Transformateur 630 kVA,500,400.21,206.6,0
Transformateur 250 kVA,200,208.1,212.9,0
Transformateur 100 kVA,80,74.3,203.9,1
Transformateur 250 kVA,200,171.16,207.9,1
Transformateur 250 kVA,200,105.18,171.4,1
Disjoncteur Depart HTA,1200,544.25,196.1,0
Transformateur 250 kVA,200,159.77,191.8,1
Cellule d Arrivee MT,1500,1405.77,199.8,1
Transformateur 250 kVA,200,198.76,208.9,0
Cellule d Arrivee MT,1500,1491.37,190.0,1
Armoire de Distribution Publique,150,161.13,216.8,1
Transformateur 100 kVA,80,82.34,170.3,1
Disjoncteur Depart HTA,1200,805.14,189.0,0
Transformateur 250 kVA,200,189.43,196.6,1
Cellule d Arrivee MT,1500,1131.14,222.5,0
Cellule d Arrivee MT,1500,1721.96,217.9,0
Armoire de Distribution Publique,150,96.55,222.2,0
Cellule d Arrivee MT,1500,1234.92,199.9,0
Transformateur 400 kVA,320,252.85,210.3,0
Transformateur 630 kVA,500,494.4,223.0,0
Transformateur 100 kVA,80,57.94,190.2,0
Armoire de Distribution Publique,150,172.96,220.0,0
Armoire de Distribution Publique,150,131.81,179.9,1
Transformateur 250 kVA,200,189.68,199.1,0
Transformateur 400 kVA,320,364.6,190.8,1
Transformateur 250 kVA,200,254.73,210.0,1
Transformateur 250 kVA,200,241.75,206.5,1
Disjoncteur Depart HTA,1200,1456.38,194.5,1
Disjoncteur Depart HTA,1200,950.45,182.9,1
Disjoncteur Depart HTA,1200,953.56,223.3,0
Transformateur 400 kVA,320,296.13,170.4,1
Transformateur 250 kVA,200,133.73,206.5,0
Transformateur 630 kVA,500,466.47,194.0,1
Transformateur 100 kVA,80,71.17,223.9,0
Disjoncteur Depart HTA,1200,1324.14,190.1,1
Disjoncteur Depart HTA,1200,1072.31,181.7,1
Armoire de Distribution Publique,150,138.09,195.0,1
Transformateur 250 kVA,200,143.15,208.9,0
Transformateur 250 kVA,200,244.76,206.3,1
Transformateur 400 kVA,320,285.5,221.0,0
Transformateur 400 kVA,320,242.81,213.6,0
Disjoncteur Depart HTA,1200,1524.65,173.3,1
Transformateur 250 kVA,200,131.43,226.4,0
Transformateur 630 kVA,500,406.83,189.8,0
Transformateur 100 kVA,80,83.5,195.5,0
Transformateur 250 kVA,200,229.7,200.5,1
Armoire de Distribution Publique,150,153.1,172.6,1
Transformateur 250 kVA,200,215.45,197.5,1
Cellule d Arrivee MT,1500,1338.22,188.8,1
Transformateur 400 kVA,320,282.31,201.0,1
Armoire de Distribution Publique,150,171.86,173.2,1
Transformateur 100 kVA,80,54.44,185.2,0
Disjoncteur Depart HTA,1200,1334.11,171.9,1
Armoire de Distribution Publique,150,165.66,180.5,1
Transformateur 250 kVA,200,238.16,170.6,1
Disjoncteur Depart HTA,1200,1618.23,220.6,1
Transformateur 250 kVA,200,171.2,208.4,0
Disjoncteur Depart HTA,1200,1110.8,173.6,1
Transformateur 100 kVA,80,88.74,170.5,1
Transformateur 400 kVA,320,346.99,218.3,0
Transformateur 100 kVA,80,47.51,190.6,0
Cellule d Arrivee MT,1500,1410.42,190.7,1
Transformateur 630 kVA,500,346.85,193.9,0
Transformateur 400 kVA,320,275.54,219.1,0
Transformateur 100 kVA,80,56.35,179.3,1
Cellule d Arrivee MT,1500,811.56,186.5,0
Transformateur 630 kVA,500,489.28,187.2,1
Cellule d Arrivee MT,1500,1448.32,210.1,0
Transformateur 250 kVA,200,215.08,180.5,1
Transformateur 250 kVA,200,218.82,177.7,1
Disjoncteur Depart HTA,1200,1011.92,191.7,0
Transformateur 400 kVA,320,371.26,201.2,1
Transformateur 250 kVA,200,183.03,221.6,0
Armoire de Distribution Publique,150,118.91,225.2,0
Cellule d Arrivee MT,1500,1746.19,194.6,1
Transformateur 400 kVA,320,339.67,179.4,1
Armoire de Distribution Publique,150,187.6,200.5,1
Transformateur 250 kVA,200,130.53,202.3,0
Disjoncteur Depart HTA,1200,731.97,179.8,1
Transformateur 100 kVA,80,64.18,173.8,1
Disjoncteur Depart HTA,1200,877.54,209.7,0
Armoire de Distribution Publique,150,140.1,202.5,0
Transformateur 630 kVA,500,444.87,178.2,1
Transformateur 250 kVA,200,177.73,214.1,0
Armoire de Distribution Publique,150,197.29,189.2,1
Transformateur 630 kVA,500,492.5,180.8,1
Transformateur 630 kVA,500,694.21,223.7,1
Cellule d Arrivee MT,1500,1175.95,206.8,0
Transformateur 400 kVA,320,388.53,195.5,1
Cellule d Arrivee MT,1500,1596.98,220.3,0
Transformateur 250 kVA,200,242.32,223.9,0
Transformateur 630 kVA,500,433.78,183.9,1
Armoire de Distribution Publique,150,156.26,178.6,0
Transformateur 100 kVA,80,84.38,224.7,0
Transformateur 630 kVA,500,420.04,209.9,1
Armoire de Distribution Publique,150,144.21,217.6,0
Transformateur 100 kVA,80,106.89,170.3,1
Cellule d Arrivee MT,1500,1632.49,223.1,0
Cellule d Arrivee MT,1500,1317.45,218.3,0
Transformateur 400 kVA,320,281.85,200.4,0
Armoire de Distribution Publique,150,126.19,178.4,0
Transformateur 630 kVA,500,372.76,189.0,0
Disjoncteur Depart HTA,1200,1165.48,198.5,1
Cellule d Arrivee MT,1500,1234.67,191.1,0
Cellule d Arrivee MT,1500,1917.66,215.9,1
Transformateur 400 kVA,320,379.97,176.4,1
Transformateur 100 kVA,80,87.94,179.3,1
Transformateur 400 kVA,320,220.56,192.6,0
Transformateur 630 kVA,500,351.12,220.2,0
Armoire de Distribution Publique,150,144.7,172.0,1
Transformateur 250 kVA,200,152.36,190.6,1
Transformateur 250 kVA,200,196.88,187.8,1
Armoire de Distribution Publique,150,202.43,182.8,1
Transformateur 100 kVA,80,78.8,179.4,1
Cellule d Arrivee MT,1500,910.84,182.0,0
Transformateur 100 kVA,80,73.07,178.3,1
Cellule d Arrivee MT,1500,1294.69,177.2,1
Cellule d Arrivee MT,1500,1652.87,200.4,1
Transformateur 250 kVA,200,209.93,195.1,1
Transformateur 100 kVA,80,73.98,186.9,1
Transformateur 400 kVA,320,359.7,199.6,0
Cellule d Arrivee MT,1500,1504.95,189.2,0
Disjoncteur Depart HTA,1200,1269.7,186.8,1
Disjoncteur Depart HTA,1200,952.68,181.3,0
Transformateur 400 kVA,320,362.22,173.7,1
Disjoncteur Depart HTA,1200,1045.16,206.9,0
Transformateur 630 kVA,500,437.2,201.5,0
Cellule d Arrivee MT,1500,1000.77,209.9,0
Transformateur 400 kVA,320,184.23,190.4,0
Transformateur 100 kVA,80,91.85,183.1,1
Cellule d Arrivee MT,1500,1704.18,205.2,1
Transformateur 400 kVA,320,266.63,196.6,0
Transformateur 250 kVA,200,152.97,198.0,0
Transformateur 100 kVA,80,65.46,179.8,1
Transformateur 250 kVA,200,132.67,201.5,0
Cellule d Arrivee MT,1500,1167.39,209.9,0
Transformateur 100 kVA,80,65.48,176.2,1
Disjoncteur Depart HTA,1200,742.22,199.8,0
Transformateur 400 kVA,320,253.8,222.7,0
Cellule d Arrivee MT,1500,2134.75,217.5,1
Transformateur 630 kVA,500,584.36,173.3,1
Transformateur 100 kVA,80,82.41,224.9,0
Transformateur 100 kVA,80,92.97,203.9,1
Armoire de Distribution Publique,150,130.01,172.8,1
Cellule d Arrivee MT,1500,1873.19,214.5,1
Cellule d Arrivee MT,1500,1168.13,179.6,0
Transformateur 250 kVA,200,269.31,174.2,1
Armoire de Distribution Publique,150,160.59,212.7,0
Disjoncteur Depart HTA,1200,1463.19,177.8,1
Transformateur 250 kVA,200,133.87,180.3,1
Armoire de Distribution Publique,150,103.8,187.7,0
Transformateur 250 kVA,200,203.89,220.3,0
Disjoncteur Depart HTA,1200,1300.96,197.9,1
Armoire de Distribution Publique,150,155.91,210.2,0
Armoire de Distribution Publique,150,187.1,189.9,1
Transformateur 630 kVA,500,267.4,219.0,0
Transformateur 250 kVA,200,233.91,173.2,1
Transformateur 250 kVA,200,205.98,206.1,0
Transformateur 100 kVA,80,75.56,209.6,0
Disjoncteur Depart HTA,1200,996.71,203.9,0
Transformateur 400 kVA,320,270.82,178.6,1
Transformateur 630 kVA,500,506.96,202.7,1
Armoire de Distribution Publique,150,184.94,176.0,1
Armoire de Distribution Publique,150,138.64,171.7,1
Armoire de Distribution Publique,150,122.9,172.8,1
Transformateur 630 kVA,500,434.29,219.8,0
Armoire de Distribution Publique,150,114.29,194.2,0
Armoire de Distribution Publique,150,136.14,175.4,1
Disjoncteur Depart HTA,1200,961.24,208.0,0
Cellule d Arrivee MT,1500,1132.41,197.2,0
Cellule d Arrivee MT,1500,1353.87,219.4,0
Transformateur 100 kVA,80,63.54,215.0,0
Transformateur 100 kVA,80,79.26,196.7,0
Armoire de Distribution Publique,150,143.85,196.3,0
Disjoncteur Depart HTA,1200,1256.63,175.7,1
Armoire de Distribution Publique,150,79.82,219.8,0
Transformateur 100 kVA,80,64.22,173.1,1
Transformateur 630 kVA,500,393.65,194.5,1
Transformateur 630 kVA,500,426.63,208.8,0
Transformateur 400 kVA,320,307.08,224.1,0
Cellule d Arrivee MT,1500,1114.71,177.7,1
Disjoncteur Depart HTA,1200,1361.79,178.5,1
Transformateur 250 kVA,200,186.05,190.7,1
Cellule d Arrivee MT,1500,1615.43,226.4,0
Transformateur 250 kVA,200,123.68,181.3,0
Transformateur 400 kVA,320,276.27,176.0,1
Transformateur 400 kVA,320,356.98,199.5,1
Armoire de Distribution Publique,150,174.84,186.2,1
Transformateur 100 kVA,80,65.65,206.3,0
Transformateur 400 kVA,320,387.73,180.6,1
Transformateur 400 kVA,320,215.51,194.9,0
Transformateur 250 kVA,200,136.29,223.9,0
Transformateur 100 kVA,80,72.14,221.4,0
Transformateur 400 kVA,320,356.52,215.1,1
Cellule d Arrivee MT,1500,1104.11,190.3,0
Transformateur 400 kVA,320,238.38,205.5,0
Transformateur 100 kVA,80,58.21,225.4,0
Armoire de Distribution Publique,150,114.98,183.6,0
Disjoncteur Depart HTA,1200,1043.07,172.4,1
Transformateur 100 kVA,80,74.97,199.9,0
Transformateur 250 kVA,200,90.83,212.7,0
Disjoncteur Depart HTA,1200,921.1,208.5,0
Cellule d Arrivee MT,1500,1160.7,224.1,0
Transformateur 630 kVA,500,483.53,184.6,1
Transformateur 100 kVA,80,86.19,218.2,0
Armoire de Distribution Publique,150,102.98,196.1,0
Transformateur 250 kVA,200,187.82,205.4,0
Cellule d Arrivee MT,1500,1314.96,224.7,0
Disjoncteur Depart HTA,1200,1249.57,189.9,1
Cellule d Arrivee MT,1500,1536.56,196.7,1
Transformateur 100 kVA,80,48.62,225.0,0
Transformateur 400 kVA,320,315.7,190.3,1
Armoire de Distribution Publique,150,130.22,206.7,0
Transformateur 100 kVA,80,54.34,224.3,0
Transformateur 630 kVA,500,648.96,220.4,1
Transformateur 100 kVA,80,91.52,190.3,1
Disjoncteur Depart HTA,1200,1237.52,175.5,1
Disjoncteur Depart HTA,1200,1009.99,223.2,0
Transformateur 100 kVA,80,65.11,191.7,1
Disjoncteur Depart HTA,1200,1363.23,214.0,1
Transformateur 400 kVA,320,372.15,211.6,1
Cellule d Arrivee MT,1500,1920.88,175.1,1
Transformateur 100 kVA,80,93.58,226.8,0
Armoire de Distribution Publique,150,159.99,224.1,0
Transformateur 400 kVA,320,319.37,216.4,0
Cellule d Arrivee MT,1500,1298.0,193.7,1
Armoire de Distribution Publique,150,144.04,194.3,1
Armoire de Distribution Publique,150,155.16,207.3,1
Armoire de Distribution Publique,150,187.65,208.2,1
Cellule d Arrivee MT,1500,1099.53,190.1,0
Transformateur 400 kVA,320,380.49,225.7,0
Armoire de Distribution Publique,150,118.04,219.4,0
Armoire de Distribution Publique,150,153.01,197.5,0
Transformateur 250 kVA,200,190.62,184.6,1
Transformateur 100 kVA,80,85.76,183.1,1
Cellule d Arrivee MT,1500,1090.59,173.5,1
Cellule d Arrivee MT,1500,1351.81,170.2,1
Disjoncteur Depart HTA,1200,1153.94,213.4,0
Cellule d Arrivee MT,1500,1626.86,198.1,0
Transformateur 400 kVA,320,252.35,185.9,0
Cellule d Arrivee MT,1500,1142.5,214.5,0
Transformateur 250 kVA,200,125.09,207.6,0
Transformateur 100 kVA,80,84.84,205.1,1
Transformateur 100 kVA,80,92.17,200.4,1
Cellule d Arrivee MT,1500,1610.96,180.9,1
Armoire de Distribution Publique,150,144.15,215.3,0
Transformateur 630 kVA,500,363.23,180.6,0
Transformateur 630 kVA,500,359.56,184.1,1
Armoire de Distribution Publique,150,107.41,196.0,0
Armoire de Distribution Publique,150,137.27,205.1,0
Armoire de Distribution Publique,150,125.8,200.8,0
Transformateur 400 kVA,320,380.36,226.9,1
Transformateur 630 kVA,500,489.72,175.6,1
Armoire de Distribution Publique,150,105.27,184.4,0
Transformateur 400 kVA,320,173.77,184.2,1
Disjoncteur Depart HTA,1200,1051.2,206.5,0
Transformateur 400 kVA,320,241.55,213.4,0
Transformateur 630 kVA,500,583.13,185.8,1
Cellule d Arrivee MT,1500,958.81,212.3,0
Disjoncteur Depart HTA,1200,1538.69,218.3,0
Transformateur 630 kVA,500,402.65,192.1,1
Transformateur 400 kVA,320,322.61,212.5,0
Transformateur 250 kVA,200,205.85,171.4,1
Transformateur 100 kVA,80,82.15,207.3,0
Transformateur 630 kVA,500,320.82,174.3,1
Armoire de Distribution Publique,150,157.76,215.8,0
Transformateur 400 kVA,320,299.16,177.0,1
Armoire de Distribution Publique,150,162.47,203.3,0
Armoire de Distribution Publique,150,193.63,180.8,1
Armoire de Distribution Publique,150,148.62,171.2,1
Armoire de Distribution Publique,150,166.9,202.7,1
Armoire de Distribution Publique,150,74.55,210.0,0
Disjoncteur Depart HTA,1200,1330.18,224.9,0
Transformateur 630 kVA,500,352.83,227.0,0
Transformateur 630 kVA,500,522.21,187.2,1
Transformateur 100 kVA,80,66.83,182.8,1
Transformateur 400 kVA,320,294.76,223.8,0
Transformateur 250 kVA,200,138.55,210.4,0
Disjoncteur Depart HTA,1200,785.9,189.0,0
Transformateur 400 kVA,320,371.49,210.2,1
Disjoncteur Depart HTA,1200,474.78,189.8,0
Transformateur 630 kVA,500,304.32,172.5,1
Armoire de Distribution Publique,150,88.16,222.4,0
Transformateur 100 kVA,80,84.31,224.9,0
Transformateur 100 kVA,80,90.86,215.6,0
Cellule d Arrivee MT,1500,1683.85,194.2,1
Transformateur 250 kVA,200,127.82,175.3,0
Transformateur 100 kVA,80,69.19,224.2,0
Armoire de Distribution Publique,150,175.58,214.9,0
Transformateur 630 kVA,500,377.28,194.5,0
Transformateur 250 kVA,200,132.32,211.0,0
Transformateur 400 kVA,320,385.43,219.6,1
Armoire de Distribution Publique,150,178.54,176.3,1
Armoire de Distribution Publique,150,153.91,226.7,0
Transformateur 100 kVA,80,68.92,191.3,0
Transformateur 250 kVA,200,191.28,181.0,1
Transformateur 630 kVA,500,405.27,206.4,0
Cellule d Arrivee MT,1500,840.81,171.2,0
Disjoncteur Depart HTA,1200,799.37,188.1,0
Disjoncteur Depart HTA,1200,1482.39,182.5,1
Transformateur 630 kVA,500,392.1,216.6,0
Transformateur 630 kVA,500,643.54,224.3,0
Disjoncteur Depart HTA,1200,1382.76,173.1,1
Cellule d Arrivee MT,1500,1188.81,179.1,0
Transformateur 250 kVA,200,148.84,180.9,1
Disjoncteur Depart HTA,1200,1077.33,186.8,1
Transformateur 630 kVA,500,503.93,189.1,1
Transformateur 100 kVA,80,57.45,212.6,0
Transformateur 400 kVA,320,178.05,216.8,0
Cellule d Arrivee MT,1500,1429.63,209.8,0
Armoire de Distribution Publique,150,103.23,193.7,0
Cellule d Arrivee MT,1500,1273.26,190.0,0
Transformateur 100 kVA,80,78.24,190.0,1
Transformateur 100 kVA,80,112.11,209.3,1
Armoire de Distribution Publique,150,174.38,186.4,1
Transformateur 630 kVA,500,410.62,194.9,0
Disjoncteur Depart HTA,1200,1060.21,202.8,0
Transformateur 250 kVA,200,153.99,189.3,0
Cellule d Arrivee MT,1500,1552.94,202.4,0
Armoire de Distribution Publique,150,158.86,175.3,1
Cellule d Arrivee MT,1500,1267.36,198.9,0
Transformateur 100 kVA,80,80.27,185.0,1
Disjoncteur Depart HTA,1200,1144.05,180.6,1
Cellule d Arrivee MT,1500,1344.16,202.4,1
Transformateur 250 kVA,200,96.73,216.2,0
Transformateur 100 kVA,80,98.18,206.0,1
Transformateur 250 kVA,200,119.63,186.2,1
Disjoncteur Depart HTA,1200,552.43,173.6,0
Cellule d Arrivee MT,1500,1666.75,174.7,1
Transformateur 400 kVA,320,258.33,226.1,0
Cellule d Arrivee MT,1500,1052.83,186.9,1
Disjoncteur Depart HTA,1200,1098.52,217.8,0
Cellule d Arrivee MT,1500,1268.81,192.6,0
Armoire de Distribution Publique,150,142.7,194.3,1
Cellule d Arrivee MT,1500,1661.86,213.1,1
Transformateur 630 kVA,500,344.05,178.7,0
Cellule d Arrivee MT,1500,1584.96,180.6,1
Cellule d Arrivee MT,1500,1191.29,214.5,0
Transformateur 250 kVA,200,129.16,207.4,0
Transformateur 400 kVA,320,261.98,177.0,1
Transformateur 250 kVA,200,213.37,206.6,0
Transformateur 250 kVA,200,114.29,181.9,1
Transformateur 100 kVA,80,77.24,218.7,0
Transformateur 630 kVA,500,465.48,222.7,0
Transformateur 250 kVA,200,127.36,223.0,0
Armoire de Distribution Publique,150,206.52,214.3,1
Disjoncteur Depart HTA,1200,1510.29,170.7,1
Armoire de Distribution Publique,150,123.9,209.4,0
Disjoncteur Depart HTA,1200,1074.79,225.4,0
Cellule d Arrivee MT,1500,1443.87,206.3,0
Transformateur 100 kVA,80,59.38,188.5,1
Transformateur 630 kVA,500,464.92,194.0,1
Armoire de Distribution Publique,150,142.74,171.4,1
Transformateur 630 kVA,500,428.42,171.4,1
Armoire de Distribution Publique,150,158.8,211.2,0
Cellule d Arrivee MT,1500,1017.43,221.5,0
Disjoncteur Depart HTA,1200,1327.54,177.2,1
Transformateur 400 kVA,320,397.12,197.9,1
Transformateur 100 kVA,80,64.44,226.5,0
Armoire de Distribution Publique,150,164.82,195.2,0
Armoire de Distribution Publique,150,110.32,209.1,0
Cellule d Arrivee MT,1500,1894.02,189.3,1
Transformateur 100 kVA,80,50.81,207.7,0
Disjoncteur Depart HTA,1200,1182.86,211.5,0
Disjoncteur Depart HTA,1200,987.56,173.4,1
Armoire de Distribution Publique,150,174.66,202.2,1
Transformateur 400 kVA,320,195.02,194.6,0
Transformateur 400 kVA,320,348.46,189.1,1
Transformateur 630 kVA,500,325.92,172.9,1
Transformateur 100 kVA,80,99.84,188.8,1
Transformateur 100 kVA,80,65.3,215.0,0
Disjoncteur Depart HTA,1200,1344.96,180.5,1
Transformateur 630 kVA,500,528.48,205.2,1
Cellule d Arrivee MT,1500,1320.29,203.5,0
Transformateur 100 kVA,80,64.17,183.1,1
Transformateur 630 kVA,500,566.62,184.6,1
Transformateur 630 kVA,500,451.71,186.9,1
Armoire de Distribution Publique,150,148.34,188.1,1
Disjoncteur Depart HTA,1200,1253.69,209.3,0
Transformateur 630 kVA,500,421.52,215.6,0
Transformateur 400 kVA,320,350.01,199.9,1
Transformateur 400 kVA,320,363.36,177.0,1
Transformateur 250 kVA,200,143.24,171.4,1
Disjoncteur Depart HTA,1200,1358.53,205.3,1
Armoire de Distribution Publique,150,100.91,210.1,0
Cellule d Arrivee MT,1500,1609.66,207.5,0
Transformateur 250 kVA,200,197.82,204.2,1
Transformateur 400 kVA,320,283.37,212.7,0
Armoire de Distribution Publique,150,135.74,204.3,1
Transformateur 250 kVA,200,129.08,226.4,0
Disjoncteur Depart HTA,1200,1193.65,219.9,0
Armoire de Distribution Publique,150,93.22,186.8,0
Disjoncteur Depart HTA,1200,1479.91,181.4,1
Transformateur 630 kVA,500,492.42,202.9,1
Transformateur 100 kVA,80,70.06,199.3,1
Transformateur 630 kVA,500,442.98,199.2,0
Disjoncteur Depart HTA,1200,1217.6,172.7,1
Armoire de Distribution Publique,150,140.54,205.8,1
Transformateur 400 kVA,320,336.34,194.1,1
Cellule d Arrivee MT,1500,1227.45,176.0,1
Transformateur 400 kVA,320,292.59,199.4,1
Armoire de Distribution Publique,150,122.31,225.5,0
Transformateur 630 kVA,500,526.68,178.9,1
Cellule d Arrivee MT,1500,901.34,193.8,0
Armoire de Distribution Publique,150,132.54,190.6,1
Disjoncteur Depart HTA,1200,1388.81,225.1,0
Transformateur 400 kVA,320,240.52,212.4,0
Disjoncteur Depart HTA,1200,993.69,200.5,1
Cellule d Arrivee MT,1500,1096.67,220.1,0
Cellule d Arrivee MT,1500,1094.86,174.5,1
Transformateur 400 kVA,320,243.21,213.8,0
Disjoncteur Depart HTA,1200,1269.38,216.2,0
Transformateur 250 kVA,200,160.88,179.9,1
Disjoncteur Depart HTA,1200,1410.29,219.4,0
Cellule d Arrivee MT,1500,1249.05,188.4,1
Disjoncteur Depart HTA,1200,1274.37,191.8,1
Armoire de Distribution Publique,150,101.33,188.0,0
Transformateur 630 kVA,500,406.1,222.5,0
Transformateur 250 kVA,200,218.81,207.8,1
Transformateur 100 kVA,80,82.35,199.3,1
Armoire de Distribution Publique,150,138.29,223.5,0
Transformateur 630 kVA,500,417.15,186.6,1
Transformateur 100 kVA,80,62.16,170.3,1
Transformateur 400 kVA,320,274.55,183.8,1
Transformateur 100 kVA,80,56.14,225.0,0
Armoire de Distribution Publique,150,108.04,207.2,0
Disjoncteur Depart HTA,1200,1015.44,216.7,1
Armoire de Distribution Publique,150,137.74,173.2,1
Transformateur 100 kVA,80,44.18,197.7,0
Cellule d Arrivee MT,1500,1588.93,189.5,1
Transformateur 630 kVA,500,571.88,177.8,1
Transformateur 630 kVA,500,442.11,184.8,1
Transformateur 100 kVA,80,61.38,213.2,0
Transformateur 630 kVA,500,507.13,187.9,1
Cellule d Arrivee MT,1500,1614.96,177.8,1
Armoire de Distribution Publique,150,112.33,198.2,1
Transformateur 630 kVA,500,327.17,184.6,0
Transformateur 100 kVA,80,75.09,202.6,0
Transformateur 250 kVA,200,164.34,194.4,0
Transformateur 250 kVA,200,189.66,222.4,0
Transformateur 400 kVA,320,313.12,187.7,1
Transformateur 630 kVA,500,382.11,207.2,0
Armoire de Distribution Publique,150,136.21,187.0,1
Transformateur 100 kVA,80,47.42,190.8,0
Transformateur 630 kVA,500,591.71,178.8,1
Disjoncteur Depart HTA,1200,1263.73,192.7,1
Cellule d Arrivee MT,1500,1125.21,220.9,0
Transformateur 630 kVA,500,636.24,200.9,1
Transformateur 630 kVA,500,539.38,226.8,0
Transformateur 250 kVA,200,192.46,193.4,1
Cellule d Arrivee MT,1500,1121.66,222.5,0
Transformateur 100 kVA,80,78.6,218.5,0
Transformateur 630 kVA,500,352.84,214.9,0
Transformateur 250 kVA,200,228.95,192.5,1
Transformateur 400 kVA,320,287.92,195.9,0
Cellule d Arrivee MT,1500,1015.16,192.0,0
Transformateur 250 kVA,200,127.85,218.3,0
Transformateur 250 kVA,200,175.91,207.7,0
Armoire de Distribution Publique,150,117.8,211.8,0
Transformateur 250 kVA,200,166.22,223.6,0
Armoire de Distribution Publique,150,100.04,201.0,0
Transformateur 630 kVA,500,507.99,208.0,0
Transformateur 630 kVA,500,307.42,189.8,0
Transformateur 400 kVA,320,375.72,189.3,1
Disjoncteur Depart HTA,1200,1027.75,194.1,0
Disjoncteur Depart HTA,1200,1355.85,207.1,1
Disjoncteur Depart HTA,1200,1046.69,215.6,0
Armoire de Distribution Publique,150,135.75,177.6,1
Cellule d Arrivee MT,1500,1974.17,175.6,1
Cellule d Arrivee MT,1500,1933.76,188.6,1
Transformateur 400 kVA,320,237.76,210.5,1
Cellule d Arrivee MT,1500,1442.11,215.4,0
Disjoncteur Depart HTA,1200,1039.95,191.4,1
Disjoncteur Depart HTA,1200,1043.29,177.5,1
Transformateur 250 kVA,200,211.08,213.6,0
Cellule d Arrivee MT,1500,1726.8,173.6,1
Transformateur 630 kVA,500,576.57,221.6,1
Transformateur 630 kVA,500,553.31,177.4,1
Transformateur 250 kVA,200,141.35,190.6,0
Transformateur 250 kVA,200,145.71,173.3,1
Transformateur 250 kVA,200,149.44,213.3,0
Transformateur 630 kVA,500,495.8,173.0,1
Disjoncteur Depart HTA,1200,1147.03,183.2,1
Transformateur 250 kVA,200,233.76,212.3,1
Transformateur 400 kVA,320,235.61,196.7,0
Armoire de Distribution Publique,150,113.29,181.7,1
Transformateur 250 kVA,200,171.98,210.8,0
Armoire de Distribution Publique,150,147.95,183.3,1
Transformateur 100 kVA,80,77.67,176.6,1
Transformateur 250 kVA,200,192.97,222.7,0
Transformateur 630 kVA,500,376.84,189.6,1
Cellule d Arrivee MT,1500,1751.18,219.3,1
Transformateur 250 kVA,200,151.19,186.2,1
Cellule d Arrivee MT,1500,1527.92,187.3,1
Transformateur 100 kVA,80,82.87,216.6,0
Transformateur 400 kVA,320,270.02,180.3,1
Cellule d Arrivee MT,1500,1440.61,217.6,0
Armoire de Distribution Publique,150,144.47,171.3,1
Disjoncteur Depart HTA,1200,1346.51,200.4,1
Transformateur 250 kVA,200,232.26,211.8,1
Transformateur 100 kVA,80,83.37,214.2,0
Transformateur 100 kVA,80,69.53,218.5,0
Cellule d Arrivee MT,1500,1491.84,179.3,1
Transformateur 400 kVA,320,376.93,203.1,0
Transformateur 630 kVA,500,350.8,216.5,0
Transformateur 250 kVA,200,137.79,223.6,0
Transformateur 100 kVA,80,70.87,195.9,1
Transformateur 400 kVA,320,184.51,173.0,1
Disjoncteur Depart HTA,1200,1060.69,213.3,0
Transformateur 100 kVA,80,56.12,200.5,0
Transformateur 400 kVA,320,342.89,187.4,1
Transformateur 630 kVA,500,369.03,190.2,1
Transformateur 630 kVA,500,582.87,189.2,1
Transformateur 100 kVA,80,74.69,189.9,1
Armoire de Distribution Publique,150,105.45,200.2,0
Transformateur 100 kVA,80,74.84,173.0,1
Cellule d Arrivee MT,1500,1720.75,178.9,1
Transformateur 250 kVA,200,170.9,183.3,1
Transformateur 400 kVA,320,405.74,210.2,1
Transformateur 100 kVA,80,51.21,176.8,1
Transformateur 250 kVA,200,159.87,185.0,1
Cellule d Arrivee MT,1500,1008.96,191.3,0
Transformateur 250 kVA,200,247.03,190.8,1
Transformateur 100 kVA,80,71.84,176.3,1
Transformateur 630 kVA,500,467.78,209.2,0
Transformateur 400 kVA,320,443.99,225.8,0
Transformateur 400 kVA,320,326.43,192.3,1
Transformateur 630 kVA,500,541.88,197.9,1
Armoire de Distribution Publique,150,104.69,226.9,0
Transformateur 100 kVA,80,92.24,198.1,1
Transformateur 400 kVA,320,308.07,212.9,0
Transformateur 100 kVA,80,76.14,177.9,1
Cellule d Arrivee MT,1500,1730.8,211.5,0
Transformateur 100 kVA,80,112.58,192.6,1
Transformateur 250 kVA,200,197.69,192.1,1
Transformateur 630 kVA,500,523.37,208.1,1
Armoire de Distribution Publique,150,158.52,199.0,1
Transformateur 100 kVA,80,72.37,203.1,0
Armoire de Distribution Publique,150,125.55,221.9,0
Armoire de Distribution Publique,150,109.67,220.2,0
Cellule d Arrivee MT,1500,1511.28,179.7,1
Disjoncteur Depart HTA,1200,1393.9,215.4,0
Transformateur 630 kVA,500,551.95,183.5,1
Armoire de Distribution Publique,150,124.85,213.3,0
Transformateur 400 kVA,320,378.63,202.8,1
Transformateur 250 kVA,200,245.1,203.8,1
Transformateur 400 kVA,320,309.67,210.3,0
Cellule d Arrivee MT,1500,1499.6,203.5,1
Cellule d Arrivee MT,1500,1465.32,216.6,0
Transformateur 400 kVA,320,386.99,203.2,1
Transformateur 630 kVA,500,354.32,181.5,1
Transformateur 400 kVA,320,253.61,198.9,0
Transformateur 100 kVA,80,81.19,223.5,0
Transformateur 400 kVA,320,301.72,183.6,1
Transformateur 250 kVA,200,120.81,190.3,0
Transformateur 250 kVA,200,150.52,174.2,1
Disjoncteur Depart HTA,1200,603.05,226.6,0
Transformateur 250 kVA,200,186.89,178.9,1
Transformateur 400 kVA,320,368.51,178.9,1
Transformateur 250 kVA,200,202.2,176.8,1
Transformateur 630 kVA,500,370.82,217.6,0
Armoire de Distribution Publique,150,135.62,218.2,0
Transformateur 250 kVA,200,155.25,194.1,0
Transformateur 100 kVA,80,92.44,218.9,1
Transformateur 630 kVA,500,483.17,180.0,1
Disjoncteur Depart HTA,1200,1233.91,186.4,1
Transformateur 100 kVA,80,79.59,219.4,0
Transformateur 400 kVA,320,271.16,210.0,0
Armoire de Distribution Publique,150,110.91,193.3,0
Transformateur 400 kVA,320,332.26,209.8,1
Armoire de Distribution Publique,150,147.48,198.5,0
Armoire de Distribution Publique,150,148.0,210.3,0
Transformateur 400 kVA,320,230.75,202.9,0
Transformateur 100 kVA,80,109.18,173.4,1
Transformateur 100 kVA,80,85.64,181.5,1
Armoire de Distribution Publique,150,184.32,210.2,1
Transformateur 100 kVA,80,68.19,223.1,0
Armoire de Distribution Publique,150,96.88,202.5,0
Armoire de Distribution Publique,150,191.25,172.3,1
Transformateur 630 kVA,500,561.79,221.1,1
Cellule d Arrivee MT,1500,1090.67,190.2,1
Transformateur 630 kVA,500,471.21,203.6,0
Transformateur 400 kVA,320,327.21,200.0,1
Cellule d Arrivee MT,1500,1569.13,198.5,1
Transformateur 250 kVA,200,206.86,203.2,1
Transformateur 400 kVA,320,324.0,205.9,0
Disjoncteur Depart HTA,1200,817.27,201.1,0
Transformateur 630 kVA,500,525.3,220.5,0
Transformateur 100 kVA,80,68.28,181.3,1
Transformateur 630 kVA,500,497.62,222.7,0
Transformateur 100 kVA,80,83.74,194.8,1
Cellule d Arrivee MT,1500,1198.11,224.3,0
Disjoncteur Depart HTA,1200,1366.39,204.3,1
Cellule d Arrivee MT,1500,1727.71,200.8,1
Disjoncteur Depart HTA,1200,984.14,170.0,1
Transformateur 630 kVA,500,388.83,226.8,0
Transformateur 100 kVA,80,103.63,200.7,1
Cellule d Arrivee MT,1500,1480.93,223.7,0
Disjoncteur Depart HTA,1200,740.19,191.5,0
Armoire de Distribution Publique,150,161.29,220.7,0
Transformateur 400 kVA,320,298.97,186.0,1
Transformateur 400 kVA,320,398.09,209.8,1
Cellule d Arrivee MT,1500,1299.71,192.9,1
Transformateur 100 kVA,80,88.35,202.1,1
Armoire de Distribution Publique,150,180.31,190.1,1
Cellule d Arrivee MT,1500,1526.84,209.3,1
Transformateur 630 kVA,500,545.41,200.3,1
Disjoncteur Depart HTA,1200,1548.74,186.9,1
Transformateur 630 kVA,500,389.69,211.7,0
Transformateur 400 kVA,320,323.4,219.7,1
Disjoncteur Depart HTA,1200,1264.09,222.4,1
Cellule d Arrivee MT,1500,1060.92,181.6,1
Transformateur 630 kVA,500,518.62,194.1,1
Transformateur 250 kVA,200,202.13,215.7,0
Transformateur 100 kVA,80,92.07,218.9,0
Armoire de Distribution Publique,150,169.04,177.4,1
Armoire de Distribution Publique,150,147.18,196.0,1
Transformateur 100 kVA,80,71.33,197.5,0
Transformateur 250 kVA,200,210.15,172.3,1
Transformateur 400 kVA,320,332.45,219.0,1
Disjoncteur Depart HTA,1200,1147.95,216.6,0
Transformateur 100 kVA,80,79.12,174.1,1
Transformateur 250 kVA,200,192.72,191.5,1
Cellule d Arrivee MT,1500,1790.57,210.5,1
Armoire de Distribution Publique,150,131.06,225.1,0
Transformateur 250 kVA,200,197.16,181.2,1
Transformateur 400 kVA,320,281.79,220.3,0
Transformateur 400 kVA,320,231.93,187.7,0
Transformateur 630 kVA,500,370.28,220.4,0
Transformateur 100 kVA,80,82.82,200.6,1
Transformateur 630 kVA,500,472.58,213.8,0
Armoire de Distribution Publique,150,141.62,209.0,0
Transformateur 250 kVA,200,152.14,225.1,0
Disjoncteur Depart HTA,1200,1136.68,184.9,1
Disjoncteur Depart HTA,1200,1075.21,216.4,0
Transformateur 400 kVA,320,246.77,183.8,1
Disjoncteur Depart HTA,1200,1199.38,201.9,1
Disjoncteur Depart HTA,1200,1210.84,171.8,1
Armoire de Distribution Publique,150,137.37,188.4,1
Disjoncteur Depart HTA,1200,1285.1,203.6,1
Transformateur 250 kVA,200,162.74,204.7,0
Disjoncteur Depart HTA,1200,1277.65,189.1,1
Cellule d Arrivee MT,1500,1733.36,202.1,1
Disjoncteur Depart HTA,1200,1305.14,192.2,1
Disjoncteur Depart HTA,1200,941.73,211.4,0
Transformateur 630 kVA,500,423.2,208.6,1
Transformateur 250 kVA,200,173.02,181.9,1
Transformateur 400 kVA,320,409.3,192.9,1
Transformateur 630 kVA,500,510.54,194.2,1
Transformateur 100 kVA,80,77.89,217.1,0
Transformateur 250 kVA,200,181.5,172.3,1
Cellule d Arrivee MT,1500,1218.13,213.5,0
Transformateur 250 kVA,200,143.36,214.3,0
Transformateur 100 kVA,80,53.3,198.0,0
Transformateur 100 kVA,80,71.22,172.5,1
Transformateur 100 kVA,80,108.87,210.4,1
Armoire de Distribution Publique,150,150.86,176.2,1
Transformateur 400 kVA,320,377.53,193.2,1
Disjoncteur Depart HTA,1200,971.31,204.3,0
Transformateur 250 kVA,200,194.34,190.2,1
Armoire de Distribution Publique,150,149.95,198.4,1
Disjoncteur Depart HTA,1200,1306.0,220.4,1
Disjoncteur Depart HTA,1200,712.71,174.6,0
Cellule d Arrivee MT,1500,1251.48,221.0,0
Transformateur 100 kVA,80,64.14,195.2,0
Transformateur 400 kVA,320,258.79,179.3,1
Cellule d Arrivee MT,1500,1599.43,196.6,1
Transformateur 630 kVA,500,681.76,204.1,1
Armoire de Distribution Publique,150,152.0,203.0,1
Armoire de Distribution Publique,150,105.28,194.9,0
Transformateur 400 kVA,320,339.8,176.3,1
Disjoncteur Depart HTA,1200,1161.21,171.6,1
Armoire de Distribution Publique,150,106.62,196.4,0
Transformateur 400 kVA,320,227.84,201.5,0
Armoire de Distribution Publique,150,163.83,222.4,0
Armoire de Distribution Publique,150,90.61,178.6,0
Transformateur 100 kVA,80,64.42,184.5,1
Transformateur 630 kVA,500,596.33,200.4,1
Transformateur 100 kVA,80,98.37,190.5,1
Transformateur 630 kVA,500,482.57,175.0,1
Armoire de Distribution Publique,150,135.66,194.1,1
Cellule d Arrivee MT,1500,1202.75,196.4,0
Disjoncteur Depart HTA,1200,792.25,200.3,0
Armoire de Distribution Publique,150,135.76,217.8,1
Transformateur 630 kVA,500,475.35,226.2,0
Transformateur 630 kVA,500,434.91,212.7,0
Transformateur 630 kVA,500,313.95,194.9,0
Armoire de Distribution Publique,150,149.64,181.8,1
Transformateur 400 kVA,320,287.34,207.3,0
Cellule d Arrivee MT,1500,1590.3,196.8,0
Transformateur 400 kVA,320,305.04,187.7,1
Disjoncteur Depart HTA,1200,774.71,196.8,0
Armoire de Distribution Publique,150,127.99,205.0,0
Transformateur 630 kVA,500,728.41,218.2,1
Cellule d Arrivee MT,1500,1402.42,173.2,1
Cellule d Arrivee MT,1500,1298.38,225.5,0
Transformateur 250 kVA,200,203.81,177.4,1
Disjoncteur Depart HTA,1200,957.06,198.7,1
Cellule d Arrivee MT,1500,1249.06,188.5,1
Armoire de Distribution Publique,150,128.87,210.3,1
Transformateur 630 kVA,500,558.55,218.9,0
Transformateur 630 kVA,500,452.91,211.4,1
Cellule d Arrivee MT,1500,1538.81,186.1,0
Transformateur 400 kVA,320,312.33,182.5,1
Disjoncteur Depart HTA,1200,1170.91,208.2,0
Transformateur 630 kVA,500,414.03,199.2,0
Cellule d Arrivee MT,1500,1667.43,180.1,1
Transformateur 630 kVA,500,565.95,177.2,1
Cellule d Arrivee MT,1500,1566.95,174.7,1
Disjoncteur Depart HTA,1200,1568.62,205.5,1
Cellule d Arrivee MT,1500,1891.84,174.2,1
Transformateur 250 kVA,200,222.09,200.6,1
Cellule d Arrivee MT,1500,1380.03,226.3,0
Cellule d Arrivee MT,1500,1531.24,217.4,0
Armoire de Distribution Publique,150,151.51,175.1,1
Disjoncteur Depart HTA,1200,1228.16,212.4,0
Armoire de Distribution Publique,150,131.35,195.4,0
Cellule d Arrivee MT,1500,1786.57,217.6,1
Disjoncteur Depart HTA,1200,987.19,176.9,1
Transformateur 250 kVA,200,211.92,223.3,0
Disjoncteur Depart HTA,1200,923.86,172.0,1
Transformateur 630 kVA,500,501.59,190.1,1
Armoire de Distribution Publique,150,190.73,214.7,0
Disjoncteur Depart HTA,1200,1428.63,199.4,1
Transformateur 250 kVA,200,189.52,210.4,0
Transformateur 100 kVA,80,53.03,207.6,0
Cellule d Arrivee MT,1500,1706.74,210.9,1
Disjoncteur Depart HTA,1200,1114.78,219.7,0
Cellule d Arrivee MT,1500,1319.73,170.2,1
Transformateur 400 kVA,320,277.43,189.8,0
Transformateur 630 kVA,500,384.12,207.1,0
Armoire de Distribution Publique,150,204.8,174.1,1
Transformateur 630 kVA,500,354.99,172.7,1
Transformateur 400 kVA,320,183.58,217.5,0
Transformateur 400 kVA,320,381.52,210.4,0
Armoire de Distribution Publique,150,142.08,177.7,1
Disjoncteur Depart HTA,1200,1153.99,182.0,1
Transformateur 400 kVA,320,308.91,182.8,1
Transformateur 100 kVA,80,72.15,210.4,0
Cellule d Arrivee MT,1500,1432.62,183.9,1
Cellule d Arrivee MT,1500,1388.63,212.2,1
Transformateur 250 kVA,200,190.77,213.1,0
Transformateur 400 kVA,320,172.77,178.2,1
Transformateur 400 kVA,320,221.41,203.1,0
Transformateur 100 kVA,80,72.14,203.3,0
Transformateur 630 kVA,500,455.16,206.8,0
Transformateur 630 kVA,500,524.33,208.4,0
Cellule d Arrivee MT,1500,1370.77,190.9,1
Cellule d Arrivee MT,1500,1857.22,221.7,0
Disjoncteur Depart HTA,1200,821.79,197.8,0
Armoire de Distribution Publique,150,143.33,222.5,0
Transformateur 100 kVA,80,91.48,189.4,1
Armoire de Distribution Publique,150,120.09,204.3,0
Armoire de Distribution Publique,150,112.3,180.2,1
Transformateur 250 kVA,200,160.25,206.1,0
Armoire de Distribution Publique,150,148.38,222.8,0
Transformateur 250 kVA,200,190.56,193.3,0
Armoire de Distribution Publique,150,137.3,212.5,1
Transformateur 100 kVA,80,81.09,189.6,1
Transformateur 250 kVA,200,257.93,183.6,1
Transformateur 630 kVA,500,545.66,214.8,0
Transformateur 250 kVA,200,263.07,176.8,1
Transformateur 250 kVA,200,192.09,193.9,1
Transformateur 100 kVA,80,79.19,216.4,0
Transformateur 100 kVA,80,77.83,206.7,0
Transformateur 250 kVA,200,190.2,208.0,1
Transformateur 400 kVA,320,315.77,216.7,0
Transformateur 100 kVA,80,104.53,192.1,1
Disjoncteur Depart HTA,1200,1100.45,193.8,1
Disjoncteur Depart HTA,1200,957.05,224.1,0
Transformateur 630 kVA,500,227.84,222.7,0
Armoire de Distribution Publique,150,175.07,220.6,1
Transformateur 250 kVA,200,251.11,223.8,0
Transformateur 400 kVA,320,322.06,192.1,1
Transformateur 630 kVA,500,490.82,201.5,0
Transformateur 250 kVA,200,172.58,211.5,0
Transformateur 100 kVA,80,91.11,204.6,1
Disjoncteur Depart HTA,1200,1581.33,189.8,1
Cellule d Arrivee MT,1500,1470.63,217.2,1
Transformateur 400 kVA,320,271.13,178.0,1
Cellule d Arrivee MT,1500,1297.94,217.1,0
Disjoncteur Depart HTA,1200,1552.4,173.4,1
Armoire de Distribution Publique,150,188.61,193.6,1
Armoire de Distribution Publique,150,122.77,221.4,0
Cellule d Arrivee MT,1500,839.9,198.0,0
Transformateur 100 kVA,80,73.75,170.0,1
Transformateur 250 kVA,200,241.93,181.0,1
Transformateur 100 kVA,80,83.23,190.9,1
Cellule d Arrivee MT,1500,1614.28,208.7,1
Transformateur 100 kVA,80,71.1,209.9,0
Disjoncteur Depart HTA,1200,674.1,201.5,0
Transformateur 400 kVA,320,400.48,222.5,0
Transformateur 100 kVA,80,64.21,170.5,1
Disjoncteur Depart HTA,1200,1190.16,179.8,0
Transformateur 400 kVA,320,350.26,198.2,1
Armoire de Distribution Publique,150,107.76,223.3,0
Transformateur 250 kVA,200,167.73,200.8,0
Cellule d Arrivee MT,1500,1399.64,217.8,0
Armoire de Distribution Publique,150,172.49,222.9,0
Transformateur 250 kVA,200,200.4,215.4,1
Armoire de Distribution Publique,150,94.5,183.4,0
Transformateur 630 kVA,500,454.44,172.5,1
Armoire de Distribution Publique,150,127.99,201.1,0
Disjoncteur Depart HTA,1200,899.35,199.0,0
Transformateur 400 kVA,320,204.47,221.0,0
Armoire de Distribution Publique,150,213.33,202.5,0
Transformateur 100 kVA,80,74.66,193.2,1
Transformateur 250 kVA,200,250.24,191.9,1
Armoire de Distribution Publique,150,140.55,179.1,1
Transformateur 400 kVA,320,396.16,182.6,1
Disjoncteur Depart HTA,1200,1229.1,219.9,0
Transformateur 630 kVA,500,399.33,183.3,1
Transformateur 250 kVA,200,123.99,185.2,0
Cellule d Arrivee MT,1500,1245.96,176.5,1
Transformateur 400 kVA,320,327.53,197.7,1
Cellule d Arrivee MT,1500,1241.82,222.3,0
Transformateur 400 kVA,320,239.43,182.5,0
Transformateur 400 kVA,320,258.48,172.4,0
Disjoncteur Depart HTA,1200,1276.1,221.7,0
Disjoncteur Depart HTA,1200,1229.94,184.8,1
Disjoncteur Depart HTA,1200,1617.94,215.4,1
Armoire de Distribution Publique,150,172.15,186.8,1
Transformateur 100 kVA,80,78.79,213.2,0
Transformateur 400 kVA,320,366.24,175.1,1
Transformateur 250 kVA,200,217.9,217.2,0
Cellule d Arrivee MT,1500,1184.54,198.9,0
Disjoncteur Depart HTA,1200,1026.27,194.5,0
Armoire de Distribution Publique,150,153.93,217.2,0
Disjoncteur Depart HTA,1200,1195.61,224.7,0
Cellule d Arrivee MT,1500,1419.86,172.9,1
Cellule d Arrivee MT,1500,1930.37,196.0,1
Transformateur 400 kVA,320,248.25,224.5,0
Disjoncteur Depart HTA,1200,1574.11,180.5,1
Cellule d Arrivee MT,1500,1408.29,216.0,0
Transformateur 100 kVA,80,75.45,196.0,1
Transformateur 100 kVA,80,51.06,206.8,0
Disjoncteur Depart HTA,1200,1000.49,218.3,0
Armoire de Distribution Publique,150,132.85,194.9,0
Cellule d Arrivee MT,1500,1332.46,188.2,1
Transformateur 400 kVA,320,249.8,176.1,1
Transformateur 400 kVA,320,232.4,204.7,0
Armoire de Distribution Publique,150,155.31,200.7,1
Transformateur 400 kVA,320,298.83,224.6,0
Transformateur 630 kVA,500,639.39,217.2,0
Disjoncteur Depart HTA,1200,1500.01,200.3,1
Transformateur 400 kVA,320,296.1,218.5,0
Transformateur 100 kVA,80,60.34,175.7,1
Cellule d Arrivee MT,1500,1552.79,176.9,1
Transformateur 250 kVA,200,229.81,192.2,1
Armoire de Distribution Publique,150,152.94,226.0,0
Transformateur 250 kVA,200,249.86,206.9,1
Transformateur 400 kVA,320,312.72,185.7,1
Transformateur 250 kVA,200,171.4,216.6,0
Transformateur 250 kVA,200,216.93,199.4,0
Transformateur 630 kVA,500,587.23,175.3,1
Transformateur 100 kVA,80,65.88,198.3,0
Armoire de Distribution Publique,150,104.8,218.7,0
Transformateur 100 kVA,80,103.78,223.7,1
Transformateur 630 kVA,500,659.73,217.8,1
Transformateur 630 kVA,500,504.77,207.8,1
Transformateur 250 kVA,200,199.63,209.5,0
Disjoncteur Depart HTA,1200,1655.87,195.9,1
Cellule d Arrivee MT,1500,1809.43,177.7,1
Cellule d Arrivee MT,1500,1789.29,173.3,1
Transformateur 250 kVA,200,133.69,212.2,0
Cellule d Arrivee MT,1500,1400.72,181.4,1
Transformateur 630 kVA,500,468.54,196.2,0
Transformateur 100 kVA,80,49.33,226.1,0
Cellule d Arrivee MT,1500,1598.09,201.5,1
Armoire de Distribution Publique,150,143.04,198.8,1
Transformateur 250 kVA,200,185.38,206.4,0
Disjoncteur Depart HTA,1200,1068.13,170.5,1
Transformateur 250 kVA,200,132.89,180.5,1
Transformateur 400 kVA,320,302.39,205.8,1
Transformateur 250 kVA,200,183.93,204.3,0
Transformateur 630 kVA,500,464.01,202.3,1
Transformateur 100 kVA,80,78.01,193.9,1
Transformateur 100 kVA,80,86.06,178.4,1
Armoire de Distribution Publique,150,189.02,215.1,0
Cellule d Arrivee MT,1500,1554.69,209.0,0
Transformateur 630 kVA,500,347.42,209.2,0
Transformateur 400 kVA,320,393.3,222.3,1
Transformateur 630 kVA,500,389.42,216.8,0
Transformateur 250 kVA,200,208.73,180.2,1
Transformateur 630 kVA,500,558.88,219.5,0
Transformateur 630 kVA,500,451.49,214.1,0
Armoire de Distribution Publique,150,150.04,222.3,0
Transformateur 400 kVA,320,311.89,171.0,1
Transformateur 250 kVA,200,182.72,205.4,0
Disjoncteur Depart HTA,1200,1310.47,224.4,0
Armoire de Distribution Publique,150,158.18,214.8,0
Disjoncteur Depart HTA,1200,897.92,219.7,0
Armoire de Distribution Publique,150,141.51,215.4,0
Transformateur 100 kVA,80,59.48,221.6,0
Armoire de Distribution Publique,150,130.19,192.2,1
Cellule d Arrivee MT,1500,1843.48,179.5,1
Transformateur 630 kVA,500,588.98,219.7,0
Transformateur 100 kVA,80,80.56,203.8,0
Transformateur 400 kVA,320,321.14,226.5,0
Disjoncteur Depart HTA,1200,922.98,217.2,0
Armoire de Distribution Publique,150,129.42,211.0,1
Transformateur 630 kVA,500,556.97,190.1,0
Transformateur 400 kVA,320,250.37,199.0,0
Cellule d Arrivee MT,1500,1757.64,191.1,1
Transformateur 400 kVA,320,332.5,183.8,1
Transformateur 630 kVA,500,417.99,206.9,0
Cellule d Arrivee MT,1500,1723.27,197.9,1
Transformateur 400 kVA,320,232.32,210.1,0
Cellule d Arrivee MT,1500,1272.74,214.4,0
Armoire de Distribution Publique,150,113.94,203.1,0
Armoire de Distribution Publique,150,192.38,208.1,1
Transformateur 630 kVA,500,458.56,226.2,0
Transformateur 630 kVA,500,668.1,212.8,1
Cellule d Arrivee MT,1500,1606.98,177.5,1
Transformateur 250 kVA,200,183.24,224.0,0
Transformateur 100 kVA,80,82.26,203.8,1
Transformateur 400 kVA,320,168.77,207.6,0
Transformateur 400 kVA,320,329.15,185.9,1
Transformateur 250 kVA,200,215.3,175.1,1
Transformateur 250 kVA,200,225.04,220.3,1
Transformateur 250 kVA,200,253.44,196.1,1
Disjoncteur Depart HTA,1200,1055.06,170.9,1
Disjoncteur Depart HTA,1200,960.62,220.0,0
Cellule d Arrivee MT,1500,1110.11,196.8,0
Disjoncteur Depart HTA,1200,1449.68,196.1,1
Armoire de Distribution Publique,150,178.14,200.4,1
Armoire de Distribution Publique,150,106.32,171.8,1
Transformateur 630 kVA,500,576.73,186.2,1
Cellule d Arrivee MT,1500,1577.92,181.1,1
Transformateur 400 kVA,320,295.67,187.6,1
Transformateur 100 kVA,80,85.23,181.5,1
Transformateur 630 kVA,500,517.94,172.0,1
Transformateur 400 kVA,320,408.38,215.3,1
Transformateur 400 kVA,320,199.45,202.1,0
Cellule d Arrivee MT,1500,1718.58,191.0,1
Transformateur 250 kVA,200,154.57,185.8,1
Transformateur 250 kVA,200,212.95,183.7,1
Transformateur 630 kVA,500,458.84,212.8,1
Transformateur 250 kVA,200,192.25,212.6,1
Transformateur 400 kVA,320,371.19,198.1,0
Transformateur 250 kVA,200,174.15,222.2,0
Disjoncteur Depart HTA,1200,1126.29,190.4,1
Transformateur 250 kVA,200,209.66,191.9,1
Transformateur 400 kVA,320,193.98,199.3,0
Cellule d Arrivee MT,1500,1612.54,192.4,1
Transformateur 630 kVA,500,400.97,212.5,0
Transformateur 100 kVA,80,95.56,213.6,0
Transformateur 250 kVA,200,171.6,190.2,1
Armoire de Distribution Publique,150,131.28,182.2,1
Armoire de Distribution Publique,150,128.8,203.1,0
Transformateur 400 kVA,320,224.71,208.1,0
Transformateur 100 kVA,80,49.85,207.9,0
Transformateur 100 kVA,80,59.21,188.5,0
Disjoncteur Depart HTA,1200,981.5,224.1,0
Transformateur 100 kVA,80,81.0,188.5,1
Armoire de Distribution Publique,150,122.65,187.7,1
Cellule d Arrivee MT,1500,1514.18,173.3,1
Transformateur 400 kVA,320,339.83,211.0,1
Transformateur 400 kVA,320,228.87,201.1,0
Transformateur 250 kVA,200,126.55,188.1,0
Transformateur 250 kVA,200,234.06,224.8,0
Transformateur 250 kVA,200,283.96,178.8,1
Armoire de Distribution Publique,150,179.51,197.7,1
Armoire de Distribution Publique,150,164.17,204.6,1
Armoire de Distribution Publique,150,146.58,193.2,1
Armoire de Distribution Publique,150,142.04,201.7,1
Armoire de Distribution Publique,150,189.7,200.7,1
Armoire de Distribution Publique,150,156.16,220.9,0
Cellule d Arrivee MT,1500,1349.25,189.5,1
Armoire de Distribution Publique,150,98.97,178.6,0
Transformateur 100 kVA,80,79.53,210.4,0
Transformateur 100 kVA,80,70.45,221.1,0
Disjoncteur Depart HTA,1200,1070.36,209.1,0
Cellule d Arrivee MT,1500,985.36,191.7,0
Transformateur 250 kVA,200,219.85,182.2,1
Transformateur 630 kVA,500,377.05,218.6,0
Armoire de Distribution Publique,150,113.08,197.6,0
Disjoncteur Depart HTA,1200,1246.07,176.1,1
Transformateur 630 kVA,500,260.59,215.3,0
Transformateur 100 kVA,80,70.93,198.1,1
Disjoncteur Depart HTA,1200,1075.89,208.7,0
Disjoncteur Depart HTA,1200,1408.6,197.9,1
Transformateur 400 kVA,320,351.29,212.7,0
Transformateur 100 kVA,80,104.04,182.5,1
Transformateur 100 kVA,80,66.88,187.7,0
Cellule d Arrivee MT,1500,1800.35,187.2,1
Disjoncteur Depart HTA,1200,1071.14,192.1,0
Armoire de Distribution Publique,150,75.45,204.0,0
Transformateur 100 kVA,80,72.71,196.6,1
Disjoncteur Depart HTA,1200,1211.92,217.7,0
Cellule d Arrivee MT,1500,1528.28,222.6,1
Armoire de Distribution Publique,150,142.27,215.4,0
Cellule d Arrivee MT,1500,1625.85,189.6,1
Transformateur 400 kVA,320,263.22,213.1,0
Armoire de Distribution Publique,150,136.8,192.6,1
Disjoncteur Depart HTA,1200,998.91,195.2,1
Transformateur 100 kVA,80,61.22,198.7,0
Transformateur 100 kVA,80,76.07,175.4,1
Disjoncteur Depart HTA,1200,933.57,204.5,0
Disjoncteur Depart HTA,1200,1151.57,214.6,0
Disjoncteur Depart HTA,1200,1079.74,201.4,0
Transformateur 250 kVA,200,234.49,189.9,1
Armoire de Distribution Publique,150,158.29,179.9,1
Transformateur 100 kVA,80,90.88,206.0,1
Armoire de Distribution Publique,150,182.62,177.5,1
Cellule d Arrivee MT,1500,1630.67,207.0,0
Transformateur 100 kVA,80,82.32,178.5,1
Transformateur 250 kVA,200,225.22,222.2,0
Disjoncteur Depart HTA,1200,1185.84,196.5,0
Transformateur 400 kVA,320,291.54,173.2,1
Disjoncteur Depart HTA,1200,1172.06,210.7,0
Disjoncteur Depart HTA,1200,903.38,172.9,0
Transformateur 250 kVA,200,204.68,222.1,0
Armoire de Distribution Publique,150,135.05,192.7,0
Transformateur 100 kVA,80,84.95,183.4,1
Disjoncteur Depart HTA,1200,1268.87,189.2,1
Transformateur 100 kVA,80,91.13,217.0,1
Transformateur 630 kVA,500,542.98,202.7,1
Cellule d Arrivee MT,1500,1645.39,203.9,1
Armoire de Distribution Publique,150,191.97,197.1,1
Transformateur 100 kVA,80,94.97,177.8,1
Transformateur 400 kVA,320,341.24,195.9,1
Cellule d Arrivee MT,1500,778.65,213.1,0
Transformateur 400 kVA,320,339.94,212.4,1
Disjoncteur Depart HTA,1200,1083.49,173.2,1
Cellule d Arrivee MT,1500,1574.56,216.0,0
Transformateur 100 kVA,80,64.42,206.5,0
Cellule d Arrivee MT,1500,1246.46,214.0,0
Disjoncteur Depart HTA,1200,1266.92,190.0,1
Transformateur 250 kVA,200,188.75,182.8,1
Armoire de Distribution Publique,150,161.86,223.3,0
Transformateur 400 kVA,320,360.29,198.4,1
Disjoncteur Depart HTA,1200,1210.52,205.3,1
Transformateur 250 kVA,200,175.77,192.8,1
Cellule d Arrivee MT,1500,1377.47,215.4,0
Cellule d Arrivee MT,1500,1449.8,212.0,0
Disjoncteur Depart HTA,1200,1217.76,189.7,1
Transformateur 100 kVA,80,63.0,170.4,1
Cellule d Arrivee MT,1500,1448.3,195.6,0
Transformateur 100 kVA,80,72.74,213.0,0
Transformateur 100 kVA,80,58.52,185.9,0
Armoire de Distribution Publique,150,135.51,178.7,1
Transformateur 100 kVA,80,89.47,181.5,1
Transformateur 630 kVA,500,591.94,203.9,1
Armoire de Distribution Publique,150,153.44,206.3,0
Transformateur 250 kVA,200,155.23,199.0,0
Transformateur 250 kVA,200,155.38,181.3,0
Cellule d Arrivee MT,1500,1336.42,207.9,0
Cellule d Arrivee MT,1500,1183.43,200.3,0
Transformateur 100 kVA,80,68.47,212.9,1
Armoire de Distribution Publique,150,100.74,210.5,0
Armoire de Distribution Publique,150,176.94,202.4,1
Transformateur 630 kVA,500,467.42,221.3,0
Transformateur 100 kVA,80,84.49,210.3,0
Transformateur 630 kVA,500,500.63,186.0,1
Transformateur 100 kVA,80,74.23,204.9,0
Transformateur 400 kVA,320,311.75,220.2,0
Transformateur 400 kVA,320,292.17,186.2,1
Disjoncteur Depart HTA,1200,773.31,204.2,0
Transformateur 100 kVA,80,65.35,216.1,0
Armoire de Distribution Publique,150,157.74,192.1,1
Cellule d Arrivee MT,1500,1447.63,198.1,0
Transformateur 250 kVA,200,166.09,194.3,1
Disjoncteur Depart HTA,1200,800.13,190.8,0
Cellule d Arrivee MT,1500,1575.98,225.8,0
Transformateur 400 kVA,320,200.14,213.9,0
Transformateur 100 kVA,80,58.83,180.9,1
Disjoncteur Depart HTA,1200,1337.51,201.2,0
Transformateur 100 kVA,80,83.27,189.5,1
Transformateur 400 kVA,320,265.05,196.1,0
Disjoncteur Depart HTA,1200,939.45,215.6,0
Transformateur 400 kVA,320,167.05,209.6,0
Transformateur 630 kVA,500,517.57,171.2,1
Transformateur 400 kVA,320,334.54,194.1,1
Armoire de Distribution Publique,150,204.07,215.5,1
Armoire de Distribution Publique,150,117.87,170.6,1
Transformateur 100 kVA,80,67.89,213.2,0
Transformateur 250 kVA,200,99.81,211.0,0
Transformateur 400 kVA,320,293.5,192.0,1
Cellule d Arrivee MT,1500,1550.75,211.6,1
Armoire de Distribution Publique,150,176.0,206.2,1
Transformateur 250 kVA,200,230.05,216.2,1
Transformateur 630 kVA,500,518.18,177.2,1
Disjoncteur Depart HTA,1200,1311.96,204.2,1
Disjoncteur Depart HTA,1200,1438.33,177.8,1
Armoire de Distribution Publique,150,136.95,202.7,0
Transformateur 250 kVA,200,162.06,216.8,0
Armoire de Distribution Publique,150,92.07,213.7,0
Disjoncteur Depart HTA,1200,913.34,189.3,1
Transformateur 400 kVA,320,251.69,221.9,0
Transformateur 250 kVA,200,212.65,176.6,1
Transformateur 100 kVA,80,73.3,176.0,1
Transformateur 400 kVA,320,418.75,188.2,1
Transformateur 400 kVA,320,272.8,182.9,1
Transformateur 400 kVA,320,341.54,180.2,1
Transformateur 100 kVA,80,89.5,198.9,1
Transformateur 630 kVA,500,424.23,180.6,1
Cellule d Arrivee MT,1500,1272.25,218.6,0
Armoire de Distribution Publique,150,109.48,195.3,1
Disjoncteur Depart HTA,1200,1300.26,194.9,1
Armoire de Distribution Publique,150,140.79,224.7,0
Transformateur 250 kVA,200,112.08,216.2,0
Transformateur 630 kVA,500,491.26,215.6,0
Transformateur 250 kVA,200,141.23,199.9,0
Armoire de Distribution Publique,150,162.87,202.5,1
Disjoncteur Depart HTA,1200,1010.06,184.2,1
Transformateur 100 kVA,80,61.1,220.7,0
Armoire de Distribution Publique,150,204.15,187.1,1
Transformateur 400 kVA,320,284.46,172.1,1
Armoire de Distribution Publique,150,108.71,196.1,0
Transformateur 400 kVA,320,309.97,191.0,1
Transformateur 100 kVA,80,68.61,206.6,1
Armoire de Distribution Publique,150,66.18,212.8,0
Transformateur 630 kVA,500,439.74,208.2,1
Transformateur 630 kVA,500,444.21,205.5,0
Transformateur 250 kVA,200,127.97,198.0,0
Transformateur 100 kVA,80,54.12,178.9,0
Transformateur 630 kVA,500,438.04,189.9,1
Armoire de Distribution Publique,150,130.26,170.2,1
Transformateur 100 kVA,80,77.9,192.3,1
Disjoncteur Depart HTA,1200,1070.69,210.5,0
Transformateur 400 kVA,320,342.86,220.6,0
Armoire de Distribution Publique,150,110.33,199.0,1
Transformateur 400 kVA,320,322.0,210.4,1
Transformateur 400 kVA,320,216.36,183.6,0
Transformateur 100 kVA,80,106.51,181.7,1
Transformateur 100 kVA,80,71.59,185.3,1
Transformateur 250 kVA,200,159.71,184.5,1
Transformateur 400 kVA,320,259.17,200.0,0
Transformateur 250 kVA,200,170.25,184.5,1
Transformateur 400 kVA,320,316.84,196.2,1
Transformateur 250 kVA,200,183.01,175.5,1
Transformateur 250 kVA,200,162.48,193.6,1
Disjoncteur Depart HTA,1200,1359.56,206.8,1
Transformateur 250 kVA,200,181.7,175.5,1
Transformateur 100 kVA,80,70.08,174.9,1
Transformateur 250 kVA,200,275.56,194.8,1
Transformateur 400 kVA,320,307.19,178.8,1
Transformateur 250 kVA,200,162.66,173.9,1
Transformateur 630 kVA,500,635.53,223.6,1
Cellule d Arrivee MT,1500,1301.9,221.7,0
Transformateur 400 kVA,320,362.18,189.2,1
Transformateur 630 kVA,500,492.73,182.0,1
Transformateur 400 kVA,320,245.3,224.3,0
Transformateur 100 kVA,80,90.25,189.6,1
Cellule d Arrivee MT,1500,1829.12,207.2,1
Cellule d Arrivee MT,1500,1773.8,188.4,1
Transformateur 100 kVA,80,82.27,180.0,1
Cellule d Arrivee MT,1500,1586.27,212.0,0
Transformateur 100 kVA,80,75.21,214.8,0
Transformateur 630 kVA,500,498.39,186.9,1
Disjoncteur Depart HTA,1200,799.0,202.9,0
Transformateur 400 kVA,320,306.32,221.1,1
Transformateur 100 kVA,80,54.23,205.4,0
Transformateur 400 kVA,320,258.74,200.7,0
Transformateur 630 kVA,500,477.32,172.6,1
Disjoncteur Depart HTA,1200,1276.15,172.8,1
Transformateur 630 kVA,500,569.97,194.7,1
Cellule d Arrivee MT,1500,1479.37,202.9,0
Transformateur 400 kVA,320,381.36,179.3,1
Armoire de Distribution Publique,150,135.14,173.3,1
Disjoncteur Depart HTA,1200,1276.89,209.7,1
Cellule d Arrivee MT,1500,1205.95,216.5,0
Disjoncteur Depart HTA,1200,1369.39,201.1,1
Cellule d Arrivee MT,1500,1914.9,183.6,1
Transformateur 630 kVA,500,522.92,175.2,1
Transformateur 100 kVA,80,89.38,201.9,1
Transformateur 400 kVA,320,296.8,181.2,1
Transformateur 250 kVA,200,204.12,212.2,0
Transformateur 250 kVA,200,230.77,205.0,1
Transformateur 630 kVA,500,444.88,193.3,0
Transformateur 400 kVA,320,313.67,213.5,0
Transformateur 400 kVA,320,360.32,189.2,0
Transformateur 630 kVA,500,416.54,224.2,0
Transformateur 400 kVA,320,283.59,170.9,1
Transformateur 100 kVA,80,91.42,222.3,0
Transformateur 630 kVA,500,548.21,220.7,0
Transformateur 100 kVA,80,61.52,220.4,0
Transformateur 400 kVA,320,345.15,172.9,1
Transformateur 630 kVA,500,472.83,192.0,0
Transformateur 400 kVA,320,270.22,173.5,1
Transformateur 630 kVA,500,527.28,218.5,0
Transformateur 400 kVA,320,353.05,179.6,1
Transformateur 100 kVA,80,71.45,215.3,0
Armoire de Distribution Publique,150,79.94,197.0,0
Transformateur 100 kVA,80,58.01,201.4,0
Transformateur 400 kVA,320,199.23,195.9,0
Transformateur 630 kVA,500,636.64,218.2,0
Transformateur 250 kVA,200,181.49,220.2,0
Transformateur 100 kVA,80,73.61,195.3,1
Transformateur 100 kVA,80,73.45,221.5,0
Cellule d Arrivee MT,1500,1215.58,196.8,0
Transformateur 250 kVA,200,186.51,179.3,1
Transformateur 400 kVA,320,303.76,216.7,0
Armoire de Distribution Publique,150,163.07,206.3,1
Transformateur 630 kVA,500,397.52,178.1,1
Cellule d Arrivee MT,1500,1297.24,222.2,0
Transformateur 400 kVA,320,308.06,209.7,0
Disjoncteur Depart HTA,1200,992.17,191.2,1
Armoire de Distribution Publique,150,99.44,199.6,0
Transformateur 100 kVA,80,111.73,170.4,1
Disjoncteur Depart HTA,1200,727.89,199.6,0
Transformateur 100 kVA,80,83.13,192.1,1
Transformateur 100 kVA,80,83.22,224.4,0
Disjoncteur Depart HTA,1200,881.07,186.2,1
Armoire de Distribution Publique,150,142.85,202.2,1
Disjoncteur Depart HTA,1200,1152.53,219.1,0
Transformateur 400 kVA,320,243.98,214.5,0
Cellule d Arrivee MT,1500,1751.07,204.8,1
Cellule d Arrivee MT,1500,1975.89,217.5,1
Disjoncteur Depart HTA,1200,1076.45,191.6,1
Transformateur 400 kVA,320,321.55,208.9,0
Cellule d Arrivee MT,1500,1565.34,206.3,0
Transformateur 400 kVA,320,181.33,174.1,1
Transformateur 400 kVA,320,216.23,190.2,0
Transformateur 100 kVA,80,50.59,189.0,0
Cellule d Arrivee MT,1500,1498.23,221.0,0
Cellule d Arrivee MT,1500,1073.85,198.2,1
Transformateur 100 kVA,80,68.64,172.3,1
Disjoncteur Depart HTA,1200,825.34,172.5,0
Transformateur 100 kVA,80,66.84,175.4,1
Cellule d Arrivee MT,1500,1742.75,183.2,1
Cellule d Arrivee MT,1500,1549.07,205.1,1
Armoire de Distribution Publique,150,175.04,217.9,0
Disjoncteur Depart HTA,1200,1177.51,203.9,0
Transformateur 100 kVA,80,69.24,173.0,1
Transformateur 630 kVA,500,360.33,220.6,0
Transformateur 630 kVA,500,475.17,215.7,0
Disjoncteur Depart HTA,1200,1204.11,194.3,1
Transformateur 100 kVA,80,103.75,213.8,1
Transformateur 100 kVA,80,79.97,182.2,1
Transformateur 400 kVA,320,203.95,194.9,1
Cellule d Arrivee MT,1500,1697.41,191.6,1
Transformateur 250 kVA,200,207.95,184.8,1
Armoire de Distribution Publique,150,117.06,174.9,1
Disjoncteur Depart HTA,1200,1202.93,178.3,1
Transformateur 250 kVA,200,112.25,225.2,0
Transformateur 250 kVA,200,253.28,223.5,0
Disjoncteur Depart HTA,1200,887.61,219.8,0
Transformateur 100 kVA,80,56.85,177.8,1
Disjoncteur Depart HTA,1200,1301.83,172.0,1
Transformateur 250 kVA,200,223.06,182.5,1
Cellule d Arrivee MT,1500,1560.79,181.0,1
Armoire de Distribution Publique,150,144.18,206.7,0
Armoire de Distribution Publique,150,154.63,206.7,1
Cellule d Arrivee MT,1500,1287.47,219.5,0
Cellule d Arrivee MT,1500,1503.4,178.4,1
Transformateur 100 kVA,80,67.58,196.2,1
Transformateur 630 kVA,500,686.8,180.4,1
Disjoncteur Depart HTA,1200,1287.63,187.2,1
Armoire de Distribution Publique,150,129.78,170.1,1
Cellule d Arrivee MT,1500,1390.62,212.7,0
Disjoncteur Depart HTA,1200,1096.26,200.2,1
Armoire de Distribution Publique,150,119.99,219.8,0
Cellule d Arrivee MT,1500,1581.99,179.3,1
Armoire de Distribution Publique,150,164.07,215.8,1
Transformateur 100 kVA,80,92.9,220.8,0
Transformateur 630 kVA,500,409.11,189.0,0
Transformateur 630 kVA,500,508.69,189.4,1
Cellule d Arrivee MT,1500,1301.2,224.7,0
Armoire de Distribution Publique,150,124.57,202.2,0
Transformateur 100 kVA,80,65.81,217.8,0
Transformateur 400 kVA,320,242.35,179.3,1
Disjoncteur Depart HTA,1200,1238.8,215.1,0
Disjoncteur Depart HTA,1200,1117.44,202.8,1
Transformateur 250 kVA,200,157.64,214.0,0
Transformateur 100 kVA,80,69.0,177.3,1
Armoire de Distribution Publique,150,159.47,176.3,1
Transformateur 250 kVA,200,156.64,196.8,0
Cellule d Arrivee MT,1500,1137.27,222.0,0
Armoire de Distribution Publique,150,127.63,199.1,1
Transformateur 250 kVA,200,148.48,209.2,0
Transformateur 630 kVA,500,508.74,188.3,1
Disjoncteur Depart HTA,1200,1265.41,205.6,1
Armoire de Distribution Publique,150,113.71,201.4,0
Transformateur 250 kVA,200,212.81,170.9,1
Transformateur 630 kVA,500,611.98,217.6,1
Transformateur 100 kVA,80,63.79,202.0,0
Transformateur 250 kVA,200,178.75,180.8,1
Cellule d Arrivee MT,1500,1707.71,174.6,1
Cellule d Arrivee MT,1500,1702.34,187.8,1
Cellule d Arrivee MT,1500,1823.58,182.3,1
Armoire de Distribution Publique,150,127.63,224.8,0
Disjoncteur Depart HTA,1200,669.41,218.1,0
Transformateur 250 kVA,200,182.49,193.8,1
Transformateur 100 kVA,80,79.3,207.7,1
Transformateur 250 kVA,200,235.81,217.1,1
Disjoncteur Depart HTA,1200,837.09,225.9,0
Transformateur 630 kVA,500,531.35,186.6,1
Disjoncteur Depart HTA,1200,978.96,209.3,0
Cellule d Arrivee MT,1500,1379.29,176.5,1
Armoire de Distribution Publique,150,125.59,189.6,1
Transformateur 630 kVA,500,524.41,220.4,0
Armoire de Distribution Publique,150,118.53,212.3,1
Cellule d Arrivee MT,1500,954.46,207.0,0
Transformateur 400 kVA,320,304.01,189.1,1
Disjoncteur Depart HTA,1200,1074.54,225.5,0
Disjoncteur Depart HTA,1200,1192.89,193.8,1
Transformateur 100 kVA,80,80.45,190.2,1
Transformateur 250 kVA,200,181.18,212.7,0
Transformateur 630 kVA,500,409.31,198.8,1
Armoire de Distribution Publique,150,128.79,186.1,1
Transformateur 630 kVA,500,344.32,210.9,0
Transformateur 100 kVA,80,82.91,217.0,0
Transformateur 100 kVA,80,83.47,191.2,1
Armoire de Distribution Publique,150,127.56,213.8,0
Transformateur 250 kVA,200,176.05,190.2,0
Armoire de Distribution Publique,150,189.14,173.4,1
Armoire de Distribution Publique,150,127.27,207.8,0
Cellule d Arrivee MT,1500,1645.97,196.8,1
Transformateur 250 kVA,200,157.99,224.5,0
Disjoncteur Depart HTA,1200,1578.96,217.1,1
Cellule d Arrivee MT,1500,1487.56,220.3,0
Transformateur 400 kVA,320,305.3,178.0,1
Transformateur 250 kVA,200,164.11,184.4,1
Transformateur 100 kVA,80,71.64,185.9,1
Cellule d Arrivee MT,1500,1743.92,222.4,0
Transformateur 250 kVA,200,188.38,173.0,1
Transformateur 630 kVA,500,349.27,203.0,0
Armoire de Distribution Publique,150,113.28,216.3,0
Transformateur 400 kVA,320,234.78,213.5,0
Disjoncteur Depart HTA,1200,837.22,205.1,0
Armoire de Distribution Publique,150,83.47,198.6,0
Transformateur 630 kVA,500,495.28,208.5,0
Transformateur 630 kVA,500,556.4,203.5,1
Transformateur 400 kVA,320,372.98,201.2,1
Disjoncteur Depart HTA,1200,971.28,204.5,0
Transformateur 100 kVA,80,62.31,181.4,1
Cellule d Arrivee MT,1500,1082.73,192.5,0
Disjoncteur Depart HTA,1200,1525.21,221.2,1
Transformateur 250 kVA,200,159.54,171.5,1
Transformateur 630 kVA,500,530.89,204.8,1
Transformateur 250 kVA,200,116.14,206.6,0
Transformateur 100 kVA,80,76.54,217.7,1
Transformateur 250 kVA,200,121.52,216.5,0
Disjoncteur Depart HTA,1200,822.86,215.4,0
Transformateur 250 kVA,200,169.09,183.1,1
Transformateur 100 kVA,80,94.05,186.1,1
Transformateur 100 kVA,80,55.45,224.1,0
Transformateur 100 kVA,80,77.78,175.6,1
Disjoncteur Depart HTA,1200,1254.68,203.8,1
Transformateur 100 kVA,80,111.57,174.1,1
Transformateur 630 kVA,500,426.65,172.2,1
Armoire de Distribution Publique,150,144.7,220.0,0
Transformateur 100 kVA,80,90.48,181.9,1
Transformateur 250 kVA,200,192.39,198.5,0
Cellule d Arrivee MT,1500,929.85,201.6,1
Transformateur 250 kVA,200,224.8,223.7,0
Cellule d Arrivee MT,1500,1443.9,185.5,1
Transformateur 250 kVA,200,195.82,198.1,0
Disjoncteur Depart HTA,1200,836.59,219.2,0
Transformateur 250 kVA,200,201.85,222.7,1
Disjoncteur Depart HTA,1200,1196.66,192.9,1
Disjoncteur Depart HTA,1200,697.78,218.2,0
Transformateur 100 kVA,80,62.81,197.3,1
Transformateur 630 kVA,500,405.99,207.1,0
Cellule d Arrivee MT,1500,1022.64,189.0,0
Transformateur 100 kVA,80,55.88,222.8,0
Transformateur 100 kVA,80,60.63,170.7,1
Armoire de Distribution Publique,150,137.58,218.3,0
Disjoncteur Depart HTA,1200,1289.37,184.9,1
Disjoncteur Depart HTA,1200,1347.78,191.6,1
Cellule d Arrivee MT,1500,1304.48,226.7,0
Transformateur 250 kVA,200,235.87,209.1,1
Transformateur 250 kVA,200,162.71,204.0,0
Transformateur 100 kVA,80,42.62,191.5,0
Transformateur 400 kVA,320,315.79,170.4,1
Transformateur 400 kVA,320,280.78,217.1,0
Transformateur 250 kVA,200,229.45,207.5,0
Transformateur 400 kVA,320,237.81,220.6,0
Armoire de Distribution Publique,150,140.52,194.5,1
Transformateur 250 kVA,200,174.19,176.8,1
Disjoncteur Depart HTA,1200,1304.62,195.5,1
Transformateur 100 kVA,80,84.46,220.9,1
Transformateur 630 kVA,500,495.9,197.5,1
Transformateur 100 kVA,80,79.18,173.2,1
Transformateur 250 kVA,200,199.84,207.0,1
Armoire de Distribution Publique,150,148.44,180.4,1
Transformateur 250 kVA,200,235.97,218.8,0
Transformateur 100 kVA,80,83.11,187.1,1
Armoire de Distribution Publique,150,119.05,191.8,0
Armoire de Distribution Publique,150,185.65,224.9,1
Armoire de Distribution Publique,150,106.81,210.5,0
Cellule d Arrivee MT,1500,1707.48,184.9,1
Transformateur 250 kVA,200,147.26,189.6,0
Transformateur 400 kVA,320,234.87,182.2,1
Transformateur 400 kVA,320,311.16,213.3,0
Transformateur 250 kVA,200,130.42,216.6,0
Transformateur 250 kVA,200,192.86,221.1,0
Cellule d Arrivee MT,1500,1258.66,171.5,1
Transformateur 400 kVA,320,319.43,223.8,0
Transformateur 250 kVA,200,250.11,205.5,1
Transformateur 250 kVA,200,235.31,187.8,1
Cellule d Arrivee MT,1500,1367.81,188.6,1
Cellule d Arrivee MT,1500,1633.75,216.7,1
Transformateur 100 kVA,80,85.59,193.7,1
Cellule d Arrivee MT,1500,1368.26,223.2,0
Transformateur 630 kVA,500,662.71,218.4,0
Transformateur 400 kVA,320,299.57,181.3,1
Transformateur 100 kVA,80,71.3,176.4,1
Transformateur 630 kVA,500,503.47,181.4,1
Transformateur 250 kVA,200,234.9,185.5,1
Transformateur 250 kVA,200,201.36,210.1,0
Transformateur 100 kVA,80,63.41,216.9,0
Cellule d Arrivee MT,1500,1533.25,216.1,0
Armoire de Distribution Publique,150,114.94,185.5,1
Armoire de Distribution Publique,150,147.7,184.6,1
Transformateur 250 kVA,200,243.86,202.9,1
Armoire de Distribution Publique,150,141.31,180.7,1
Disjoncteur Depart HTA,1200,887.2,170.9,1
Transformateur 100 kVA,80,74.31,208.6,0
Transformateur 630 kVA,500,498.33,170.1,1
Transformateur 100 kVA,80,77.47,224.6,0
Transformateur 400 kVA,320,295.61,178.1,1
Cellule d Arrivee MT,1500,1667.34,178.3,1
Cellule d Arrivee MT,1500,1275.9,171.3,1
Transformateur 100 kVA,80,62.15,200.2,0
Transformateur 250 kVA,200,234.25,220.7,0
Transformateur 250 kVA,200,194.48,183.1,1
Disjoncteur Depart HTA,1200,1187.58,201.6,0
Disjoncteur Depart HTA,1200,1186.93,204.6,1
Cellule d Arrivee MT,1500,1291.25,205.0,0
Disjoncteur Depart HTA,1200,1321.96,211.0,1
Transformateur 630 kVA,500,530.77,224.2,0
Disjoncteur Depart HTA,1200,1101.3,184.8,1
Transformateur 630 kVA,500,398.89,176.1,0
Disjoncteur Depart HTA,1200,803.48,191.4,1
Cellule d Arrivee MT,1500,1257.17,188.7,1
Cellule d Arrivee MT,1500,1756.03,182.3,1
Transformateur 630 kVA,500,613.13,184.6,1
Transformateur 100 kVA,80,70.74,189.2,1
Cellule d Arrivee MT,1500,1699.2,222.1,0
Transformateur 100 kVA,80,63.57,226.9,0
Transformateur 250 kVA,200,136.9,221.4,0
Transformateur 630 kVA,500,315.87,187.6,1
Armoire de Distribution Publique,150,137.76,200.2,0
Cellule d Arrivee MT,1500,1549.05,177.4,1
Transformateur 400 kVA,320,303.38,179.1,0
Transformateur 250 kVA,200,114.55,210.1,0
Transformateur 100 kVA,80,78.38,224.5,0
Cellule d Arrivee MT,1500,1662.81,212.2,1
Transformateur 630 kVA,500,600.95,210.8,1
Armoire de Distribution Publique,150,177.12,183.2,1
Disjoncteur Depart HTA,1200,1104.89,180.6,1
Armoire de Distribution Publique,150,142.4,215.7,0
Transformateur 400 kVA,320,239.82,175.6,0
Transformateur 100 kVA,80,91.92,176.1,1
Transformateur 250 kVA,200,171.96,177.8,1
Armoire de Distribution Publique,150,142.9,194.3,1
Transformateur 630 kVA,500,512.4,200.1,1
Transformateur 400 kVA,320,323.48,215.4,0
Transformateur 630 kVA,500,336.72,204.2,0
Cellule d Arrivee MT,1500,1503.38,186.5,0
Disjoncteur Depart HTA,1200,1609.46,218.3,1
Transformateur 250 kVA,200,153.18,225.0,0
Transformateur 630 kVA,500,316.34,223.1,0
Transformateur 100 kVA,80,67.72,197.0,0
Cellule d Arrivee MT,1500,1199.49,222.8,0
Cellule d Arrivee MT,1500,1237.13,216.2,0
Transformateur 250 kVA,200,183.79,199.9,1
Cellule d Arrivee MT,1500,1577.23,181.7,1
Transformateur 100 kVA,80,98.57,218.4,1
Transformateur 630 kVA,500,410.31,179.5,1
Transformateur 250 kVA,200,225.63,177.6,1
Cellule d Arrivee MT,1500,796.98,172.1,0
Cellule d Arrivee MT,1500,2010.75,225.4,1
Transformateur 100 kVA,80,59.9,180.6,1
Disjoncteur Depart HTA,1200,1374.64,181.3,1
Disjoncteur Depart HTA,1200,1488.83,189.1,1
Armoire de Distribution Publique,150,138.97,209.0,0
Cellule d Arrivee MT,1500,1564.36,195.0,1
Transformateur 630 kVA,500,525.0,189.3,0
Transformateur 250 kVA,200,209.39,204.4,1
Cellule d Arrivee MT,1500,1528.82,205.2,1
Transformateur 400 kVA,320,291.21,213.6,0
Transformateur 250 kVA,200,207.06,175.5,1
Armoire de Distribution Publique,150,179.14,216.2,1
Disjoncteur Depart HTA,1200,1257.56,210.8,0
Cellule d Arrivee MT,1500,1525.49,198.5,0
Transformateur 100 kVA,80,61.48,210.4,0
Transformateur 400 kVA,320,280.89,196.8,1
Cellule d Arrivee MT,1500,1527.24,217.9,1
Armoire de Distribution Publique,150,169.93,175.2,1
Transformateur 630 kVA,500,567.0,224.4,0
Transformateur 400 kVA,320,317.55,201.2,1
Armoire de Distribution Publique,150,150.36,216.0,0
Cellule d Arrivee MT,1500,1530.57,215.4,0
Transformateur 630 kVA,500,616.44,185.0,1
Transformateur 400 kVA,320,208.22,214.4,0
Transformateur 630 kVA,500,417.15,172.5,0
Transformateur 630 kVA,500,644.37,221.2,0
Transformateur 400 kVA,320,377.86,209.3,1
Transformateur 400 kVA,320,296.65,182.3,1
Transformateur 630 kVA,500,535.07,220.5,1
Armoire de Distribution Publique,150,99.86,209.7,0
Disjoncteur Depart HTA,1200,1213.36,222.9,0
Transformateur 400 kVA,320,317.27,216.2,0
Cellule d Arrivee MT,1500,1112.03,210.1,0
Transformateur 250 kVA,200,134.32,174.9,1
Transformateur 100 kVA,80,107.88,204.8,1
Transformateur 630 kVA,500,448.99,213.5,0
Transformateur 630 kVA,500,487.02,183.1,1
Transformateur 100 kVA,80,79.43,192.6,1
Disjoncteur Depart HTA,1200,958.81,207.1,0
Transformateur 100 kVA,80,64.2,198.8,1
Transformateur 400 kVA,320,301.81,212.3,0
Transformateur 100 kVA,80,48.65,218.9,0
Transformateur 630 kVA,500,410.11,188.8,1
Transformateur 100 kVA,80,48.69,209.5,0
Transformateur 250 kVA,200,162.45,189.1,0
Cellule d Arrivee MT,1500,1321.63,181.4,1
Transformateur 400 kVA,320,343.62,225.2,0
Transformateur 100 kVA,80,81.3,197.3,1
Transformateur 630 kVA,500,422.07,198.0,1
Armoire de Distribution Publique,150,151.13,206.7,1
Cellule d Arrivee MT,1500,1716.68,211.9,0
Transformateur 400 kVA,320,247.94,176.2,1
Transformateur 630 kVA,500,615.14,220.5,0
Disjoncteur Depart HTA,1200,1267.44,194.3,1
Transformateur 250 kVA,200,176.78,197.4,1
Disjoncteur Depart HTA,1200,799.76,185.6,0
Transformateur 250 kVA,200,142.23,219.1,0
Transformateur 100 kVA,80,80.16,221.8,0
Transformateur 400 kVA,320,253.08,203.1,0
Transformateur 100 kVA,80,95.88,194.7,1
Transformateur 250 kVA,200,158.57,207.2,0
Transformateur 250 kVA,200,158.05,189.6,1
Transformateur 250 kVA,200,173.79,180.0,1
Cellule d Arrivee MT,1500,1568.74,192.4,1
Transformateur 630 kVA,500,350.32,215.0,0
Transformateur 400 kVA,320,383.61,216.5,1
Transformateur 100 kVA,80,63.34,201.9,0
Transformateur 100 kVA,80,51.25,208.9,0
Disjoncteur Depart HTA,1200,1107.18,220.5,0
Transformateur 250 kVA,200,127.56,218.1,0
Armoire de Distribution Publique,150,172.39,216.5,1
Transformateur 250 kVA,200,135.35,209.1,0
Transformateur 250 kVA,200,104.11,171.2,1
Armoire de Distribution Publique,150,178.52,174.1,1
Transformateur 100 kVA,80,77.15,188.5,1
Disjoncteur Depart HTA,1200,1026.78,177.3,1
Transformateur 630 kVA,500,581.14,179.4,1
Armoire de Distribution Publique,150,118.69,191.1,1
Cellule d Arrivee MT,1500,1563.63,190.7,1
Transformateur 400 kVA,320,284.91,179.5,1
Armoire de Distribution Publique,150,185.46,182.1,1
Transformateur 630 kVA,500,494.59,209.3,0
Transformateur 100 kVA,80,71.91,213.7,0
Cellule d Arrivee MT,1500,1532.8,178.9,1
Cellule d Arrivee MT,1500,1582.23,196.7,0
Cellule d Arrivee MT,1500,1870.48,215.7,0
Transformateur 250 kVA,200,183.22,173.4,1
Transformateur 400 kVA,320,298.34,181.6,1
Transformateur 100 kVA,80,80.56,216.7,0
Transformateur 100 kVA,80,78.14,190.9,1
Cellule d Arrivee MT,1500,1421.19,194.5,1
Transformateur 100 kVA,80,69.5,217.8,0
Transformateur 400 kVA,320,326.7,219.7,0
Transformateur 400 kVA,320,253.57,218.5,0
Disjoncteur Depart HTA,1200,990.11,190.3,1
Armoire de Distribution Publique,150,126.53,170.7,1
Armoire de Distribution Publique,150,174.64,203.7,1
Disjoncteur Depart HTA,1200,1332.62,191.7,1
Transformateur 630 kVA,500,443.35,177.1,1
Armoire de Distribution Publique,150,180.07,173.3,1
Transformateur 400 kVA,320,345.56,180.1,1
Transformateur 400 kVA,320,262.33,206.0,0
Armoire de Distribution Publique,150,147.48,203.8,0
Transformateur 400 kVA,320,252.5,181.2,1
Disjoncteur Depart HTA,1200,1101.08,208.6,1
Cellule d Arrivee MT,1500,1078.54,190.1,1
Cellule d Arrivee MT,1500,1603.84,176.9,1
Transformateur 100 kVA,80,68.41,196.2,0
Cellule d Arrivee MT,1500,1047.07,180.8,1
Transformateur 250 kVA,200,154.48,173.6,1
Disjoncteur Depart HTA,1200,986.79,189.1,1
Transformateur 400 kVA,320,366.13,183.9,1
Armoire de Distribution Publique,150,198.74,191.8,1
Cellule d Arrivee MT,1500,1586.06,179.1,1
Disjoncteur Depart HTA,1200,1445.69,181.0,1
Cellule d Arrivee MT,1500,1300.21,185.7,0
Transformateur 630 kVA,500,433.48,213.6,0
Transformateur 400 kVA,320,245.04,189.0,1
Transformateur 630 kVA,500,396.59,205.8,0
Transformateur 400 kVA,320,380.56,183.4,1
Disjoncteur Depart HTA,1200,1019.03,172.0,1
Transformateur 100 kVA,80,90.18,193.9,1
Cellule d Arrivee MT,1500,1053.82,222.0,0
Cellule d Arrivee MT,1500,1542.87,201.1,1
Transformateur 250 kVA,200,143.3,172.3,1
Armoire de Distribution Publique,150,81.47,203.4,0
Transformateur 630 kVA,500,474.23,176.1,1
Cellule d Arrivee MT,1500,1651.62,198.5,1
Disjoncteur Depart HTA,1200,1105.66,193.7,0
Transformateur 100 kVA,80,96.4,215.1,0
Armoire de Distribution Publique,150,135.72,222.5,0
Disjoncteur Depart HTA,1200,759.25,224.5,0
Transformateur 630 kVA,500,429.18,188.2,0
Transformateur 250 kVA,200,153.08,214.7,0
Cellule d Arrivee MT,1500,1279.89,179.9,1
Disjoncteur Depart HTA,1200,1033.74,175.9,1
Armoire de Distribution Publique,150,164.34,170.3,1
Transformateur 400 kVA,320,353.76,201.1,1
Transformateur 100 kVA,80,68.89,221.6,0
Armoire de Distribution Publique,150,114.75,196.3,0
Disjoncteur Depart HTA,1200,1188.91,172.8,1
Transformateur 100 kVA,80,70.41,224.8,0
Cellule d Arrivee MT,1500,1429.48,188.5,1
Transformateur 400 kVA,320,324.04,207.7,0
Transformateur 250 kVA,200,137.29,195.0,0
Armoire de Distribution Publique,150,177.19,207.5,0
Transformateur 250 kVA,200,181.08,174.2,1
Transformateur 400 kVA,320,327.96,223.1,1
Transformateur 100 kVA,80,72.26,205.2,0
Cellule d Arrivee MT,1500,1451.7,178.5,1
Disjoncteur Depart HTA,1200,1538.22,212.1,1
Transformateur 400 kVA,320,234.66,185.5,0
Transformateur 630 kVA,500,593.42,185.5,1
Transformateur 100 kVA,80,65.11,188.4,1
Transformateur 250 kVA,200,187.98,220.9,1
Armoire de Distribution Publique,150,141.15,207.9,0
Transformateur 400 kVA,320,179.4,201.3,0
Transformateur 250 kVA,200,163.07,217.6,0
Transformateur 100 kVA,80,87.83,213.2,1
Transformateur 250 kVA,200,201.79,205.8,0
Transformateur 400 kVA,320,315.4,221.5,0
Transformateur 100 kVA,80,88.59,172.0,1
Transformateur 630 kVA,500,386.95,195.1,0
Transformateur 400 kVA,320,275.2,216.5,0
Disjoncteur Depart HTA,1200,1149.73,196.7,0
Cellule d Arrivee MT,1500,1475.75,185.0,1
Transformateur 400 kVA,320,331.53,199.0,1
Transformateur 100 kVA,80,76.07,225.0,0
Armoire de Distribution Publique,150,169.01,183.0,1
Cellule d Arrivee MT,1500,1589.18,183.6,1
Transformateur 400 kVA,320,290.15,221.4,0
Transformateur 630 kVA,500,566.89,214.8,1
Armoire de Distribution Publique,150,159.55,211.7,0
Transformateur 630 kVA,500,410.21,212.6,0
Disjoncteur Depart HTA,1200,676.71,212.8,0
Armoire de Distribution Publique,150,117.75,200.9,1
Transformateur 250 kVA,200,162.98,217.5,0
Armoire de Distribution Publique,150,143.48,182.3,1
Cellule d Arrivee MT,1500,1677.41,209.2,1
Armoire de Distribution Publique,150,146.75,214.1,0
Transformateur 100 kVA,80,68.6,207.8,0
Transformateur 100 kVA,80,78.67,185.7,1
Transformateur 250 kVA,200,171.45,225.3,0
Armoire de Distribution Publique,150,115.32,206.2,0
Transformateur 630 kVA,500,524.49,220.2,0
Transformateur 630 kVA,500,547.05,208.5,1
Transformateur 400 kVA,320,257.14,199.4,0
Disjoncteur Depart HTA,1200,840.53,190.7,1
Cellule d Arrivee MT,1500,1607.51,203.7,1
Disjoncteur Depart HTA,1200,1183.81,225.4,0
Armoire de Distribution Publique,150,209.87,220.5,1
Disjoncteur Depart HTA,1200,1325.35,200.2,1
Transformateur 400 kVA,320,312.59,212.0,1
Disjoncteur Depart HTA,1200,1063.2,205.4,0
Transformateur 250 kVA,200,178.0,223.7,0
Transformateur 400 kVA,320,172.41,193.6,0
Transformateur 250 kVA,200,200.36,225.7,0
Armoire de Distribution Publique,150,157.53,211.2,1
Transformateur 400 kVA,320,237.11,190.9,0
Armoire de Distribution Publique,150,95.64,192.9,0
Armoire de Distribution Publique,150,147.69,214.2,0
Disjoncteur Depart HTA,1200,985.65,223.9,0
Transformateur 250 kVA,200,232.26,217.4,1
Armoire de Distribution Publique,150,155.26,177.6,1
Transformateur 250 kVA,200,242.31,220.5,1
Transformateur 250 kVA,200,184.22,221.1,0
Transformateur 400 kVA,320,365.92,204.4,1
Transformateur 100 kVA,80,78.03,170.2,1
Disjoncteur Depart HTA,1200,1347.14,191.4,1
Armoire de Distribution Publique,150,154.87,214.3,0
Transformateur 250 kVA,200,242.8,184.3,1
Cellule d Arrivee MT,1500,1701.1,171.1,1
Transformateur 100 kVA,80,78.64,178.5,1
Armoire de Distribution Publique,150,160.9,174.1,1
Cellule d Arrivee MT,1500,1665.75,205.1,1
Disjoncteur Depart HTA,1200,1171.09,182.7,1
Disjoncteur Depart HTA,1200,878.63,226.9,0
Transformateur 250 kVA,200,175.85,194.4,1
Transformateur 250 kVA,200,259.49,200.4,1
Armoire de Distribution Publique,150,168.67,209.2,0
Transformateur 400 kVA,320,440.62,204.5,1
Transformateur 100 kVA,80,96.78,223.9,1
Armoire de Distribution Publique,150,64.46,225.0,0
Transformateur 100 kVA,80,64.86,214.3,0
Transformateur 250 kVA,200,208.28,212.9,0
Disjoncteur Depart HTA,1200,697.83,171.4,1
Transformateur 250 kVA,200,163.49,220.7,0
Disjoncteur Depart HTA,1200,907.11,190.4,0
Armoire de Distribution Publique,150,132.49,190.7,1
Disjoncteur Depart HTA,1200,1046.76,176.5,1
Transformateur 250 kVA,200,171.23,201.2,1
Transformateur 630 kVA,500,542.11,187.4,1
Transformateur 100 kVA,80,95.97,219.0,0
Cellule d Arrivee MT,1500,1716.29,172.7,1
Disjoncteur Depart HTA,1200,1235.01,211.1,0
Disjoncteur Depart HTA,1200,1091.31,185.1,1
Transformateur 630 kVA,500,597.47,185.7,1
Armoire de Distribution Publique,150,118.45,179.0,1
Armoire de Distribution Publique,150,149.85,209.4,0
Armoire de Distribution Publique,150,139.49,183.3,1
Cellule d Arrivee MT,1500,1213.71,223.5,0
Transformateur 400 kVA,320,271.27,200.6,1
Transformateur 630 kVA,500,334.32,182.3,0
Cellule d Arrivee MT,1500,1300.1,207.9,0
Transformateur 630 kVA,500,431.81,188.5,1
Disjoncteur Depart HTA,1200,1131.52,201.9,1
Transformateur 100 kVA,80,62.96,199.2,0
Transformateur 630 kVA,500,499.51,216.2,0
Transformateur 400 kVA,320,231.57,170.8,1
Transformateur 250 kVA,200,205.82,216.9,0
Cellule d Arrivee MT,1500,1059.82,178.3,1
Transformateur 630 kVA,500,374.7,218.3,0
Transformateur 630 kVA,500,447.12,172.4,1
Transformateur 400 kVA,320,163.14,184.2,1
Transformateur 100 kVA,80,91.31,226.9,0
Transformateur 630 kVA,500,499.59,192.8,1
Transformateur 630 kVA,500,466.16,186.2,1
Transformateur 100 kVA,80,98.7,186.0,1
Transformateur 400 kVA,320,251.84,185.4,1
Cellule d Arrivee MT,1500,1297.04,200.6,1
Cellule d Arrivee MT,1500,1444.05,190.0,1
Transformateur 630 kVA,500,587.02,175.7,1
Transformateur 100 kVA,80,84.16,203.1,1
Transformateur 630 kVA,500,673.6,206.2,1
Armoire de Distribution Publique,150,88.33,187.1,0
Transformateur 250 kVA,200,185.44,201.0,0
Cellule d Arrivee MT,1500,1526.02,209.3,1
Armoire de Distribution Publique,150,108.54,215.8,0
Disjoncteur Depart HTA,1200,1288.55,194.1,1
Transformateur 250 kVA,200,210.61,178.8,1
Transformateur 630 kVA,500,559.05,219.9,0
Transformateur 400 kVA,320,227.82,197.4,0
Cellule d Arrivee MT,1500,1745.05,188.2,1
Disjoncteur Depart HTA,1200,845.65,206.1,0
Transformateur 250 kVA,200,195.39,192.2,1
Cellule d Arrivee MT,1500,1227.83,221.2,0
Transformateur 100 kVA,80,85.93,183.7,1
Transformateur 400 kVA,320,150.67,196.9,0
Transformateur 250 kVA,200,114.79,197.2,0
Transformateur 100 kVA,80,62.77,209.5,1
Armoire de Distribution Publique,150,120.75,193.6,1
Transformateur 630 kVA,500,515.32,217.1,0
Transformateur 100 kVA,80,79.34,187.2,1
Transformateur 250 kVA,200,228.72,204.2,1
Transformateur 250 kVA,200,115.34,226.3,0
Armoire de Distribution Publique,150,91.99,176.4,0
Transformateur 630 kVA,500,443.27,193.1,1
Transformateur 100 kVA,80,75.09,196.8,0
Transformateur 100 kVA,80,66.87,213.0,0
Transformateur 630 kVA,500,571.9,173.5,1
Transformateur 100 kVA,80,70.1,201.3,0
Cellule d Arrivee MT,1500,1473.48,215.5,0
Transformateur 630 kVA,500,399.72,210.4,0
Transformateur 400 kVA,320,355.28,222.7,0
Transformateur 250 kVA,200,164.92,220.8,0
Transformateur 400 kVA,320,296.66,191.7,1
Cellule d Arrivee MT,1500,1293.21,220.7,0
Armoire de Distribution Publique,150,182.22,208.2,1
Cellule d Arrivee MT,1500,1682.85,172.3,1
Disjoncteur Depart HTA,1200,1390.59,182.7,1
Disjoncteur Depart HTA,1200,923.95,179.1,1
Disjoncteur Depart HTA,1200,1132.92,183.6,1
Transformateur 630 kVA,500,495.54,194.9,1
Transformateur 100 kVA,80,67.72,205.8,0
Cellule d Arrivee MT,1500,1681.7,186.9,1
Transformateur 400 kVA,320,313.28,172.2,1
Armoire de Distribution Publique,150,129.5,196.8,1
Transformateur 400 kVA,320,239.95,200.0,1
Transformateur 400 kVA,320,320.14,173.7,1
Transformateur 400 kVA,320,202.67,204.1,1
Armoire de Distribution Publique,150,93.7,193.7,0
Disjoncteur Depart HTA,1200,1055.24,209.2,0
Transformateur 400 kVA,320,292.57,187.6,1
Armoire de Distribution Publique,150,161.06,208.0,0
Armoire de Distribution Publique,150,155.95,172.4,1
Transformateur 100 kVA,80,76.29,204.6,1
Armoire de Distribution Publique,150,79.2,192.7,0
Disjoncteur Depart HTA,1200,1381.67,220.9,0
Transformateur 400 kVA,320,262.27,221.6,0
Armoire de Distribution Publique,150,144.01,224.0,0
Transformateur 630 kVA,500,608.22,177.1,1
Armoire de Distribution Publique,150,127.82,225.5,0
Transformateur 250 kVA,200,243.87,207.8,1
Transformateur 250 kVA,200,131.12,220.0,0
Transformateur 250 kVA,200,190.69,199.4,1
Armoire de Distribution Publique,150,163.69,225.8,0
Disjoncteur Depart HTA,1200,1405.79,176.0,1
Transformateur 400 kVA,320,225.74,203.8,0
Cellule d Arrivee MT,1500,1633.05,201.5,1
Cellule d Arrivee MT,1500,1616.51,174.6,1
Cellule d Arrivee MT,1500,1659.62,211.9,0
Disjoncteur Depart HTA,1200,801.58,214.7,0
Transformateur 100 kVA,80,84.05,208.9,0
Transformateur 630 kVA,500,521.05,175.3,1
Transformateur 630 kVA,500,451.11,204.9,0
Transformateur 250 kVA,200,177.03,173.8,1
Transformateur 250 kVA,200,240.11,212.7,1
Armoire de Distribution Publique,150,168.46,199.3,1
Cellule d Arrivee MT,1500,1057.99,219.5,0
Armoire de Distribution Publique,150,172.9,198.9,1
Cellule d Arrivee MT,1500,834.34,184.2,0
Transformateur 250 kVA,200,175.0,202.9,0
Transformateur 400 kVA,320,362.58,203.0,0
Transformateur 100 kVA,80,87.42,180.2,1
Armoire de Distribution Publique,150,174.59,197.3,1
Transformateur 100 kVA,80,84.27,193.4,1
Transformateur 100 kVA,80,61.24,199.3,0
Transformateur 100 kVA,80,70.39,173.1,1
Transformateur 250 kVA,200,239.13,204.6,1
Transformateur 630 kVA,500,393.68,200.0,1
Transformateur 250 kVA,200,157.93,177.9,1
Transformateur 100 kVA,80,70.21,226.0,0
Transformateur 250 kVA,200,238.14,205.2,1
Transformateur 100 kVA,80,93.43,182.5,1
Disjoncteur Depart HTA,1200,1151.69,180.2,1
Cellule d Arrivee MT,1500,1534.95,181.8,1
Transformateur 630 kVA,500,510.09,192.9,1
Disjoncteur Depart HTA,1200,1006.07,197.4,1
Transformateur 400 kVA,320,209.6,224.3,0
Transformateur 250 kVA,200,147.02,182.1,1
Transformateur 400 kVA,320,291.36,171.6,1
Armoire de Distribution Publique,150,150.05,206.5,1
Transformateur 250 kVA,200,173.84,187.4,1
Cellule d Arrivee MT,1500,1516.83,203.5,0
Disjoncteur Depart HTA,1200,1169.53,172.9,1
Cellule d Arrivee MT,1500,1676.67,170.3,1
Armoire de Distribution Publique,150,157.68,224.9,0
Transformateur 100 kVA,80,88.05,189.1,1
Cellule d Arrivee MT,1500,1581.31,198.9,1
Cellule d Arrivee MT,1500,1648.24,220.0,0
Transformateur 100 kVA,80,70.77,219.5,0
Transformateur 250 kVA,200,174.32,189.2,1
Transformateur 100 kVA,80,90.87,218.9,0
Disjoncteur Depart HTA,1200,1449.13,198.6,1
Cellule d Arrivee MT,1500,1114.99,175.4,1
Transformateur 100 kVA,80,75.62,212.2,0
Armoire de Distribution Publique,150,144.26,200.1,1
Armoire de Distribution Publique,150,150.25,211.7,1
Cellule d Arrivee MT,1500,1472.63,205.3,0
Disjoncteur Depart HTA,1200,1104.27,188.1,1
Transformateur 400 kVA,320,347.23,206.4,1
Disjoncteur Depart HTA,1200,1355.44,182.0,1
Transformateur 630 kVA,500,477.94,177.3,1
Transformateur 630 kVA,500,346.35,173.2,1
Transformateur 630 kVA,500,427.32,193.5,0
Cellule d Arrivee MT,1500,1432.33,179.6,1
Armoire de Distribution Publique,150,132.89,212.0,0
Transformateur 250 kVA,200,205.05,196.0,1
Armoire de Distribution Publique,150,138.66,189.7,1
Transformateur 250 kVA,200,169.78,181.8,0
Transformateur 250 kVA,200,145.4,191.8,0
Armoire de Distribution Publique,150,94.42,204.1,0
Cellule d Arrivee MT,1500,1493.68,193.4,1
Disjoncteur Depart HTA,1200,1408.31,213.9,1
Transformateur 250 kVA,200,138.4,190.5,1
Transformateur 400 kVA,320,301.88,214.5,1
Armoire de Distribution Publique,150,171.32,179.5,1
Armoire de Distribution Publique,150,184.6,226.0,1
Transformateur 630 kVA,500,508.33,172.3,1
Disjoncteur Depart HTA,1200,1078.25,181.7,0
Transformateur 630 kVA,500,353.87,190.4,0
Armoire de Distribution Publique,150,151.78,190.6,1
Armoire de Distribution Publique,150,200.32,204.9,1
Transformateur 250 kVA,200,245.5,212.8,1
Disjoncteur Depart HTA,1200,1422.58,214.6,1
Transformateur 100 kVA,80,85.23,192.6,1
Transformateur 400 kVA,320,304.8,189.2,1
Transformateur 250 kVA,200,242.39,175.5,1
Armoire de Distribution Publique,150,158.28,206.1,0
Transformateur 250 kVA,200,149.31,217.9,0
Transformateur 400 kVA,320,348.6,193.6,1
Armoire de Distribution Publique,150,159.23,201.9,1
Transformateur 400 kVA,320,241.94,226.7,0
Transformateur 100 kVA,80,43.93,173.6,0
Transformateur 250 kVA,200,226.44,193.6,1
Cellule d Arrivee MT,1500,1367.84,217.3,0
Transformateur 250 kVA,200,178.87,207.4,0
Transformateur 630 kVA,500,464.56,199.6,0
Disjoncteur Depart HTA,1200,1039.81,200.4,0
Disjoncteur Depart HTA,1200,657.11,174.4,1
Transformateur 630 kVA,500,383.8,172.8,0
Armoire de Distribution Publique,150,169.96,205.9,0
Disjoncteur Depart HTA,1200,919.96,214.6,0
Transformateur 400 kVA,320,363.87,207.6,1
Disjoncteur Depart HTA,1200,1209.47,194.2,1
Disjoncteur Depart HTA,1200,1167.13,213.2,0
Transformateur 630 kVA,500,529.14,179.7,1
Armoire de Distribution Publique,150,141.91,193.0,1
Transformateur 100 kVA,80,57.13,224.0,0
Disjoncteur Depart HTA,1200,1206.18,213.6,1
Cellule d Arrivee MT,1500,938.71,218.1,0
Disjoncteur Depart HTA,1200,1105.56,174.1,1
Transformateur 100 kVA,80,55.76,204.3,0
Transformateur 630 kVA,500,327.09,210.1,0
Transformateur 100 kVA,80,85.56,192.5,1
Transformateur 630 kVA,500,442.91,190.8,1
Transformateur 400 kVA,320,215.45,198.5,1
Transformateur 630 kVA,500,588.24,188.4,1
Transformateur 400 kVA,320,353.99,217.6,0
Transformateur 400 kVA,320,230.16,196.5,1
Transformateur 630 kVA,500,495.7,192.1,1
Cellule d Arrivee MT,1500,1863.34,170.1,1
Transformateur 250 kVA,200,193.41,171.0,1
Transformateur 630 kVA,500,342.06,206.7,0
Disjoncteur Depart HTA,1200,1121.32,201.3,0
Cellule d Arrivee MT,1500,974.88,182.9,1
Cellule d Arrivee MT,1500,1307.93,218.6,0
Disjoncteur Depart HTA,1200,1308.98,184.9,1
Transformateur 250 kVA,200,143.43,220.4,0
Cellule d Arrivee MT,1500,1415.63,226.3,0
Transformateur 400 kVA,320,247.85,194.7,0
Transformateur 250 kVA,200,138.85,195.9,0
Armoire de Distribution Publique,150,142.94,208.0,0
Disjoncteur Depart HTA,1200,1298.11,208.2,0
Transformateur 250 kVA,200,223.48,218.6,1
Transformateur 630 kVA,500,578.01,222.3,1
Transformateur 250 kVA,200,155.46,203.6,0
Transformateur 400 kVA,320,242.86,214.3,0
Transformateur 630 kVA,500,639.21,176.6,1
Transformateur 100 kVA,80,79.1,216.3,0
Disjoncteur Depart HTA,1200,826.22,225.2,0
Disjoncteur Depart HTA,1200,1319.39,192.1,1
Transformateur 250 kVA,200,231.3,179.0,1
Cellule d Arrivee MT,1500,1509.05,215.7,0
Transformateur 630 kVA,500,360.67,206.4,0
Transformateur 100 kVA,80,72.67,218.7,0
Transformateur 630 kVA,500,552.0,204.1,1
Disjoncteur Depart HTA,1200,1058.8,175.3,1
Transformateur 630 kVA,500,296.53,195.5,0
Transformateur 100 kVA,80,72.83,195.4,0
Cellule d Arrivee MT,1500,1445.96,209.9,0
Transformateur 250 kVA,200,215.96,208.6,1
Transformateur 400 kVA,320,286.4,179.1,1
Transformateur 630 kVA,500,477.28,178.6,1
Transformateur 400 kVA,320,336.43,181.6,1
Disjoncteur Depart HTA,1200,1264.3,176.0,1
Transformateur 250 kVA,200,147.92,181.6,1
Armoire de Distribution Publique,150,185.73,175.9,1
Transformateur 250 kVA,200,163.98,210.9,0
Transformateur 630 kVA,500,560.14,226.5,1
Cellule d Arrivee MT,1500,1736.91,175.9,1
Transformateur 250 kVA,200,224.34,204.0,1
Transformateur 630 kVA,500,390.07,204.1,0
Transformateur 630 kVA,500,481.04,201.1,1
Transformateur 400 kVA,320,227.42,204.9,0
Transformateur 250 kVA,200,163.86,182.7,1
Transformateur 630 kVA,500,402.37,205.8,0
Transformateur 400 kVA,320,296.19,219.6,0
Transformateur 100 kVA,80,83.92,180.0,1
Armoire de Distribution Publique,150,128.46,221.8,0
Transformateur 400 kVA,320,246.64,200.9,1
Transformateur 400 kVA,320,307.92,173.7,1
Transformateur 630 kVA,500,277.11,173.7,0
Disjoncteur Depart HTA,1200,941.05,220.3,0
Disjoncteur Depart HTA,1200,1196.6,175.0,1
Cellule d Arrivee MT,1500,1189.54,209.4,0
Disjoncteur Depart HTA,1200,796.73,225.7,0
Transformateur 400 kVA,320,312.34,216.0,0
Cellule d Arrivee MT,1500,1387.29,203.3,0
Transformateur 630 kVA,500,523.84,175.3,1
Transformateur 250 kVA,200,192.27,213.6,0
Armoire de Distribution Publique,150,141.37,188.4,1
Armoire de Distribution Publique,150,162.59,208.9,1
Transformateur 400 kVA,320,163.91,219.1,0
Transformateur 400 kVA,320,281.77,208.0,1
Cellule d Arrivee MT,1500,775.86,208.7,0
Transformateur 630 kVA,500,465.03,206.9,0
Transformateur 100 kVA,80,81.22,217.6,0
Transformateur 400 kVA,320,258.61,208.8,0
Transformateur 100 kVA,80,58.4,171.2,1
Transformateur 100 kVA,80,61.11,173.7,1
Disjoncteur Depart HTA,1200,1217.47,225.0,0
Transformateur 630 kVA,500,572.35,207.5,0
Armoire de Distribution Publique,150,135.09,178.2,1
Armoire de Distribution Publique,150,115.21,203.4,0
Transformateur 100 kVA,80,84.43,187.0,1
Armoire de Distribution Publique,150,208.05,184.4,1
Transformateur 630 kVA,500,551.43,170.9,1
Disjoncteur Depart HTA,1200,1237.34,210.8,1
Transformateur 630 kVA,500,406.56,224.0,0
Transformateur 400 kVA,320,342.34,209.5,1
Transformateur 100 kVA,80,67.23,186.0,1
Transformateur 630 kVA,500,542.75,217.3,0
Armoire de Distribution Publique,150,96.35,216.1,0
Transformateur 250 kVA,200,193.51,198.4,1
Transformateur 630 kVA,500,477.28,205.7,0
Transformateur 100 kVA,80,67.14,215.7,0
Disjoncteur Depart HTA,1200,1014.66,178.1,1
Armoire de Distribution Publique,150,146.72,174.7,1
Disjoncteur Depart HTA,1200,1444.39,219.7,1
Transformateur 100 kVA,80,94.09,189.5,1
Armoire de Distribution Publique,150,162.2,172.6,1
Transformateur 400 kVA,320,176.48,202.4,0
Armoire de Distribution Publique,150,101.04,183.3,1
Transformateur 400 kVA,320,234.09,211.8,0
Disjoncteur Depart HTA,1200,1199.33,177.8,1
Disjoncteur Depart HTA,1200,1154.85,172.6,1
Transformateur 100 kVA,80,88.25,172.5,1
Transformateur 400 kVA,320,328.75,174.1,1
Disjoncteur Depart HTA,1200,1316.83,218.0,0
Transformateur 400 kVA,320,371.53,196.9,1
Disjoncteur Depart HTA,1200,899.78,209.7,0
Armoire de Distribution Publique,150,107.01,198.2,0
Transformateur 630 kVA,500,432.25,183.5,1
Transformateur 250 kVA,200,122.05,198.3,0
Armoire de Distribution Publique,150,141.09,220.4,0
Cellule d Arrivee MT,1500,1378.22,186.7,1
Transformateur 630 kVA,500,526.29,173.9,1
Cellule d Arrivee MT,1500,1649.84,222.4,0
Disjoncteur Depart HTA,1200,1136.25,209.6,1
Transformateur 250 kVA,200,169.6,170.1,1
Transformateur 250 kVA,200,193.29,208.5,0
Disjoncteur Depart HTA,1200,1306.95,190.6,1
Disjoncteur Depart HTA,1200,857.3,194.3,0
Transformateur 400 kVA,320,381.22,185.3,1
Disjoncteur Depart HTA,1200,669.25,216.8,0
Transformateur 100 kVA,80,84.55,178.4,1
Disjoncteur Depart HTA,1200,1394.02,203.9,1
Transformateur 100 kVA,80,90.33,175.2,1
Disjoncteur Depart HTA,1200,1438.48,204.8,0
Transformateur 400 kVA,320,332.76,175.1,1
Transformateur 100 kVA,80,87.78,177.7,1
Transformateur 630 kVA,500,384.92,180.1,1
Transformateur 100 kVA,80,59.66,195.9,0
Armoire de Distribution Publique,150,92.78,183.7,0
Transformateur 400 kVA,320,313.96,225.3,0
Cellule d Arrivee MT,1500,1522.56,213.0,1
Transformateur 100 kVA,80,78.36,224.0,0
Armoire de Distribution Publique,150,174.8,212.7,1
Armoire de Distribution Publique,150,109.52,199.1,0
Armoire de Distribution Publique,150,133.28,194.0,1
Disjoncteur Depart HTA,1200,1210.78,173.9,1
Armoire de Distribution Publique,150,164.64,189.4,1
Disjoncteur Depart HTA,1200,996.67,203.2,0
Cellule d Arrivee MT,1500,1526.03,206.4,0
Transformateur 400 kVA,320,252.23,224.3,0
Transformateur 250 kVA,200,196.28,177.9,1
Disjoncteur Depart HTA,1200,1060.14,177.0,1
Armoire de Distribution Publique,150,122.93,176.0,0
Armoire de Distribution Publique,150,179.09,182.8,1
Transformateur 630 kVA,500,506.55,224.4,0
Armoire de Distribution Publique,150,80.31,197.8,0
Transformateur 400 kVA,320,287.84,188.2,1
Transformateur 100 kVA,80,80.84,226.8,0
Transformateur 100 kVA,80,74.04,178.7,1
Armoire de Distribution Publique,150,150.62,220.2,0
Transformateur 630 kVA,500,533.38,186.5,1
Disjoncteur Depart HTA,1200,1124.5,188.1,1
Transformateur 400 kVA,320,212.0,176.3,1
Transformateur 630 kVA,500,439.64,220.4,0
Disjoncteur Depart HTA,1200,1098.5,181.9,1
Transformateur 400 kVA,320,361.89,216.0,1
Armoire de Distribution Publique,150,109.41,211.9,0
Transformateur 100 kVA,80,87.78,213.9,1
Transformateur 400 kVA,320,148.72,219.8,0
Armoire de Distribution Publique,150,117.54,183.2,1
Cellule d Arrivee MT,1500,1648.78,225.2,0
Transformateur 250 kVA,200,149.11,172.5,1
Transformateur 400 kVA,320,346.41,191.4,1
Transformateur 250 kVA,200,178.81,196.1,1
Transformateur 400 kVA,320,314.79,184.8,0
Transformateur 250 kVA,200,251.18,197.4,1
Cellule d Arrivee MT,1500,1260.23,183.7,1
Transformateur 100 kVA,80,47.29,172.8,0
Disjoncteur Depart HTA,1200,916.71,191.8,0
Transformateur 250 kVA,200,142.27,170.7,1
Cellule d Arrivee MT,1500,1453.17,199.8,1
Transformateur 250 kVA,200,214.79,220.2,0
Transformateur 100 kVA,80,89.89,210.9,1
Transformateur 250 kVA,200,217.33,221.0,0
Cellule d Arrivee MT,1500,1386.36,216.2,0
Armoire de Distribution Publique,150,97.97,208.6,0
Cellule d Arrivee MT,1500,1377.76,170.9,1
Transformateur 630 kVA,500,421.81,204.1,0
Transformateur 100 kVA,80,91.67,217.0,1
Armoire de Distribution Publique,150,111.94,178.2,1
Transformateur 630 kVA,500,572.56,195.1,1
Transformateur 100 kVA,80,75.76,208.6,1
Armoire de Distribution Publique,150,172.24,174.5,1
Transformateur 250 kVA,200,224.92,174.6,1
Armoire de Distribution Publique,150,175.07,207.7,1
Cellule d Arrivee MT,1500,1405.05,176.6,1
Transformateur 630 kVA,500,463.19,195.2,0
Transformateur 250 kVA,200,130.94,186.2,1
Cellule d Arrivee MT,1500,1227.22,172.9,1
Transformateur 100 kVA,80,82.73,192.3,1
Armoire de Distribution Publique,150,97.68,185.4,1
Cellule d Arrivee MT,1500,1549.68,174.9,1
Transformateur 250 kVA,200,220.41,176.6,1
Transformateur 630 kVA,500,414.09,191.4,0
Transformateur 630 kVA,500,296.8,212.1,0
Armoire de Distribution Publique,150,175.03,219.4,1
Cellule d Arrivee MT,1500,1606.48,191.4,1
Transformateur 250 kVA,200,206.5,219.4,0
Transformateur 400 kVA,320,370.87,193.6,1
Transformateur 100 kVA,80,72.9,200.1,0
Transformateur 100 kVA,80,55.54,217.8,0
Transformateur 250 kVA,200,180.78,199.0,1
Transformateur 400 kVA,320,291.48,192.0,0
Transformateur 630 kVA,500,604.11,186.1,1
Armoire de Distribution Publique,150,174.06,171.4,1
Disjoncteur Depart HTA,1200,1185.97,217.1,0
Disjoncteur Depart HTA,1200,1037.94,189.8,1
Armoire de Distribution Publique,150,186.95,191.5,1
Transformateur 250 kVA,200,153.27,179.7,1
Transformateur 400 kVA,320,348.55,204.9,1
Transformateur 400 kVA,320,430.93,221.8,1
Transformateur 100 kVA,80,81.39,190.7,1
Transformateur 630 kVA,500,422.3,187.9,1
Cellule d Arrivee MT,1500,1521.81,196.1,1
Transformateur 400 kVA,320,264.89,173.6,1
Armoire de Distribution Publique,150,110.97,210.1,0
Cellule d Arrivee MT,1500,1264.77,221.8,0
Disjoncteur Depart HTA,1200,882.42,193.4,0
Cellule d Arrivee MT,1500,1584.66,177.3,1
Transformateur 630 kVA,500,689.03,226.1,1
Armoire de Distribution Publique,150,150.37,201.2,0
Transformateur 630 kVA,500,565.48,177.8,1
Cellule d Arrivee MT,1500,1410.91,181.5,1
Transformateur 250 kVA,200,253.25,186.8,1
Transformateur 400 kVA,320,251.33,216.4,0
Armoire de Distribution Publique,150,131.68,171.0,1
Transformateur 250 kVA,200,192.61,178.4,1
Cellule d Arrivee MT,1500,1014.96,186.7,1
Transformateur 400 kVA,320,336.84,190.0,1
Transformateur 100 kVA,80,40.34,218.3,0
Transformateur 250 kVA,200,196.8,225.3,0
Transformateur 250 kVA,200,170.87,206.1,0
Cellule d Arrivee MT,1500,1238.67,171.9,1
Disjoncteur Depart HTA,1200,1360.01,209.3,1
Cellule d Arrivee MT,1500,1688.3,220.3,1
Transformateur 250 kVA,200,187.2,222.8,0
Transformateur 400 kVA,320,267.64,180.6,1
Disjoncteur Depart HTA,1200,1242.81,209.6,0
Cellule d Arrivee MT,1500,1446.85,206.4,0
Armoire de Distribution Publique,150,153.26,186.7,1
Cellule d Arrivee MT,1500,1698.96,210.6,1
Transformateur 250 kVA,200,191.99,182.4,0
Transformateur 250 kVA,200,207.39,179.1,1
Transformateur 100 kVA,80,72.27,192.5,1
Cellule d Arrivee MT,1500,1138.66,199.5,0
Transformateur 250 kVA,200,161.58,180.3,1
Armoire de Distribution Publique,150,118.1,183.0,1
Transformateur 630 kVA,500,279.83,190.6,0
Disjoncteur Depart HTA,1200,1311.7,209.8,0
Transformateur 630 kVA,500,384.18,182.8,0
Disjoncteur Depart HTA,1200,1096.19,219.9,0
Armoire de Distribution Publique,150,142.54,216.7,0
Cellule d Arrivee MT,1500,1548.26,178.8,1
Transformateur 100 kVA,80,106.36,184.5,1
Transformateur 250 kVA,200,207.56,207.3,1
Transformateur 250 kVA,200,185.31,178.3,1
Transformateur 250 kVA,200,262.09,221.1,1
Cellule d Arrivee MT,1500,1044.6,171.1,1
Disjoncteur Depart HTA,1200,931.37,210.2,0
Armoire de Distribution Publique,150,104.46,202.9,1
Transformateur 250 kVA,200,195.61,223.2,0
Transformateur 630 kVA,500,469.89,182.0,0
Transformateur 250 kVA,200,191.58,207.4,1
Cellule d Arrivee MT,1500,1238.15,191.3,1
Armoire de Distribution Publique,150,157.03,219.5,0
Transformateur 100 kVA,80,70.78,226.7,0
Armoire de Distribution Publique,150,123.11,217.1,0
Transformateur 630 kVA,500,604.32,170.9,1
Transformateur 250 kVA,200,135.85,215.6,0
Transformateur 250 kVA,200,171.5,208.5,0
Transformateur 400 kVA,320,319.35,192.6,1
Disjoncteur Depart HTA,1200,1255.36,187.5,1
Transformateur 630 kVA,500,411.94,226.9,0
Transformateur 400 kVA,320,274.08,221.9,0
Armoire de Distribution Publique,150,118.91,209.0,0
Transformateur 100 kVA,80,92.54,184.8,1
Disjoncteur Depart HTA,1200,1412.32,218.3,0
Transformateur 630 kVA,500,517.81,220.7,0
Transformateur 250 kVA,200,149.3,219.4,0
Armoire de Distribution Publique,150,135.93,208.0,1
Transformateur 630 kVA,500,494.93,178.5,1
Transformateur 250 kVA,200,95.78,174.4,0
Disjoncteur Depart HTA,1200,1325.87,201.9,0
Transformateur 250 kVA,200,160.25,196.8,1
Transformateur 100 kVA,80,58.85,207.1,0
Armoire de Distribution Publique,150,95.42,222.4,0
Cellule d Arrivee MT,1500,1394.24,178.1,1
Transformateur 250 kVA,200,165.64,211.9,0
Transformateur 100 kVA,80,60.24,212.9,0
Cellule d Arrivee MT,1500,1608.28,204.9,1
Armoire de Distribution Publique,150,198.34,196.5,1
Disjoncteur Depart HTA,1200,944.41,181.0,1
Disjoncteur Depart HTA,1200,1084.44,187.5,1
Armoire de Distribution Publique,150,189.25,198.1,1
Armoire de Distribution Publique,150,117.37,222.6,0
Transformateur 630 kVA,500,515.38,205.6,0
Transformateur 100 kVA,80,54.31,171.5,1
Transformateur 100 kVA,80,78.8,171.8,1
Armoire de Distribution Publique,150,103.63,212.9,0
Transformateur 400 kVA,320,213.43,219.5,0
Transformateur 400 kVA,320,425.24,197.5,1
Cellule d Arrivee MT,1500,1592.46,174.0,1
Cellule d Arrivee MT,1500,1768.9,207.0,1
Transformateur 400 kVA,320,361.45,185.1,1
Armoire de Distribution Publique,150,157.45,186.3,1
Armoire de Distribution Publique,150,106.26,198.0,0
Cellule d Arrivee MT,1500,1683.88,191.6,1
Transformateur 250 kVA,200,135.11,170.1,1
Armoire de Distribution Publique,150,157.0,178.5,1
Transformateur 400 kVA,320,236.56,226.0,0
Transformateur 100 kVA,80,73.77,216.1,0
Armoire de Distribution Publique,150,148.17,214.8,0
Armoire de Distribution Publique,150,108.43,193.8,0
Transformateur 250 kVA,200,186.55,212.1,0
Cellule d Arrivee MT,1500,1158.2,212.0,0
Armoire de Distribution Publique,150,115.31,191.1,0
Disjoncteur Depart HTA,1200,1477.69,184.9,1
Transformateur 630 kVA,500,386.12,172.7,1
Transformateur 400 kVA,320,280.89,188.3,1
Disjoncteur Depart HTA,1200,1339.93,181.7,1
Cellule d Arrivee MT,1500,1327.69,180.3,1
Transformateur 100 kVA,80,58.84,172.0,1
Transformateur 630 kVA,500,465.17,200.7,0
Disjoncteur Depart HTA,1200,1291.1,198.7,1
Transformateur 630 kVA,500,575.26,220.3,0
Transformateur 400 kVA,320,329.05,180.5,0
Cellule d Arrivee MT,1500,1548.86,210.7,1
Armoire de Distribution Publique,150,144.76,205.4,0
Transformateur 100 kVA,80,63.12,174.6,1
Cellule d Arrivee MT,1500,769.02,217.4,0
Transformateur 630 kVA,500,583.06,212.7,1
Disjoncteur Depart HTA,1200,882.44,177.2,1
Transformateur 400 kVA,320,166.89,211.4,0
Transformateur 400 kVA,320,231.92,212.6,0
Cellule d Arrivee MT,1500,1480.61,209.8,0
Armoire de Distribution Publique,150,74.96,224.2,0
Disjoncteur Depart HTA,1200,994.66,210.5,0
Armoire de Distribution Publique,150,79.35,208.5,0
Armoire de Distribution Publique,150,126.48,176.2,1
Disjoncteur Depart HTA,1200,1130.06,176.7,1
Transformateur 630 kVA,500,355.27,200.0,1
Cellule d Arrivee MT,1500,1758.84,173.6,1
Cellule d Arrivee MT,1500,1750.85,204.2,1
Transformateur 250 kVA,200,259.51,208.4,1
Cellule d Arrivee MT,1500,1806.84,179.0,1
Transformateur 400 kVA,320,440.66,185.1,1
Transformateur 630 kVA,500,547.88,218.5,0
Disjoncteur Depart HTA,1200,1291.67,189.3,1
Cellule d Arrivee MT,1500,1420.94,209.1,1
Transformateur 630 kVA,500,426.01,179.5,1
Cellule d Arrivee MT,1500,1847.59,202.2,1
Disjoncteur Depart HTA,1200,996.86,172.9,1
Transformateur 100 kVA,80,86.58,210.8,0
Disjoncteur Depart HTA,1200,1334.87,190.1,1
Disjoncteur Depart HTA,1200,850.48,186.9,0
Disjoncteur Depart HTA,1200,1187.62,175.9,1
Cellule d Arrivee MT,1500,1341.98,181.1,1
Transformateur 250 kVA,200,264.72,189.4,1
Disjoncteur Depart HTA,1200,1400.2,199.8,1
Transformateur 400 kVA,320,304.14,172.1,1
Transformateur 400 kVA,320,313.91,180.9,1
Transformateur 630 kVA,500,485.31,204.9,1
Transformateur 250 kVA,200,182.3,191.2,0
Transformateur 630 kVA,500,245.11,215.6,0
Transformateur 400 kVA,320,383.09,210.0,1
Armoire de Distribution Publique,150,152.0,214.1,0
Transformateur 400 kVA,320,361.73,195.0,1
Transformateur 100 kVA,80,48.74,211.4,0
Disjoncteur Depart HTA,1200,1189.6,189.8,1
Armoire de Distribution Publique,150,100.99,185.5,0
Transformateur 400 kVA,320,367.93,198.8,1
Cellule d Arrivee MT,1500,1370.58,187.0,1
Cellule d Arrivee MT,1500,1704.82,204.0,1
Transformateur 630 kVA,500,681.91,206.3,1
Armoire de Distribution Publique,150,171.01,191.3,0
Transformateur 630 kVA,500,556.78,221.4,1
Disjoncteur Depart HTA,1200,1452.01,224.0,1
Disjoncteur Depart HTA,1200,1349.51,203.2,1
Transformateur 100 kVA,80,39.08,207.4,0
Transformateur 250 kVA,200,243.0,215.5,1
Transformateur 630 kVA,500,641.2,199.6,0
Disjoncteur Depart HTA,1200,954.29,226.4,0
Transformateur 630 kVA,500,481.46,174.5,1
Disjoncteur Depart HTA,1200,1334.07,221.9,0
Transformateur 400 kVA,320,227.03,225.2,0
Transformateur 630 kVA,500,521.41,223.5,0
Transformateur 400 kVA,320,307.02,207.4,0
Transformateur 630 kVA,500,410.3,202.5,0
Transformateur 250 kVA,200,171.66,176.0,1
Transformateur 100 kVA,80,79.47,206.7,1
Cellule d Arrivee MT,1500,1311.22,225.4,0
Cellule d Arrivee MT,1500,1641.6,185.7,1
Cellule d Arrivee MT,1500,1712.63,174.9,1
Transformateur 400 kVA,320,288.04,172.4,1
Armoire de Distribution Publique,150,134.02,186.2,1
Disjoncteur Depart HTA,1200,1339.39,222.9,0
Cellule d Arrivee MT,1500,1315.58,182.9,1
Transformateur 250 kVA,200,204.53,205.3,0
Cellule d Arrivee MT,1500,1048.24,193.9,0
Transformateur 630 kVA,500,343.25,172.2,1
Transformateur 400 kVA,320,349.09,173.1,1
Armoire de Distribution Publique,150,179.31,208.3,1
Transformateur 630 kVA,500,556.63,170.1,1
Armoire de Distribution Publique,150,160.75,192.4,1
Transformateur 630 kVA,500,488.45,211.3,1
Transformateur 630 kVA,500,425.51,193.5,0
Transformateur 100 kVA,80,61.64,181.9,1
Transformateur 100 kVA,80,79.9,194.7,1
Disjoncteur Depart HTA,1200,1134.31,203.3,0
Transformateur 400 kVA,320,402.96,214.0,1
Transformateur 250 kVA,200,206.78,183.3,1
Transformateur 250 kVA,200,206.9,220.2,0
Transformateur 250 kVA,200,122.06,173.1,0
Transformateur 630 kVA,500,396.32,200.4,0
Transformateur 100 kVA,80,99.53,212.0,1
Transformateur 400 kVA,320,329.87,208.7,0
Transformateur 630 kVA,500,608.13,175.3,1
Armoire de Distribution Publique,150,138.57,191.1,1
Transformateur 100 kVA,80,105.86,193.5,1
Transformateur 100 kVA,80,97.07,207.2,1
Cellule d Arrivee MT,1500,1427.01,172.5,1
Cellule d Arrivee MT,1500,1658.64,171.8,1
Transformateur 400 kVA,320,185.06,217.6,0
Armoire de Distribution Publique,150,126.37,190.6,1
Transformateur 400 kVA,320,188.07,170.5,1
Transformateur 400 kVA,320,317.79,175.1,1
Transformateur 630 kVA,500,489.25,206.3,0
Disjoncteur Depart HTA,1200,970.6,207.6,0
Transformateur 400 kVA,320,281.38,177.3,1
Cellule d Arrivee MT,1500,966.09,219.0,0
Disjoncteur Depart HTA,1200,1083.57,205.3,0
Transformateur 630 kVA,500,711.98,182.6,1
Disjoncteur Depart HTA,1200,1151.54,200.2,1
Transformateur 250 kVA,200,148.96,222.1,0
Armoire de Distribution Publique,150,146.08,182.6,1
Disjoncteur Depart HTA,1200,1555.41,204.3,1
Transformateur 400 kVA,320,201.87,188.0,0
Transformateur 630 kVA,500,452.24,213.0,0
Armoire de Distribution Publique,150,158.33,197.8,0
Transformateur 400 kVA,320,413.05,207.0,1
Armoire de Distribution Publique,150,98.76,198.6,0
Cellule d Arrivee MT,1500,938.39,182.0,1
Transformateur 250 kVA,200,201.58,222.0,0
Cellule d Arrivee MT,1500,1219.56,181.9,1
Transformateur 400 kVA,320,242.92,217.3,0
Transformateur 400 kVA,320,373.3,203.8,1
Transformateur 400 kVA,320,360.36,199.8,1
Transformateur 100 kVA,80,105.53,195.8,1
Transformateur 250 kVA,200,183.61,217.9,0
Armoire de Distribution Publique,150,85.1,192.4,0
Transformateur 400 kVA,320,249.8,217.9,0
Transformateur 400 kVA,320,265.5,177.4,1
Armoire de Distribution Publique,150,151.61,206.0,0
Cellule d Arrivee MT,1500,904.83,210.9,0
Cellule d Arrivee MT,1500,1064.49,178.0,1
Transformateur 400 kVA,320,243.41,185.1,1
Transformateur 630 kVA,500,652.17,226.6,0
Transformateur 100 kVA,80,87.99,195.3,1
Cellule d Arrivee MT,1500,1235.94,195.3,1
Transformateur 630 kVA,500,588.48,193.2,1
Transformateur 100 kVA,80,49.88,182.6,1
Transformateur 400 kVA,320,289.45,179.0,1
Transformateur 250 kVA,200,245.01,195.8,1
Disjoncteur Depart HTA,1200,1451.15,189.0,1
Disjoncteur Depart HTA,1200,934.96,184.6,1
Transformateur 400 kVA,320,248.93,211.5,0
Cellule d Arrivee MT,1500,1044.21,204.4,0
Transformateur 630 kVA,500,583.86,222.1,0
Transformateur 250 kVA,200,169.1,205.2,0
Armoire de Distribution Publique,150,208.37,175.0,1
Transformateur 100 kVA,80,67.14,205.5,0
Transformateur 400 kVA,320,341.67,222.0,0
Transformateur 250 kVA,200,203.18,218.6,0
Transformateur 250 kVA,200,198.92,205.4,1
Cellule d Arrivee MT,1500,1175.25,223.5,0
Transformateur 100 kVA,80,72.77,201.0,1
Transformateur 250 kVA,200,153.4,201.0,1
Cellule d Arrivee MT,1500,1415.87,175.8,1
Transformateur 630 kVA,500,373.52,222.9,0
Cellule d Arrivee MT,1500,1405.47,185.1,0
Transformateur 630 kVA,500,596.62,188.5,1
Transformateur 630 kVA,500,462.82,209.9,1
Armoire de Distribution Publique,150,172.98,195.3,1
Armoire de Distribution Publique,150,187.75,190.5,1
Transformateur 250 kVA,200,183.17,199.0,0
Cellule d Arrivee MT,1500,1702.75,206.6,1
Armoire de Distribution Publique,150,119.97,192.9,0
Transformateur 630 kVA,500,485.3,210.6,1
Armoire de Distribution Publique,150,118.41,221.7,0
Transformateur 100 kVA,80,72.0,226.6,0
Transformateur 250 kVA,200,171.17,222.4,0
Cellule d Arrivee MT,1500,1594.74,186.0,1
Cellule d Arrivee MT,1500,892.58,213.4,0
Disjoncteur Depart HTA,1200,640.99,208.8,0
Cellule d Arrivee MT,1500,1714.48,216.4,1
Transformateur 250 kVA,200,176.26,197.1,0
Transformateur 100 kVA,80,43.13,213.3,0
Cellule d Arrivee MT,1500,1454.58,223.2,0
Disjoncteur Depart HTA,1200,1702.34,182.5,1
Transformateur 250 kVA,200,203.66,197.0,0
Transformateur 630 kVA,500,407.63,173.6,1
Transformateur 400 kVA,320,333.34,185.1,1
Transformateur 400 kVA,320,268.39,211.2,0
Transformateur 630 kVA,500,401.41,215.5,0
Armoire de Distribution Publique,150,116.24,219.7,0
Cellule d Arrivee MT,1500,2040.41,208.8,1
Transformateur 400 kVA,320,232.24,207.4,0
Armoire de Distribution Publique,150,132.91,177.5,1
Transformateur 400 kVA,320,270.96,184.0,1
Transformateur 630 kVA,500,505.08,182.5,1
Cellule d Arrivee MT,1500,1364.92,181.0,1
Cellule d Arrivee MT,1500,1305.76,224.3,0
Armoire de Distribution Publique,150,114.58,222.8,1
Transformateur 630 kVA,500,443.65,216.7,0
Armoire de Distribution Publique,150,169.64,218.2,0
Cellule d Arrivee MT,1500,1200.3,178.4,1
Cellule d Arrivee MT,1500,1078.71,204.7,0
Transformateur 250 kVA,200,209.35,177.1,1
Armoire de Distribution Publique,150,153.81,192.2,1
Transformateur 250 kVA,200,242.93,179.6,1
Transformateur 630 kVA,500,339.61,210.0,0
Transformateur 100 kVA,80,85.06,186.9,1
Transformateur 400 kVA,320,317.19,184.3,1
Transformateur 250 kVA,200,247.03,197.4,1
Transformateur 400 kVA,320,378.59,205.6,1
Disjoncteur Depart HTA,1200,686.1,204.7,0
Transformateur 630 kVA,500,439.51,174.4,1
Transformateur 100 kVA,80,58.9,215.1,0
Disjoncteur Depart HTA,1200,876.87,197.3,0
Disjoncteur Depart HTA,1200,1499.06,191.0,1
Cellule d Arrivee MT,1500,1572.37,203.6,1
Disjoncteur Depart HTA,1200,1375.81,185.3,1
Transformateur 630 kVA,500,450.82,195.4,1
Transformateur 250 kVA,200,161.93,200.0,1
Transformateur 630 kVA,500,527.1,179.2,1
Transformateur 250 kVA,200,192.9,179.2,1
Disjoncteur Depart HTA,1200,1260.55,184.2,1
Disjoncteur Depart HTA,1200,992.96,190.8,0
Transformateur 100 kVA,80,78.08,193.3,1
Transformateur 250 kVA,200,153.91,189.4,0
Disjoncteur Depart HTA,1200,1430.26,171.6,1
Cellule d Arrivee MT,1500,1302.11,204.2,0
Transformateur 400 kVA,320,454.65,193.4,1
Transformateur 100 kVA,80,71.85,183.6,0
Transformateur 630 kVA,500,616.15,190.3,1
Transformateur 100 kVA,80,89.32,173.4,1
Transformateur 400 kVA,320,316.8,215.2,0
Transformateur 250 kVA,200,156.32,192.9,0
Transformateur 630 kVA,500,376.14,217.7,0
Transformateur 630 kVA,500,389.78,190.1,0
Transformateur 250 kVA,200,151.37,218.7,0
Armoire de Distribution Publique,150,145.54,183.1,1
Armoire de Distribution Publique,150,127.0,217.0,0
Transformateur 100 kVA,80,79.64,184.3,1
Disjoncteur Depart HTA,1200,1331.83,181.6,1
Armoire de Distribution Publique,150,145.64,196.2,1
Transformateur 100 kVA,80,54.69,194.8,1
Armoire de Distribution Publique,150,175.77,187.0,1
Transformateur 400 kVA,320,367.44,170.1,1
Cellule d Arrivee MT,1500,1179.22,213.5,0
Disjoncteur Depart HTA,1200,1328.88,172.6,1
Transformateur 100 kVA,80,54.28,191.9,0
Cellule d Arrivee MT,1500,1455.42,199.1,0
Cellule d Arrivee MT,1500,1305.71,224.6,0
Armoire de Distribution Publique,150,107.34,226.9,0
Transformateur 250 kVA,200,170.6,197.2,1
Transformateur 400 kVA,320,208.94,211.6,0
Transformateur 400 kVA,320,224.5,190.3,1
Transformateur 400 kVA,320,289.95,188.0,1
Disjoncteur Depart HTA,1200,798.31,177.2,0
Transformateur 630 kVA,500,585.89,176.2,1
Disjoncteur Depart HTA,1200,1200.29,223.7,0
Transformateur 100 kVA,80,83.23,197.8,1
Cellule d Arrivee MT,1500,1638.71,174.0,1
Cellule d Arrivee MT,1500,978.59,187.9,0
Transformateur 630 kVA,500,433.09,182.1,1
Transformateur 100 kVA,80,61.8,201.8,0
Transformateur 630 kVA,500,476.87,225.1,0
Cellule d Arrivee MT,1500,1280.76,213.9,0
Armoire de Distribution Publique,150,126.69,226.4,0
Disjoncteur Depart HTA,1200,1011.92,173.0,1
Transformateur 400 kVA,320,180.85,223.2,0
Cellule d Arrivee MT,1500,1126.87,225.1,0
Transformateur 250 kVA,200,205.41,198.4,1
Transformateur 400 kVA,320,331.51,197.0,1
Cellule d Arrivee MT,1500,1734.98,194.7,1
Disjoncteur Depart HTA,1200,1027.78,177.4,1
Transformateur 630 kVA,500,485.24,209.0,0
Armoire de Distribution Publique,150,110.8,199.5,0
Armoire de Distribution Publique,150,148.36,175.8,1
Transformateur 400 kVA,320,304.72,220.7,0
Disjoncteur Depart HTA,1200,1312.82,195.5,1
Armoire de Distribution Publique,150,149.04,178.9,1
Armoire de Distribution Publique,150,85.0,196.3,0
Transformateur 100 kVA,80,53.84,186.4,0
Transformateur 250 kVA,200,237.91,204.4,1
Transformateur 400 kVA,320,342.15,204.5,1
Transformateur 630 kVA,500,326.7,187.6,0
Armoire de Distribution Publique,150,131.56,181.5,1
Transformateur 100 kVA,80,83.6,191.3,0
Disjoncteur Depart HTA,1200,1378.0,194.4,1
Armoire de Distribution Publique,150,178.03,204.6,0
Transformateur 250 kVA,200,180.34,189.6,1
Transformateur 630 kVA,500,488.94,170.8,1
Disjoncteur Depart HTA,1200,1174.14,203.9,0
Disjoncteur Depart HTA,1200,657.78,209.7,0
Transformateur 400 kVA,320,331.23,186.5,1
Armoire de Distribution Publique,150,156.05,210.3,0
Transformateur 400 kVA,320,294.99,223.2,0
Transformateur 630 kVA,500,376.42,208.7,0
Armoire de Distribution Publique,150,141.02,218.8,0
Cellule d Arrivee MT,1500,1598.2,198.2,1
Armoire de Distribution Publique,150,182.68,195.8,1
Cellule d Arrivee MT,1500,1198.62,200.9,0
Disjoncteur Depart HTA,1200,1271.67,174.0,1
Transformateur 400 kVA,320,349.29,193.9,1
Transformateur 250 kVA,200,275.61,184.3,1
Armoire de Distribution Publique,150,143.6,197.9,1
Transformateur 250 kVA,200,132.22,208.0,0
Armoire de Distribution Publique,150,181.83,206.0,1
Disjoncteur Depart HTA,1200,978.63,226.1,0
Transformateur 400 kVA,320,277.93,190.0,1
Transformateur 630 kVA,500,476.19,187.1,0
Transformateur 630 kVA,500,535.03,206.1,1
Transformateur 630 kVA,500,567.78,184.4,1
Armoire de Distribution Publique,150,167.17,222.0,0
Armoire de Distribution Publique,150,114.06,187.7,0
Transformateur 250 kVA,200,217.9,205.7,1
Transformateur 400 kVA,320,248.11,180.2,1
Armoire de Distribution Publique,150,88.17,186.8,1
Transformateur 400 kVA,320,400.07,175.6,1
Transformateur 250 kVA,200,182.1,188.2,1
Armoire de Distribution Publique,150,132.11,204.0,0
Transformateur 630 kVA,500,470.9,190.6,1
Transformateur 630 kVA,500,546.75,178.2,1
Disjoncteur Depart HTA,1200,682.48,220.9,0
Cellule d Arrivee MT,1500,1725.37,176.0,1
Transformateur 100 kVA,80,63.33,219.3,0
Cellule d Arrivee MT,1500,1326.33,207.5,0
Armoire de Distribution Publique,150,168.4,195.2,1
Transformateur 400 kVA,320,314.91,218.1,0
Armoire de Distribution Publique,150,155.0,219.3,0
Transformateur 400 kVA,320,166.93,217.4,0
Transformateur 400 kVA,320,297.34,186.4,0
Cellule d Arrivee MT,1500,1309.51,191.9,1
Transformateur 100 kVA,80,53.62,198.7,0
Disjoncteur Depart HTA,1200,1248.57,190.0,1
Cellule d Arrivee MT,1500,1787.05,225.7,0
Transformateur 100 kVA,80,109.74,189.1,1
Transformateur 630 kVA,500,471.83,223.9,0
Transformateur 630 kVA,500,517.02,204.3,0
Transformateur 400 kVA,320,382.81,172.0,1
Transformateur 250 kVA,200,258.65,199.7,1
Armoire de Distribution Publique,150,126.23,225.0,0
Armoire de Distribution Publique,150,96.73,221.3,0
Transformateur 400 kVA,320,211.0,208.1,0
Transformateur 250 kVA,200,214.68,175.7,1
Transformateur 100 kVA,80,46.53,215.4,0
Transformateur 630 kVA,500,357.35,206.8,0
Armoire de Distribution Publique,150,177.44,221.8,0
Cellule d Arrivee MT,1500,1559.1,212.0,0
Transformateur 250 kVA,200,172.9,217.7,0
Transformateur 100 kVA,80,69.84,198.1,1
Transformateur 630 kVA,500,498.21,202.2,0
Cellule d Arrivee MT,1500,1408.99,207.5,0
Transformateur 250 kVA,200,201.89,224.6,0
Transformateur 400 kVA,320,317.5,179.3,1
Transformateur 400 kVA,320,359.81,210.9,1
Transformateur 400 kVA,320,300.98,171.5,1
Armoire de Distribution Publique,150,172.9,205.9,1
Transformateur 100 kVA,80,77.29,175.8,1
Transformateur 400 kVA,320,264.8,187.5,1
Armoire de Distribution Publique,150,150.98,211.7,0
Disjoncteur Depart HTA,1200,1192.98,174.4,1
Armoire de Distribution Publique,150,122.04,195.8,0
Transformateur 630 kVA,500,583.02,175.2,1
Armoire de Distribution Publique,150,183.94,205.3,1
Transformateur 100 kVA,80,84.47,195.6,1
Cellule d Arrivee MT,1500,1760.84,179.9,1
Armoire de Distribution Publique,150,139.84,205.7,0
Transformateur 400 kVA,320,258.12,196.2,1
Transformateur 630 kVA,500,392.12,202.6,0
Transformateur 250 kVA,200,208.26,179.5,1
Transformateur 400 kVA,320,373.27,183.8,1
Transformateur 630 kVA,500,439.32,208.6,0
Disjoncteur Depart HTA,1200,951.02,175.1,1
Transformateur 250 kVA,200,166.63,188.8,1
Disjoncteur Depart HTA,1200,960.08,224.6,0
Cellule d Arrivee MT,1500,1166.86,199.0,0
Transformateur 630 kVA,500,513.41,217.6,0
Disjoncteur Depart HTA,1200,876.19,221.7,0
Cellule d Arrivee MT,1500,1574.5,188.1,1
Transformateur 630 kVA,500,422.89,206.8,0
Transformateur 630 kVA,500,550.0,213.2,0
Disjoncteur Depart HTA,1200,1288.39,195.9,1
Transformateur 630 kVA,500,342.08,215.9,0
Transformateur 400 kVA,320,293.51,208.3,0
Transformateur 630 kVA,500,602.99,223.6,1
Transformateur 100 kVA,80,67.87,176.8,1
Cellule d Arrivee MT,1500,1514.12,196.8,1
Transformateur 630 kVA,500,501.46,225.0,0
Transformateur 100 kVA,80,82.52,182.9,1
Transformateur 630 kVA,500,472.07,171.0,1
Transformateur 630 kVA,500,408.58,201.0,0
Disjoncteur Depart HTA,1200,1364.3,201.6,1
Transformateur 400 kVA,320,390.38,172.0,1
Cellule d Arrivee MT,1500,1346.91,220.0,0
Transformateur 400 kVA,320,288.63,175.0,1
Transformateur 250 kVA,200,174.72,201.7,0
Disjoncteur Depart HTA,1200,887.79,215.7,0
Disjoncteur Depart HTA,1200,1134.94,210.9,0
Transformateur 400 kVA,320,376.03,193.7,1
Armoire de Distribution Publique,150,113.49,170.3,1
Disjoncteur Depart HTA,1200,1175.41,218.8,0
Transformateur 400 kVA,320,282.49,221.9,0
Disjoncteur Depart HTA,1200,1008.87,223.6,0
Transformateur 630 kVA,500,352.09,197.5,0
Transformateur 400 kVA,320,314.34,220.9,0
Transformateur 400 kVA,320,458.6,201.7,1
Transformateur 100 kVA,80,75.95,208.9,1
Disjoncteur Depart HTA,1200,1097.39,222.8,0
Disjoncteur Depart HTA,1200,1216.87,225.7,0
Transformateur 400 kVA,320,330.62,222.7,0
Transformateur 630 kVA,500,593.51,189.0,1
Transformateur 630 kVA,500,531.85,216.4,0
Cellule d Arrivee MT,1500,1816.93,180.2,1
Transformateur 630 kVA,500,395.89,205.7,0
Disjoncteur Depart HTA,1200,1065.63,211.8,0
Armoire de Distribution Publique,150,157.3,219.7,0
Transformateur 100 kVA,80,72.65,179.0,1
Transformateur 400 kVA,320,292.8,185.8,1
Transformateur 250 kVA,200,201.83,198.3,0
Transformateur 100 kVA,80,70.59,217.2,0
Armoire de Distribution Publique,150,148.35,207.3,0
Transformateur 250 kVA,200,238.5,191.0,1
Transformateur 100 kVA,80,92.08,183.7,1
Transformateur 630 kVA,500,489.22,182.3,1
Disjoncteur Depart HTA,1200,1087.59,226.0,0
Armoire de Distribution Publique,150,194.98,205.4,1
Transformateur 250 kVA,200,196.21,194.6,1
Armoire de Distribution Publique,150,182.47,188.4,1
Transformateur 100 kVA,80,60.51,221.7,0
Disjoncteur Depart HTA,1200,1540.19,212.0,1
Armoire de Distribution Publique,150,152.26,226.2,0
Transformateur 250 kVA,200,187.48,188.6,1
Transformateur 400 kVA,320,392.93,204.6,1
Transformateur 100 kVA,80,98.67,188.8,1
Transformateur 400 kVA,320,294.79,214.6,0
Transformateur 630 kVA,500,408.93,205.0,0
Transformateur 400 kVA,320,338.0,198.8,0
Transformateur 400 kVA,320,279.64,197.7,0
Cellule d Arrivee MT,1500,1580.65,213.4,0
Transformateur 100 kVA,80,76.02,224.6,0
Transformateur 630 kVA,500,433.5,206.1,0
Transformateur 400 kVA,320,292.27,204.4,1
Disjoncteur Depart HTA,1200,939.46,225.2,0
Transformateur 250 kVA,200,161.94,181.8,1
Transformateur 400 kVA,320,327.84,182.7,1
Transformateur 630 kVA,500,394.02,205.1,0
Transformateur 400 kVA,320,260.09,184.5,1
Transformateur 250 kVA,200,173.71,185.8,1
Transformateur 630 kVA,500,347.39,205.6,0
Transformateur 100 kVA,80,73.7,205.2,0
Transformateur 630 kVA,500,407.77,201.1,0
Transformateur 100 kVA,80,42.89,217.5,0
Transformateur 630 kVA,500,404.12,221.1,0
Armoire de Distribution Publique,150,122.61,224.8,0
Transformateur 250 kVA,200,262.87,205.4,1
Transformateur 250 kVA,200,145.66,179.6,1
Transformateur 630 kVA,500,335.2,222.9,0
Armoire de Distribution Publique,150,107.52,194.4,0
Transformateur 400 kVA,320,368.46,183.0,1
Transformateur 250 kVA,200,118.93,212.5,0
Transformateur 100 kVA,80,65.95,170.1,1
Transformateur 100 kVA,80,80.43,194.5,0
Disjoncteur Depart HTA,1200,1109.63,201.6,0
Cellule d Arrivee MT,1500,1007.09,188.8,0
Armoire de Distribution Publique,150,171.56,174.5,1
Cellule d Arrivee MT,1500,1659.93,183.0,1
Cellule d Arrivee MT,1500,1677.99,193.4,1
Transformateur 100 kVA,80,103.87,183.1,1
Disjoncteur Depart HTA,1200,728.23,176.7,0
Cellule d Arrivee MT,1500,1473.12,226.4,0
Cellule d Arrivee MT,1500,1520.02,219.7,0
Transformateur 630 kVA,500,454.05,200.0,0
Transformateur 630 kVA,500,582.22,183.0,1
Transformateur 630 kVA,500,322.24,216.3,0
Transformateur 400 kVA,320,305.96,199.9,1
Cellule d Arrivee MT,1500,1135.13,198.6,0
Transformateur 400 kVA,320,316.9,201.6,1
Disjoncteur Depart HTA,1200,1319.41,210.7,1
Armoire de Distribution Publique,150,143.75,196.1,1
Transformateur 100 kVA,80,85.12,214.8,0
Cellule d Arrivee MT,1500,1205.94,195.8,0
Transformateur 100 kVA,80,75.23,194.4,1
Armoire de Distribution Publique,150,146.19,196.4,1
Transformateur 630 kVA,500,420.48,195.4,0
Cellule d Arrivee MT,1500,1431.89,219.0,0
Transformateur 250 kVA,200,205.52,184.7,1
Transformateur 400 kVA,320,385.98,208.2,1
Transformateur 400 kVA,320,186.19,178.2,1
Cellule d Arrivee MT,1500,1533.07,223.8,1
Armoire de Distribution Publique,150,107.04,170.6,1
Transformateur 630 kVA,500,506.03,190.1,0
Transformateur 400 kVA,320,365.38,208.2,1
Transformateur 630 kVA,500,337.43,212.9,0
Disjoncteur Depart HTA,1200,609.66,207.3,0
Transformateur 100 kVA,80,45.44,207.1,0
Armoire de Distribution Publique,150,128.52,209.7,0
Transformateur 250 kVA,200,142.35,178.6,1
Transformateur 100 kVA,80,72.85,188.1,0
Transformateur 100 kVA,80,65.13,214.4,0
Disjoncteur Depart HTA,1200,1420.28,178.6,1
Transformateur 400 kVA,320,387.16,186.3,1
Transformateur 250 kVA,200,219.83,223.5,0
Transformateur 400 kVA,320,317.56,217.2,0
Cellule d Arrivee MT,1500,1606.25,217.2,0
Transformateur 100 kVA,80,82.33,194.6,1
Cellule d Arrivee MT,1500,1268.54,211.8,0
Transformateur 630 kVA,500,384.25,184.7,0
Transformateur 100 kVA,80,79.4,182.7,1
Transformateur 400 kVA,320,285.83,180.7,1
Transformateur 100 kVA,80,63.07,199.5,0
Transformateur 630 kVA,500,465.03,208.9,1
Disjoncteur Depart HTA,1200,1299.56,222.2,0
Cellule d Arrivee MT,1500,904.4,225.0,0
Cellule d Arrivee MT,1500,806.53,219.1,0
Transformateur 400 kVA,320,277.0,199.2,0
Transformateur 100 kVA,80,82.14,172.1,1
Transformateur 400 kVA,320,289.76,180.0,1
Disjoncteur Depart HTA,1200,1545.47,171.4,1
Transformateur 100 kVA,80,67.15,174.2,1
Transformateur 100 kVA,80,80.04,209.3,0
Transformateur 400 kVA,320,192.33,191.7,0
Transformateur 400 kVA,320,239.56,172.5,1
Transformateur 630 kVA,500,365.32,170.0,1
Armoire de Distribution Publique,150,162.64,220.2,0
Armoire de Distribution Publique,150,143.08,213.7,0
Disjoncteur Depart HTA,1200,1075.16,226.2,0
Armoire de Distribution Publique,150,105.72,222.3,0
Transformateur 630 kVA,500,467.19,173.1,1
Cellule d Arrivee MT,1500,1225.79,203.5,0
Transformateur 100 kVA,80,70.75,194.5,1
Transformateur 400 kVA,320,248.2,184.5,1
Transformateur 100 kVA,80,82.57,182.8,1
Transformateur 100 kVA,80,70.52,179.1,1
Transformateur 250 kVA,200,188.85,213.0,0
Cellule d Arrivee MT,1500,1378.58,192.9,1
Transformateur 250 kVA,200,155.95,223.2,0
Armoire de Distribution Publique,150,156.99,215.1,0
Transformateur 100 kVA,80,79.69,210.6,0
Transformateur 400 kVA,320,186.83,188.6,0
Transformateur 100 kVA,80,75.29,213.0,0
Cellule d Arrivee MT,1500,1445.18,216.4,0
Transformateur 250 kVA,200,167.66,193.0,1
Transformateur 400 kVA,320,380.6,219.2,1
Transformateur 100 kVA,80,73.57,197.1,1
Disjoncteur Depart HTA,1200,888.84,211.6,0
Cellule d Arrivee MT,1500,1406.0,177.4,1
Cellule d Arrivee MT,1500,1421.85,175.9,1
Disjoncteur Depart HTA,1200,908.6,171.6,1
Transformateur 100 kVA,80,68.2,220.1,0
Cellule d Arrivee MT,1500,1114.88,177.5,1
Transformateur 400 kVA,320,270.42,224.2,0
Transformateur 100 kVA,80,82.27,208.4,1
Transformateur 100 kVA,80,85.28,204.1,1
Transformateur 250 kVA,200,137.9,175.7,0
Cellule d Arrivee MT,1500,990.27,204.8,0
Cellule d Arrivee MT,1500,1264.22,204.2,1
Disjoncteur Depart HTA,1200,1110.41,224.2,0
Transformateur 250 kVA,200,231.83,208.4,1
Armoire de Distribution Publique,150,120.33,217.1,0
Transformateur 250 kVA,200,161.1,219.5,0
Cellule d Arrivee MT,1500,1833.47,205.0,1
Transformateur 100 kVA,80,78.01,177.1,1
Transformateur 250 kVA,200,194.2,178.3,1
Disjoncteur Depart HTA,1200,1457.25,222.2,0
Transformateur 250 kVA,200,213.76,216.4,1
Disjoncteur Depart HTA,1200,1385.31,203.6,0
Armoire de Distribution Publique,150,124.19,193.7,1
Transformateur 250 kVA,200,268.09,192.9,1
Disjoncteur Depart HTA,1200,1232.61,191.7,1
Transformateur 250 kVA,200,179.15,180.5,1
Armoire de Distribution Publique,150,131.02,193.2,1
Transformateur 250 kVA,200,212.88,217.7,0
Transformateur 400 kVA,320,273.74,177.0,1
Disjoncteur Depart HTA,1200,1350.72,214.2,1
Armoire de Distribution Publique,150,105.17,209.2,0
Disjoncteur Depart HTA,1200,959.17,225.6,1
Disjoncteur Depart HTA,1200,1110.94,199.6,1
Transformateur 630 kVA,500,399.82,196.1,0
Armoire de Distribution Publique,150,149.52,193.4,1
Transformateur 250 kVA,200,190.65,221.1,0
Disjoncteur Depart HTA,1200,1377.77,176.1,1
Cellule d Arrivee MT,1500,1588.11,210.4,1
Transformateur 630 kVA,500,456.06,207.6,1
Transformateur 400 kVA,320,418.34,172.3,1
Disjoncteur Depart HTA,1200,1030.55,205.7,1
Disjoncteur Depart HTA,1200,1181.74,215.8,0
Transformateur 630 kVA,500,360.06,185.5,0
Transformateur 250 kVA,200,200.52,189.2,1
Cellule d Arrivee MT,1500,1124.14,196.9,0
Transformateur 400 kVA,320,343.56,190.1,1
Disjoncteur Depart HTA,1200,1017.63,185.3,1
Transformateur 250 kVA,200,149.44,196.3,0
Armoire de Distribution Publique,150,166.57,213.3,1
Cellule d Arrivee MT,1500,931.49,215.3,0
Armoire de Distribution Publique,150,134.25,176.4,1
Cellule d Arrivee MT,1500,1285.05,191.0,1
Transformateur 400 kVA,320,318.63,180.9,1
Transformateur 100 kVA,80,56.84,173.5,1
Cellule d Arrivee MT,1500,976.42,188.8,0
Transformateur 100 kVA,80,83.26,207.7,1
Armoire de Distribution Publique,150,100.42,206.4,0
Cellule d Arrivee MT,1500,1493.34,218.4,0
Transformateur 400 kVA,320,211.55,173.6,0
Transformateur 630 kVA,500,500.54,170.5,1
Transformateur 400 kVA,320,286.57,195.2,1
Transformateur 400 kVA,320,193.72,200.9,0
Transformateur 630 kVA,500,509.12,198.3,1
Transformateur 630 kVA,500,389.89,189.7,0
Transformateur 250 kVA,200,139.57,221.8,0
Cellule d Arrivee MT,1500,1727.73,204.0,1
Armoire de Distribution Publique,150,136.02,171.5,1
Transformateur 250 kVA,200,247.19,214.6,0
Transformateur 630 kVA,500,487.56,170.7,1
Transformateur 100 kVA,80,87.66,216.0,0
Armoire de Distribution Publique,150,154.42,217.9,0
Transformateur 100 kVA,80,98.78,226.7,0
Transformateur 400 kVA,320,267.28,179.5,1
Disjoncteur Depart HTA,1200,1000.13,184.5,1
Transformateur 400 kVA,320,344.08,188.0,1
Transformateur 400 kVA,320,331.71,180.9,1
Disjoncteur Depart HTA,1200,1170.4,174.3,1
Cellule d Arrivee MT,1500,913.04,170.1,1
Transformateur 630 kVA,500,449.96,209.1,0
Transformateur 100 kVA,80,69.97,184.2,0
Transformateur 400 kVA,320,235.55,214.1,0
Disjoncteur Depart HTA,1200,856.3,176.1,1
Transformateur 250 kVA,200,250.05,205.5,1
Transformateur 400 kVA,320,352.35,170.4,1
Transformateur 100 kVA,80,68.9,189.5,1
Transformateur 630 kVA,500,544.87,193.3,0
Transformateur 400 kVA,320,351.87,187.1,1
Transformateur 400 kVA,320,347.24,222.0,0
Cellule d Arrivee MT,1500,1584.06,198.3,0
Disjoncteur Depart HTA,1200,1393.0,203.8,1
Transformateur 250 kVA,200,173.79,225.6,0
Transformateur 250 kVA,200,168.9,200.1,0
Armoire de Distribution Publique,150,155.92,187.8,1
Transformateur 630 kVA,500,382.97,218.2,0
Armoire de Distribution Publique,150,135.96,218.9,1
Transformateur 100 kVA,80,92.25,197.8,1
Transformateur 630 kVA,500,576.02,191.1,1
Transformateur 400 kVA,320,326.37,203.9,1
Transformateur 400 kVA,320,251.88,213.8,0
Transformateur 250 kVA,200,185.3,210.5,0
Transformateur 100 kVA,80,85.42,196.7,1
Disjoncteur Depart HTA,1200,818.63,224.9,0
Transformateur 100 kVA,80,73.94,175.0,1
Transformateur 400 kVA,320,271.05,185.0,0
Disjoncteur Depart HTA,1200,1303.99,189.7,1
Transformateur 100 kVA,80,54.91,193.8,1
Transformateur 100 kVA,80,60.96,177.4,1
Disjoncteur Depart HTA,1200,1229.68,217.7,0
Transformateur 400 kVA,320,250.79,197.1,0
Transformateur 100 kVA,80,71.89,192.8,1
Disjoncteur Depart HTA,1200,1057.21,222.3,0
Cellule d Arrivee MT,1500,1033.22,214.7,0
Cellule d Arrivee MT,1500,1430.53,198.8,1
Transformateur 400 kVA,320,383.5,224.5,1
Disjoncteur Depart HTA,1200,1394.96,212.1,1
Cellule d Arrivee MT,1500,1402.62,208.3,1
Disjoncteur Depart HTA,1200,1077.09,204.9,1
Transformateur 100 kVA,80,92.76,217.0,1
Transformateur 400 kVA,320,191.57,171.9,1
Cellule d Arrivee MT,1500,1627.52,216.0,0
Armoire de Distribution Publique,150,121.78,209.7,0
Transformateur 100 kVA,80,73.45,201.0,0
Armoire de Distribution Publique,150,140.45,180.3,1
Armoire de Distribution Publique,150,93.95,190.2,0
Transformateur 630 kVA,500,380.03,198.8,0
Transformateur 630 kVA,500,478.79,175.5,1
Transformateur 400 kVA,320,208.44,207.5,0
Cellule d Arrivee MT,1500,1674.16,212.6,1
Cellule d Arrivee MT,1500,1274.58,174.6,1
Cellule d Arrivee MT,1500,1236.36,196.6,0
Disjoncteur Depart HTA,1200,1230.22,178.7,1
Transformateur 100 kVA,80,63.05,189.7,1
Cellule d Arrivee MT,1500,1178.49,224.0,0
Transformateur 100 kVA,80,73.29,224.8,0
Transformateur 400 kVA,320,387.45,177.8,1
Armoire de Distribution Publique,150,135.89,170.5,1
Cellule d Arrivee MT,1500,1131.9,215.8,1
Transformateur 400 kVA,320,424.28,183.3,1
Cellule d Arrivee MT,1500,1321.74,217.0,1
Transformateur 630 kVA,500,516.7,176.2,1
Transformateur 250 kVA,200,184.14,184.0,1
Transformateur 400 kVA,320,360.27,210.2,1
Cellule d Arrivee MT,1500,1614.13,173.9,1
Transformateur 250 kVA,200,171.16,181.6,1
Transformateur 400 kVA,320,221.67,206.1,0
Disjoncteur Depart HTA,1200,1132.51,171.7,1
Cellule d Arrivee MT,1500,809.76,170.9,1
Disjoncteur Depart HTA,1200,950.77,224.1,0
Transformateur 630 kVA,500,332.91,177.7,1
Cellule d Arrivee MT,1500,1770.76,203.1,1
Armoire de Distribution Publique,150,168.47,199.8,0
Transformateur 630 kVA,500,411.94,183.5,1
Transformateur 250 kVA,200,158.85,223.5,0
Transformateur 400 kVA,320,356.89,221.6,0
Transformateur 100 kVA,80,96.61,218.8,1
Transformateur 630 kVA,500,569.01,210.2,0
Transformateur 100 kVA,80,63.01,208.9,0
Transformateur 100 kVA,80,107.19,190.3,1
Transformateur 400 kVA,320,261.62,196.6,0
Transformateur 250 kVA,200,186.92,174.4,1
Transformateur 400 kVA,320,423.43,218.7,1
Cellule d Arrivee MT,1500,1615.86,222.8,0
Transformateur 630 kVA,500,467.53,174.0,1
Transformateur 100 kVA,80,92.94,201.3,1
Transformateur 400 kVA,320,241.04,182.8,0
Transformateur 400 kVA,320,283.93,199.8,1
Transformateur 400 kVA,320,240.72,181.4,1
Transformateur 630 kVA,500,552.18,193.6,1
Transformateur 250 kVA,200,138.39,222.6,0
Armoire de Distribution Publique,150,155.14,195.3,1
Transformateur 400 kVA,320,286.96,210.3,0
Transformateur 630 kVA,500,399.72,175.8,1
Transformateur 100 kVA,80,76.48,221.0,0
Cellule d Arrivee MT,1500,1394.5,174.1,1
Armoire de Distribution Publique,150,158.32,211.2,0
Disjoncteur Depart HTA,1200,893.94,178.5,0
Armoire de Distribution Publique,150,129.08,186.5,1
Armoire de Distribution Publique,150,186.62,214.5,0
Transformateur 630 kVA,500,432.04,203.6,1
Disjoncteur Depart HTA,1200,1234.14,204.5,1
Transformateur 400 kVA,320,307.67,176.1,1
Transformateur 400 kVA,320,193.94,173.8,0
Armoire de Distribution Publique,150,147.49,217.9,0
Transformateur 630 kVA,500,340.6,199.9,0
Disjoncteur Depart HTA,1200,1188.46,178.0,0
Transformateur 400 kVA,320,340.31,203.7,1
Transformateur 100 kVA,80,106.48,183.6,1
Transformateur 250 kVA,200,231.31,179.3,1
Transformateur 250 kVA,200,256.45,187.3,1
Transformateur 400 kVA,320,356.51,192.9,0
Disjoncteur Depart HTA,1200,1372.67,209.8,0
Cellule d Arrivee MT,1500,1714.35,174.2,1
Transformateur 400 kVA,320,247.0,171.1,1
Cellule d Arrivee MT,1500,1670.77,206.2,1
Cellule d Arrivee MT,1500,1653.13,211.4,1
Disjoncteur Depart HTA,1200,1398.38,184.0,1
Cellule d Arrivee MT,1500,1278.72,221.5,0
Transformateur 100 kVA,80,84.36,214.7,0
Disjoncteur Depart HTA,1200,853.62,195.1,0
Transformateur 400 kVA,320,256.05,198.1,1
Armoire de Distribution Publique,150,120.75,223.5,0
Transformateur 100 kVA,80,82.2,210.6,1
Transformateur 630 kVA,500,560.16,176.5,1
Transformateur 250 kVA,200,283.81,176.6,1
Transformateur 400 kVA,320,394.37,193.0,1
Transformateur 400 kVA,320,328.66,219.3,0
Transformateur 400 kVA,320,208.85,178.4,1
Transformateur 100 kVA,80,88.56,209.5,0
Transformateur 630 kVA,500,478.52,209.5,0
Armoire de Distribution Publique,150,176.12,182.3,1
Disjoncteur Depart HTA,1200,938.15,202.1,0
Transformateur 630 kVA,500,357.44,181.8,0
Transformateur 100 kVA,80,54.48,176.2,1
Transformateur 400 kVA,320,361.89,208.6,0
Transformateur 250 kVA,200,220.02,171.3,1
Transformateur 400 kVA,320,298.61,173.7,1
Disjoncteur Depart HTA,1200,1397.32,177.1,1
Cellule d Arrivee MT,1500,1741.74,208.8,1
Transformateur 250 kVA,200,212.11,213.0,0
Transformateur 400 kVA,320,307.29,206.7,0
Armoire de Distribution Publique,150,199.86,171.3,1
Transformateur 250 kVA,200,190.76,182.2,1
Cellule d Arrivee MT,1500,1412.16,198.0,0
Transformateur 630 kVA,500,353.92,212.8,0
Transformateur 100 kVA,80,65.22,190.9,0
Transformateur 400 kVA,320,308.38,179.8,1
Disjoncteur Depart HTA,1200,1021.84,202.3,0
Transformateur 630 kVA,500,340.03,224.4,0
Transformateur 400 kVA,320,365.85,209.7,1
Transformateur 630 kVA,500,573.56,180.1,1
Disjoncteur Depart HTA,1200,907.58,170.7,1
Transformateur 400 kVA,320,386.64,201.1,1
Cellule d Arrivee MT,1500,945.97,190.1,1
Cellule d Arrivee MT,1500,878.94,224.6,0
Disjoncteur Depart HTA,1200,1245.84,211.4,0
Transformateur 250 kVA,200,184.51,219.3,0
Disjoncteur Depart HTA,1200,1211.69,192.9,1
Transformateur 250 kVA,200,203.3,179.3,1
Transformateur 400 kVA,320,328.85,180.9,1
Transformateur 250 kVA,200,182.24,215.9,0
Transformateur 400 kVA,320,214.24,195.7,1
Transformateur 400 kVA,320,320.72,184.5,1
Armoire de Distribution Publique,150,109.29,183.2,1
Transformateur 100 kVA,80,75.31,187.2,1
Transformateur 400 kVA,320,250.9,174.0,1
Transformateur 250 kVA,200,199.21,211.2,0
Transformateur 100 kVA,80,70.27,197.6,0
Transformateur 100 kVA,80,72.53,207.1,0
Transformateur 400 kVA,320,354.39,196.7,1
Disjoncteur Depart HTA,1200,806.08,213.0,0
Disjoncteur Depart HTA,1200,1090.75,179.2,1
Cellule d Arrivee MT,1500,1857.23,180.4,1
Transformateur 100 kVA,80,90.66,225.7,0
Transformateur 400 kVA,320,311.91,183.6,1
Armoire de Distribution Publique,150,126.09,219.7,0
Disjoncteur Depart HTA,1200,1043.35,223.4,0
Armoire de Distribution Publique,150,195.63,220.1,1
Transformateur 400 kVA,320,342.63,222.2,0
Transformateur 400 kVA,320,413.86,196.9,1
Transformateur 100 kVA,80,103.87,172.9,1
Armoire de Distribution Publique,150,128.41,193.0,0
Cellule d Arrivee MT,1500,1608.18,177.2,1
Transformateur 100 kVA,80,93.38,202.8,1
Transformateur 630 kVA,500,474.55,193.1,1
Armoire de Distribution Publique,150,180.61,193.5,1
Disjoncteur Depart HTA,1200,1182.71,211.1,0
Disjoncteur Depart HTA,1200,1567.14,187.9,1
Disjoncteur Depart HTA,1200,1024.42,226.3,0
Transformateur 250 kVA,200,126.6,220.3,0
Transformateur 400 kVA,320,374.44,181.5,1
Transformateur 100 kVA,80,87.28,196.3,1
Disjoncteur Depart HTA,1200,1001.93,215.0,0
Transformateur 630 kVA,500,684.47,181.8,1
Disjoncteur Depart HTA,1200,898.83,207.3,0
Cellule d Arrivee MT,1500,1496.72,183.5,1
Transformateur 400 kVA,320,386.25,226.2,0
Armoire de Distribution Publique,150,157.33,199.0,1
Transformateur 400 kVA,320,226.78,176.1,1
Armoire de Distribution Publique,150,174.63,182.5,1
Armoire de Distribution Publique,150,77.86,208.6,0
Transformateur 100 kVA,80,72.42,188.6,1
Transformateur 250 kVA,200,268.6,175.4,1
Armoire de Distribution Publique,150,100.46,192.4,0
Armoire de Distribution Publique,150,98.78,185.6,0
Transformateur 100 kVA,80,51.99,173.0,1
Disjoncteur Depart HTA,1200,948.27,187.3,1
Cellule d Arrivee MT,1500,1064.95,198.6,1
Transformateur 630 kVA,500,639.04,198.6,1
Transformateur 100 kVA,80,87.93,198.5,1
Transformateur 250 kVA,200,135.72,206.0,0
Transformateur 100 kVA,80,50.35,209.4,0
Transformateur 400 kVA,320,182.15,210.9,0
Disjoncteur Depart HTA,1200,1375.59,177.1,1
Disjoncteur Depart HTA,1200,1268.32,197.1,1
Armoire de Distribution Publique,150,116.81,186.3,0
Disjoncteur Depart HTA,1200,1476.83,174.1,1
Disjoncteur Depart HTA,1200,755.48,211.9,0
Disjoncteur Depart HTA,1200,1043.43,176.8,1
Disjoncteur Depart HTA,1200,1010.09,210.9,0
Transformateur 630 kVA,500,384.53,209.1,0
Transformateur 250 kVA,200,175.64,225.1,0
Armoire de Distribution Publique,150,125.15,220.0,0
Disjoncteur Depart HTA,1200,1065.49,175.6,1
Armoire de Distribution Publique,150,118.69,204.8,0
Transformateur 250 kVA,200,144.49,191.6,0
Cellule d Arrivee MT,1500,1772.24,214.9,1
Disjoncteur Depart HTA,1200,893.21,177.1,1
Armoire de Distribution Publique,150,117.94,179.1,1
Transformateur 100 kVA,80,72.06,192.4,0
Armoire de Distribution Publique,150,86.25,210.2,0
Disjoncteur Depart HTA,1200,705.52,198.2,0
Transformateur 400 kVA,320,399.08,216.1,1
Transformateur 630 kVA,500,441.91,210.3,0
Transformateur 100 kVA,80,80.93,179.5,1
Transformateur 100 kVA,80,56.42,178.2,1
Transformateur 400 kVA,320,311.73,222.0,0
Disjoncteur Depart HTA,1200,888.54,184.4,0
Transformateur 630 kVA,500,389.8,192.2,1
Transformateur 100 kVA,80,87.83,186.1,1
Transformateur 630 kVA,500,371.25,185.8,0
Transformateur 100 kVA,80,83.67,188.8,1
Disjoncteur Depart HTA,1200,1100.19,175.3,1
Cellule d Arrivee MT,1500,1170.58,193.2,0
Transformateur 100 kVA,80,58.54,187.8,0
Cellule d Arrivee MT,1500,884.13,214.1,0
Transformateur 100 kVA,80,75.43,201.1,0
Transformateur 250 kVA,200,172.03,212.1,0
Disjoncteur Depart HTA,1200,1179.54,210.8,0
Transformateur 400 kVA,320,325.23,196.3,1
Cellule d Arrivee MT,1500,1644.15,178.7,1
Transformateur 400 kVA,320,309.8,176.7,1
Disjoncteur Depart HTA,1200,1180.35,202.3,0
Armoire de Distribution Publique,150,135.63,218.9,0
Transformateur 400 kVA,320,257.43,193.8,1
Disjoncteur Depart HTA,1200,1098.29,180.7,1
Transformateur 400 kVA,320,358.07,203.0,1
Cellule d Arrivee MT,1500,1492.53,171.6,1
Transformateur 250 kVA,200,164.42,205.4,0
Transformateur 400 kVA,320,326.62,208.1,1
Cellule d Arrivee MT,1500,923.23,213.5,0
Transformateur 100 kVA,80,59.85,216.7,0
Disjoncteur Depart HTA,1200,903.28,174.5,1
Transformateur 630 kVA,500,384.71,222.7,0
Armoire de Distribution Publique,150,199.34,193.0,1
Transformateur 630 kVA,500,487.13,195.6,1
Disjoncteur Depart HTA,1200,1565.98,172.0,1
Transformateur 250 kVA,200,236.38,174.7,1
Transformateur 400 kVA,320,217.88,216.1,0
Transformateur 250 kVA,200,198.16,211.7,0
Transformateur 630 kVA,500,492.86,199.2,1
Armoire de Distribution Publique,150,129.43,195.2,1
Cellule d Arrivee MT,1500,1735.28,223.5,1
Armoire de Distribution Publique,150,122.42,201.4,0
Disjoncteur Depart HTA,1200,844.77,202.1,1
Disjoncteur Depart HTA,1200,1146.6,184.9,1
Transformateur 250 kVA,200,180.3,208.2,0
Cellule d Arrivee MT,1500,1166.12,187.4,0
Transformateur 250 kVA,200,230.66,215.3,0
Transformateur 400 kVA,320,373.62,211.0,1
Transformateur 100 kVA,80,57.49,213.8,0
Cellule d Arrivee MT,1500,979.18,188.2,1
Transformateur 100 kVA,80,54.59,180.9,1
Armoire de Distribution Publique,150,147.49,203.5,1
Transformateur 400 kVA,320,297.16,175.3,1
Transformateur 100 kVA,80,78.45,197.5,0
Transformateur 630 kVA,500,332.92,179.1,1
Armoire de Distribution Publique,150,205.38,174.1,1
Transformateur 100 kVA,80,54.07,211.7,0
Transformateur 400 kVA,320,402.55,194.6,1
Transformateur 100 kVA,80,67.73,200.8,1
Disjoncteur Depart HTA,1200,996.03,209.3,0
Transformateur 250 kVA,200,196.7,181.7,1
Transformateur 630 kVA,500,265.07,211.5,0
Disjoncteur Depart HTA,1200,895.03,212.8,0
Disjoncteur Depart HTA,1200,1311.72,215.3,0
Transformateur 400 kVA,320,429.79,181.2,1
Transformateur 250 kVA,200,122.81,202.9,0
Transformateur 250 kVA,200,158.43,174.8,1
Cellule d Arrivee MT,1500,1081.54,185.5,0
Armoire de Distribution Publique,150,170.44,200.0,1
Transformateur 630 kVA,500,535.32,177.4,1
Armoire de Distribution Publique,150,173.13,192.8,1
Transformateur 400 kVA,320,286.41,193.4,1
Transformateur 630 kVA,500,332.39,222.6,0
Cellule d Arrivee MT,1500,1302.25,195.8,0
Transformateur 100 kVA,80,80.91,188.0,1
Disjoncteur Depart HTA,1200,1188.76,206.2,1
Transformateur 630 kVA,500,423.29,225.3,0
Armoire de Distribution Publique,150,156.97,184.1,1
Disjoncteur Depart HTA,1200,1078.19,217.4,0
Transformateur 400 kVA,320,221.49,212.8,0
Armoire de Distribution Publique,150,189.02,207.9,1
Transformateur 100 kVA,80,62.04,188.3,1
Transformateur 400 kVA,320,345.03,216.8,0
Transformateur 100 kVA,80,65.83,212.9,0
Transformateur 100 kVA,80,90.84,203.5,1
Disjoncteur Depart HTA,1200,1159.0,197.3,1
Transformateur 400 kVA,320,219.57,203.8,0
Transformateur 400 kVA,320,373.02,206.2,1
Transformateur 630 kVA,500,513.56,182.4,1
Armoire de Distribution Publique,150,171.83,210.8,1
Transformateur 400 kVA,320,303.68,175.8,1
Transformateur 630 kVA,500,353.17,215.1,0
Transformateur 250 kVA,200,105.31,225.5,0
Transformateur 250 kVA,200,226.58,186.0,1
Transformateur 250 kVA,200,158.33,207.5,0
Cellule d Arrivee MT,1500,1414.29,194.8,1
Transformateur 400 kVA,320,294.97,226.7,0
Cellule d Arrivee MT,1500,1636.94,182.9,1
Armoire de Distribution Publique,150,163.7,226.9,0
Transformateur 400 kVA,320,303.65,210.3,0
Transformateur 630 kVA,500,484.18,174.5,1
Cellule d Arrivee MT,1500,1189.97,191.1,0
Cellule d Arrivee MT,1500,853.07,192.3,0
Armoire de Distribution Publique,150,184.24,203.1,1
Cellule d Arrivee MT,1500,1037.2,184.2,1
Transformateur 100 kVA,80,63.77,171.8,1
Transformateur 630 kVA,500,426.2,208.0,0
Transformateur 250 kVA,200,181.72,216.7,0
Transformateur 630 kVA,500,528.06,182.8,1
Transformateur 100 kVA,80,58.77,210.7,0
Armoire de Distribution Publique,150,106.51,176.5,0
Armoire de Distribution Publique,150,140.39,225.8,0
Transformateur 400 kVA,320,263.39,174.5,1
Transformateur 630 kVA,500,401.0,176.2,1
Armoire de Distribution Publique,150,150.09,180.1,1
Cellule d Arrivee MT,1500,1174.55,181.9,0
Armoire de Distribution Publique,150,131.99,186.3,0
Armoire de Distribution Publique,150,114.95,201.7,0
Armoire de Distribution Publique,150,143.05,204.1,0
Armoire de Distribution Publique,150,126.05,178.7,1
Transformateur 250 kVA,200,152.06,225.3,0
Transformateur 250 kVA,200,193.62,185.3,1
Transformateur 400 kVA,320,340.19,214.7,0
Armoire de Distribution Publique,150,117.01,203.7,0
Transformateur 630 kVA,500,538.87,221.8,0
Transformateur 100 kVA,80,74.39,200.2,1
Transformateur 400 kVA,320,331.78,221.5,0
Transformateur 630 kVA,500,424.37,195.4,0
Armoire de Distribution Publique,150,124.74,196.5,0
Disjoncteur Depart HTA,1200,1180.61,192.8,1
Armoire de Distribution Publique,150,124.22,186.7,0
Transformateur 250 kVA,200,261.79,194.3,1
Transformateur 100 kVA,80,65.83,187.6,0
Cellule d Arrivee MT,1500,898.58,203.7,0
Transformateur 100 kVA,80,67.78,226.8,0
Cellule d Arrivee MT,1500,1580.38,195.2,1
Transformateur 100 kVA,80,65.53,221.3,0
Transformateur 250 kVA,200,208.7,209.8,1
Cellule d Arrivee MT,1500,1580.69,209.4,1
Transformateur 630 kVA,500,388.22,177.6,0
Cellule d Arrivee MT,1500,1035.57,194.5,0
Transformateur 400 kVA,320,282.82,173.5,1
Transformateur 630 kVA,500,539.2,170.4,1
Transformateur 400 kVA,320,305.29,193.6,1
Armoire de Distribution Publique,150,152.11,187.9,1
Transformateur 100 kVA,80,81.83,190.7,1
Transformateur 630 kVA,500,456.37,219.6,0
Transformateur 100 kVA,80,80.11,200.7,1
Armoire de Distribution Publique,150,97.06,205.6,0
Disjoncteur Depart HTA,1200,1230.43,180.9,1
Transformateur 100 kVA,80,83.3,226.7,0
Armoire de Distribution Publique,150,147.62,216.2,0
Transformateur 100 kVA,80,68.66,181.5,1
Armoire de Distribution Publique,150,154.72,182.6,1
Transformateur 400 kVA,320,385.0,223.7,0
Armoire de Distribution Publique,150,104.73,183.5,0
Cellule d Arrivee MT,1500,1357.2,179.0,1
Disjoncteur Depart HTA,1200,1000.28,187.0,1
Transformateur 100 kVA,80,60.86,185.1,0
Armoire de Distribution Publique,150,105.89,226.8,0
Armoire de Distribution Publique,150,104.9,188.6,1
Transformateur 100 kVA,80,87.43,190.3,1
Disjoncteur Depart HTA,1200,1136.03,174.6,1
Disjoncteur Depart HTA,1200,1321.63,174.5,1
Armoire de Distribution Publique,150,152.11,216.2,1
Transformateur 630 kVA,500,422.13,204.9,0
Transformateur 400 kVA,320,214.34,219.6,0
Disjoncteur Depart HTA,1200,1166.89,175.0,1
Disjoncteur Depart HTA,1200,942.56,203.1,0
Transformateur 250 kVA,200,205.67,191.5,1
Cellule d Arrivee MT,1500,1765.99,206.9,1
Disjoncteur Depart HTA,1200,1210.17,205.4,1
Transformateur 400 kVA,320,365.51,210.2,1
Cellule d Arrivee MT,1500,1414.71,186.4,0
Cellule d Arrivee MT,1500,1456.58,220.0,0
Transformateur 100 kVA,80,95.13,221.6,1
Transformateur 100 kVA,80,67.1,182.8,1
Transformateur 100 kVA,80,73.73,222.9,0
Transformateur 100 kVA,80,73.51,196.7,0
Transformateur 250 kVA,200,211.77,210.0,1
Disjoncteur Depart HTA,1200,960.35,186.8,0
Transformateur 100 kVA,80,82.88,175.6,1
Armoire de Distribution Publique,150,195.35,215.9,1
Transformateur 630 kVA,500,368.5,192.7,1
Transformateur 100 kVA,80,98.61,188.0,1
Disjoncteur Depart HTA,1200,1082.84,218.5,0
Transformateur 100 kVA,80,57.88,214.9,1
Transformateur 250 kVA,200,214.97,176.3,1
Transformateur 400 kVA,320,202.61,222.0,0
Transformateur 400 kVA,320,331.02,173.3,1
Disjoncteur Depart HTA,1200,1130.04,173.5,1
Armoire de Distribution Publique,150,134.34,218.6,1
Transformateur 400 kVA,320,346.63,190.5,1
Transformateur 400 kVA,320,362.88,216.0,0
Transformateur 630 kVA,500,536.68,210.2,0
Disjoncteur Depart HTA,1200,1452.51,182.8,1
Armoire de Distribution Publique,150,88.12,201.4,0
Disjoncteur Depart HTA,1200,1207.96,212.7,0
Transformateur 400 kVA,320,198.57,188.2,0
Transformateur 400 kVA,320,244.2,193.4,0
Transformateur 400 kVA,320,176.92,183.5,0
Cellule d Arrivee MT,1500,743.38,226.7,0
Transformateur 250 kVA,200,128.92,194.2,0
Transformateur 100 kVA,80,64.68,194.8,1
Transformateur 250 kVA,200,254.16,176.7,1
Disjoncteur Depart HTA,1200,557.93,202.3,0
Transformateur 630 kVA,500,442.34,188.3,1
Transformateur 100 kVA,80,62.22,204.6,0
Transformateur 630 kVA,500,436.59,172.7,1
Armoire de Distribution Publique,150,113.89,212.1,0
Cellule d Arrivee MT,1500,1283.83,195.4,0
Disjoncteur Depart HTA,1200,1320.29,184.6,1
Cellule d Arrivee MT,1500,1147.21,216.4,0
Disjoncteur Depart HTA,1200,1305.29,210.1,0
Transformateur 630 kVA,500,299.0,171.5,1
Transformateur 630 kVA,500,562.72,205.2,1
Transformateur 630 kVA,500,555.35,207.1,1
Disjoncteur Depart HTA,1200,804.25,192.0,0
Transformateur 400 kVA,320,365.6,202.8,1
Transformateur 630 kVA,500,414.46,180.8,1
Cellule d Arrivee MT,1500,1620.92,218.8,0
Armoire de Distribution Publique,150,218.2,187.4,1
Transformateur 100 kVA,80,75.31,170.4,1
Disjoncteur Depart HTA,1200,1222.34,181.1,1
Cellule d Arrivee MT,1500,1157.16,177.2,1
Transformateur 250 kVA,200,166.08,184.1,0
Armoire de Distribution Publique,150,128.44,204.5,0
Transformateur 250 kVA,200,156.1,200.5,0
Transformateur 100 kVA,80,100.4,211.9,1
Transformateur 400 kVA,320,412.28,190.9,1
Transformateur 630 kVA,500,352.73,225.4,0
Disjoncteur Depart HTA,1200,1199.41,204.9,1
Cellule d Arrivee MT,1500,1662.9,218.5,0
Transformateur 630 kVA,500,397.66,186.5,1
Cellule d Arrivee MT,1500,1535.85,215.9,0
Disjoncteur Depart HTA,1200,975.36,176.0,1
Transformateur 250 kVA,200,224.81,194.8,1
Transformateur 630 kVA,500,608.9,208.1,1
Transformateur 100 kVA,80,69.04,196.6,1
Transformateur 400 kVA,320,191.45,192.2,1
Transformateur 100 kVA,80,86.46,200.6,1
Transformateur 400 kVA,320,306.05,175.7,1
Armoire de Distribution Publique,150,125.43,170.7,1
Cellule d Arrivee MT,1500,1486.97,172.1,1
Transformateur 630 kVA,500,488.35,180.8,1
Transformateur 630 kVA,500,416.72,214.9,0
Armoire de Distribution Publique,150,129.41,185.7,0
Transformateur 400 kVA,320,276.96,181.0,0
Transformateur 250 kVA,200,189.14,221.3,0
Disjoncteur Depart HTA,1200,1205.78,224.7,0
Transformateur 100 kVA,80,106.11,184.5,0
Armoire de Distribution Publique,150,167.62,210.3,0
Cellule d Arrivee MT,1500,1523.73,191.0,1
Armoire de Distribution Publique,150,95.6,170.2,0
Transformateur 100 kVA,80,57.06,174.8,1
Transformateur 100 kVA,80,75.84,206.6,0
Cellule d Arrivee MT,1500,1477.58,195.9,1
Cellule d Arrivee MT,1500,1593.42,201.8,1
Transformateur 630 kVA,500,422.98,198.9,0
Transformateur 100 kVA,80,92.79,193.5,1
Disjoncteur Depart HTA,1200,876.19,183.1,0
Disjoncteur Depart HTA,1200,787.67,196.5,0
Transformateur 400 kVA,320,241.22,212.6,0
Armoire de Distribution Publique,150,128.29,201.5,0
Cellule d Arrivee MT,1500,1161.47,185.6,0
Transformateur 630 kVA,500,541.54,171.5,1
Disjoncteur Depart HTA,1200,1277.81,192.4,1
Transformateur 250 kVA,200,199.51,182.2,1
Transformateur 630 kVA,500,484.88,196.3,1
Transformateur 630 kVA,500,483.91,224.3,0
Disjoncteur Depart HTA,1200,1146.57,199.5,1
Transformateur 250 kVA,200,144.41,203.9,0
Transformateur 400 kVA,320,282.35,216.6,0
Disjoncteur Depart HTA,1200,1048.66,189.6,1
Transformateur 250 kVA,200,201.47,208.1,1
Transformateur 630 kVA,500,462.29,170.9,1
Transformateur 250 kVA,200,95.45,177.4,0
Transformateur 630 kVA,500,580.83,176.8,1
Armoire de Distribution Publique,150,105.81,211.1,0
Disjoncteur Depart HTA,1200,1135.81,172.2,1
Cellule d Arrivee MT,1500,1483.72,216.5,0
Disjoncteur Depart HTA,1200,1248.95,196.0,1
Armoire de Distribution Publique,150,143.54,196.8,1
Transformateur 100 kVA,80,103.55,199.7,1
Transformateur 100 kVA,80,76.88,194.9,1
Transformateur 100 kVA,80,71.58,224.0,0
Disjoncteur Depart HTA,1200,1132.25,217.4,0
Transformateur 400 kVA,320,195.16,204.2,0
Disjoncteur Depart HTA,1200,1225.26,198.9,1
Armoire de Distribution Publique,150,145.2,225.8,0
Armoire de Distribution Publique,150,168.06,206.6,1
Cellule d Arrivee MT,1500,1611.88,225.5,0
Transformateur 250 kVA,200,94.87,225.9,0
Disjoncteur Depart HTA,1200,901.2,189.4,1
Disjoncteur Depart HTA,1200,924.64,189.3,1
Transformateur 630 kVA,500,434.31,204.4,1
Armoire de Distribution Publique,150,128.31,215.2,0
Transformateur 630 kVA,500,304.94,191.3,1
Transformateur 630 kVA,500,536.9,181.7,1
Disjoncteur Depart HTA,1200,943.65,207.0,1
Transformateur 400 kVA,320,188.74,211.9,0
Transformateur 250 kVA,200,220.35,206.0,1
Transformateur 250 kVA,200,135.44,197.2,0
Armoire de Distribution Publique,150,129.22,203.1,0
Cellule d Arrivee MT,1500,1296.04,192.8,1
Armoire de Distribution Publique,150,162.68,185.7,1
Transformateur 400 kVA,320,225.19,224.1,0
Transformateur 400 kVA,320,317.8,224.0,0
Transformateur 250 kVA,200,130.32,223.2,0
Transformateur 100 kVA,80,94.53,195.9,1
Transformateur 630 kVA,500,495.76,217.3,0
Transformateur 630 kVA,500,424.49,174.1,1
Transformateur 250 kVA,200,242.4,203.5,0
Armoire de Distribution Publique,150,177.02,213.9,1
Transformateur 400 kVA,320,283.61,186.6,1
Armoire de Distribution Publique,150,143.25,184.3,1
Cellule d Arrivee MT,1500,1529.69,176.4,1
Transformateur 100 kVA,80,89.14,170.6,1
Transformateur 250 kVA,200,173.55,197.6,0
Transformateur 630 kVA,500,535.7,171.3,1
Disjoncteur Depart HTA,1200,1219.96,201.7,1
Armoire de Distribution Publique,150,115.57,178.0,1
Transformateur 400 kVA,320,195.92,199.4,0
Disjoncteur Depart HTA,1200,1135.71,207.9,0
Cellule d Arrivee MT,1500,1812.45,188.2,1
Transformateur 250 kVA,200,152.26,211.5,0
Armoire de Distribution Publique,150,122.53,209.0,0
Transformateur 630 kVA,500,542.18,182.8,0
Armoire de Distribution Publique,150,117.59,190.8,1
Transformateur 100 kVA,80,70.22,204.2,0
Disjoncteur Depart HTA,1200,1198.08,193.2,1
Transformateur 100 kVA,80,44.19,226.6,0
Cellule d Arrivee MT,1500,958.08,212.4,0
Transformateur 630 kVA,500,558.64,203.1,1
Disjoncteur Depart HTA,1200,762.29,207.2,0
Cellule d Arrivee MT,1500,1701.08,188.6,1
Transformateur 100 kVA,80,61.99,189.1,0
Transformateur 100 kVA,80,79.71,186.8,1
Disjoncteur Depart HTA,1200,997.06,204.3,0
Transformateur 630 kVA,500,451.94,191.3,0
Transformateur 100 kVA,80,64.95,209.4,0
Transformateur 250 kVA,200,210.02,217.5,1
Cellule d Arrivee MT,1500,1416.3,183.8,1
Disjoncteur Depart HTA,1200,1562.64,216.8,1
Transformateur 400 kVA,320,326.73,170.8,1
Transformateur 400 kVA,320,305.26,192.2,1
Transformateur 630 kVA,500,535.84,181.0,1
Transformateur 250 kVA,200,245.74,177.7,1
Transformateur 100 kVA,80,49.59,191.5,0
Transformateur 400 kVA,320,260.1,183.9,1
Transformateur 630 kVA,500,627.68,223.8,1
Cellule d Arrivee MT,1500,1686.26,219.1,0
Transformateur 250 kVA,200,143.59,183.7,1
Transformateur 250 kVA,200,243.91,219.0,0
Armoire de Distribution Publique,150,172.02,226.1,0
Transformateur 630 kVA,500,421.28,174.9,1
Transformateur 630 kVA,500,539.36,188.2,1
Armoire de Distribution Publique,150,135.5,209.6,0
Transformateur 100 kVA,80,91.62,212.9,0
Transformateur 630 kVA,500,573.15,209.0,1
Armoire de Distribution Publique,150,132.03,206.5,0
Transformateur 100 kVA,80,85.84,191.7,1
Transformateur 100 kVA,80,66.0,177.9,1
Disjoncteur Depart HTA,1200,1027.52,195.8,1
Transformateur 250 kVA,200,186.09,170.4,1
Cellule d Arrivee MT,1500,1270.53,221.5,0
Transformateur 250 kVA,200,151.1,188.1,0
Transformateur 250 kVA,200,247.8,213.5,0
Disjoncteur Depart HTA,1200,939.36,180.3,1
Transformateur 100 kVA,80,67.3,202.6,0
Transformateur 100 kVA,80,79.49,213.7,0
Transformateur 630 kVA,500,525.08,209.4,1
Disjoncteur Depart HTA,1200,1142.61,213.7,0
Transformateur 630 kVA,500,384.69,225.2,0
Disjoncteur Depart HTA,1200,945.26,225.7,0
Transformateur 630 kVA,500,473.61,176.3,1
Transformateur 400 kVA,320,323.9,200.1,1
Armoire de Distribution Publique,150,121.3,193.3,1
Transformateur 250 kVA,200,168.71,226.5,0
Transformateur 250 kVA,200,174.28,180.8,1
Cellule d Arrivee MT,1500,1503.52,218.0,0
Armoire de Distribution Publique,150,152.25,216.6,0
Transformateur 100 kVA,80,84.57,193.5,1
Cellule d Arrivee MT,1500,1670.37,199.5,1
Transformateur 400 kVA,320,358.04,206.2,1
Cellule d Arrivee MT,1500,729.79,174.5,0
Transformateur 250 kVA,200,121.58,215.9,0
Transformateur 100 kVA,80,67.2,224.8,0
Transformateur 400 kVA,320,382.03,190.7,1
Transformateur 250 kVA,200,270.73,217.0,1
Armoire de Distribution Publique,150,185.4,203.9,1
Transformateur 630 kVA,500,471.79,203.3,0
Disjoncteur Depart HTA,1200,989.9,193.0,0
Transformateur 400 kVA,320,259.71,201.9,0
Transformateur 100 kVA,80,82.33,212.5,1
Cellule d Arrivee MT,1500,1286.77,213.4,0
Armoire de Distribution Publique,150,142.96,175.1,1
Cellule d Arrivee MT,1500,1259.0,172.0,1
Transformateur 400 kVA,320,316.77,195.2,1
Armoire de Distribution Publique,150,179.85,182.1,1
Transformateur 100 kVA,80,61.64,204.0,0
Transformateur 400 kVA,320,323.34,193.0,1
Transformateur 100 kVA,80,67.79,190.2,0
Cellule d Arrivee MT,1500,1155.91,196.4,0
Transformateur 250 kVA,200,239.35,202.4,0
Armoire de Distribution Publique,150,151.49,217.5,0
Transformateur 630 kVA,500,467.47,187.0,1
Transformateur 250 kVA,200,208.49,180.3,1
Transformateur 630 kVA,500,439.98,195.2,1
Cellule d Arrivee MT,1500,1661.61,194.8,1
Armoire de Distribution Publique,150,117.16,217.4,0
Transformateur 250 kVA,200,169.3,222.8,0
Transformateur 250 kVA,200,169.11,196.9,1
Transformateur 400 kVA,320,221.66,211.7,0
Disjoncteur Depart HTA,1200,1151.27,186.1,1
Cellule d Arrivee MT,1500,1691.67,188.7,1
Transformateur 100 kVA,80,68.01,189.4,1
Cellule d Arrivee MT,1500,1663.97,170.7,1
Transformateur 100 kVA,80,63.77,188.1,0
Armoire de Distribution Publique,150,183.07,207.2,0
Transformateur 100 kVA,80,37.76,182.2,0
Transformateur 630 kVA,500,490.25,225.0,0
Transformateur 100 kVA,80,85.15,210.8,1
Transformateur 100 kVA,80,80.43,185.0,1
Transformateur 400 kVA,320,296.57,197.4,1
Transformateur 250 kVA,200,227.02,207.0,0
Cellule d Arrivee MT,1500,1302.91,208.4,1
Cellule d Arrivee MT,1500,1121.04,215.2,0
Armoire de Distribution Publique,150,184.78,200.4,1
Armoire de Distribution Publique,150,161.88,210.3,1
Transformateur 100 kVA,80,72.46,200.8,0
Disjoncteur Depart HTA,1200,1491.01,218.0,1
Cellule d Arrivee MT,1500,1740.63,213.3,0
Armoire de Distribution Publique,150,134.86,185.2,1
Transformateur 100 kVA,80,73.39,207.3,0
Armoire de Distribution Publique,150,129.8,207.0,0
Transformateur 630 kVA,500,388.57,206.8,0
Transformateur 630 kVA,500,308.0,182.1,0
Armoire de Distribution Publique,150,181.12,193.2,0
Transformateur 630 kVA,500,545.3,195.1,0
Armoire de Distribution Publique,150,163.48,208.4,1
Transformateur 100 kVA,80,54.13,184.1,1
Transformateur 400 kVA,320,300.69,206.5,1
Disjoncteur Depart HTA,1200,1506.27,211.2,1
Transformateur 100 kVA,80,98.97,204.7,0
Transformateur 400 kVA,320,313.27,216.7,1
Transformateur 400 kVA,320,221.93,199.1,1
Cellule d Arrivee MT,1500,1341.84,226.5,0
Transformateur 100 kVA,80,71.96,217.1,0
Transformateur 100 kVA,80,61.99,211.3,0
Armoire de Distribution Publique,150,180.56,185.9,1
Transformateur 400 kVA,320,321.34,194.5,1
Transformateur 400 kVA,320,309.93,184.6,1
Transformateur 400 kVA,320,341.72,178.3,1
Armoire de Distribution Publique,150,122.49,216.7,0
Cellule d Arrivee MT,1500,1362.44,179.4,1
Transformateur 100 kVA,80,93.07,172.1,1
Transformateur 400 kVA,320,214.53,195.0,0
Transformateur 630 kVA,500,593.88,175.1,1
Transformateur 100 kVA,80,71.65,207.9,1
Armoire de Distribution Publique,150,155.12,193.6,1
Cellule d Arrivee MT,1500,875.02,172.4,1
Transformateur 630 kVA,500,308.99,221.9,0
Armoire de Distribution Publique,150,154.66,209.6,0
Transformateur 250 kVA,200,220.33,178.4,1
Transformateur 100 kVA,80,59.18,171.7,1
Transformateur 250 kVA,200,222.29,170.3,1
Armoire de Distribution Publique,150,153.84,217.1,0
Armoire de Distribution Publique,150,162.85,193.8,1
Armoire de Distribution Publique,150,144.51,202.9,0
Transformateur 400 kVA,320,210.63,220.2,0
Cellule d Arrivee MT,1500,1253.13,205.5,0
Transformateur 400 kVA,320,254.6,172.6,1
Cellule d Arrivee MT,1500,940.56,189.5,0
Disjoncteur Depart HTA,1200,1302.31,197.9,1
Transformateur 400 kVA,320,371.9,218.4,0
Transformateur 250 kVA,200,149.92,218.2,0
Cellule d Arrivee MT,1500,1026.69,206.4,0
Transformateur 400 kVA,320,364.92,216.5,1
Transformateur 100 kVA,80,84.68,182.0,1
Armoire de Distribution Publique,150,129.46,208.7,0
Cellule d Arrivee MT,1500,1604.64,182.2,1
Cellule d Arrivee MT,1500,1765.18,184.3,1
Transformateur 400 kVA,320,165.31,184.8,1
Disjoncteur Depart HTA,1200,1224.62,176.5,1
Transformateur 400 kVA,320,266.5,175.0,0
Transformateur 250 kVA,200,153.93,192.8,0
Transformateur 250 kVA,200,182.61,218.3,0
Cellule d Arrivee MT,1500,913.05,226.4,0
Cellule d Arrivee MT,1500,1159.38,224.0,0
Transformateur 400 kVA,320,235.99,173.7,1
Transformateur 250 kVA,200,249.92,187.2,1
Transformateur 250 kVA,200,115.97,197.8,0
Disjoncteur Depart HTA,1200,1102.22,220.7,0
Transformateur 100 kVA,80,92.17,201.3,1
Disjoncteur Depart HTA,1200,1292.97,199.8,1
Transformateur 630 kVA,500,651.38,183.7,1
Armoire de Distribution Publique,150,156.12,218.2,0
Disjoncteur Depart HTA,1200,1011.52,171.9,1
Transformateur 400 kVA,320,345.04,170.1,1
Transformateur 100 kVA,80,61.85,187.4,0
Transformateur 400 kVA,320,274.0,193.9,0
Armoire de Distribution Publique,150,129.95,172.3,1
Transformateur 630 kVA,500,470.21,217.6,0
Transformateur 100 kVA,80,65.79,182.7,1
Cellule d Arrivee MT,1500,1010.96,187.4,0
Transformateur 250 kVA,200,163.54,197.4,0
Disjoncteur Depart HTA,1200,1469.03,196.6,1
Transformateur 400 kVA,320,245.6,175.4,1
Transformateur 630 kVA,500,410.04,201.5,0
Transformateur 250 kVA,200,212.99,195.1,1
Disjoncteur Depart HTA,1200,1370.95,226.1,0
Transformateur 250 kVA,200,173.66,204.2,1
Disjoncteur Depart HTA,1200,1072.85,214.7,0
Cellule d Arrivee MT,1500,1345.91,170.5,1
Transformateur 100 kVA,80,77.78,187.2,1
Transformateur 250 kVA,200,178.6,190.9,1
Transformateur 250 kVA,200,253.98,208.8,1
Transformateur 250 kVA,200,210.76,192.0,0
Transformateur 100 kVA,80,49.5,189.9,0
Transformateur 630 kVA,500,449.44,186.6,0
Disjoncteur Depart HTA,1200,1395.82,225.0,0
Cellule d Arrivee MT,1500,1304.04,178.7,0
Transformateur 250 kVA,200,247.86,172.1,1
Armoire de Distribution Publique,150,156.74,176.7,1
Transformateur 100 kVA,80,76.69,191.3,1
Transformateur 630 kVA,500,474.3,214.5,0
Disjoncteur Depart HTA,1200,1046.11,198.7,1
Transformateur 100 kVA,80,67.12,223.0,0
Cellule d Arrivee MT,1500,1663.64,206.7,1
Cellule d Arrivee MT,1500,1255.69,223.6,0
Disjoncteur Depart HTA,1200,1253.64,213.2,0
Transformateur 250 kVA,200,237.11,179.0,1
Cellule d Arrivee MT,1500,851.53,223.7,0
Transformateur 630 kVA,500,367.81,214.2,0
Transformateur 100 kVA,80,79.21,225.6,0
Transformateur 630 kVA,500,496.94,198.3,1
Transformateur 250 kVA,200,178.27,208.5,0
Transformateur 630 kVA,500,405.58,177.7,1
Transformateur 630 kVA,500,453.77,201.6,0
Transformateur 400 kVA,320,419.28,180.7,1
Transformateur 630 kVA,500,538.84,217.6,0
Disjoncteur Depart HTA,1200,860.13,206.9,0
Transformateur 100 kVA,80,72.56,218.4,0
Transformateur 400 kVA,320,236.7,206.3,0
Transformateur 100 kVA,80,82.54,211.1,1
Transformateur 100 kVA,80,80.84,225.8,0
Transformateur 250 kVA,200,214.5,222.8,0
Transformateur 250 kVA,200,141.71,206.2,0
Transformateur 400 kVA,320,278.15,175.2,1
Cellule d Arrivee MT,1500,1273.31,221.7,0
Armoire de Distribution Publique,150,150.58,199.2,1
Transformateur 250 kVA,200,146.94,192.6,1
Armoire de Distribution Publique,150,97.63,214.7,0
Transformateur 250 kVA,200,213.08,187.5,1
Transformateur 250 kVA,200,226.39,211.1,1
Transformateur 100 kVA,80,82.65,177.3,1
Transformateur 400 kVA,320,271.5,212.9,0
Transformateur 100 kVA,80,48.72,182.2,0
Disjoncteur Depart HTA,1200,806.53,178.4,1
Transformateur 100 kVA,80,102.0,215.7,0
Armoire de Distribution Publique,150,106.15,198.0,0
Armoire de Distribution Publique,150,113.58,184.3,0
Disjoncteur Depart HTA,1200,1180.62,224.8,0
Transformateur 630 kVA,500,502.4,207.1,1
Transformateur 630 kVA,500,466.8,183.0,1
Disjoncteur Depart HTA,1200,1153.91,190.0,1
Disjoncteur Depart HTA,1200,1132.47,203.3,0
Transformateur 100 kVA,80,84.92,204.8,0
Disjoncteur Depart HTA,1200,1524.39,195.3,1
Transformateur 400 kVA,320,353.19,213.8,1
Transformateur 630 kVA,500,425.07,192.2,0
Transformateur 630 kVA,500,370.95,173.6,1
Cellule d Arrivee MT,1500,1414.5,189.4,0
Disjoncteur Depart HTA,1200,1180.03,206.0,0
Transformateur 250 kVA,200,195.62,226.7,0
Transformateur 250 kVA,200,122.8,213.1,0
Disjoncteur Depart HTA,1200,808.35,200.2,0
Transformateur 400 kVA,320,386.46,221.3,1
Transformateur 250 kVA,200,140.9,202.2,0
Cellule d Arrivee MT,1500,1110.33,204.1,0
Armoire de Distribution Publique,150,158.42,170.5,1
Disjoncteur Depart HTA,1200,1275.64,187.3,1
Transformateur 400 kVA,320,375.57,223.9,0
Transformateur 400 kVA,320,236.61,221.2,0
Transformateur 100 kVA,80,93.86,176.8,1
Transformateur 400 kVA,320,212.25,175.3,1
Transformateur 250 kVA,200,167.35,192.5,1
Armoire de Distribution Publique,150,189.62,217.5,1
Transformateur 250 kVA,200,232.76,209.2,0
Disjoncteur Depart HTA,1200,1086.09,208.2,0
Armoire de Distribution Publique,150,139.68,184.3,1
Disjoncteur Depart HTA,1200,1023.14,176.1,1
Transformateur 400 kVA,320,294.31,204.6,0
Cellule d Arrivee MT,1500,1263.78,173.6,1
Transformateur 630 kVA,500,465.14,189.5,1
Armoire de Distribution Publique,150,146.71,170.2,1
Transformateur 100 kVA,80,98.31,176.4,1
Transformateur 630 kVA,500,388.16,212.1,0
Transformateur 400 kVA,320,335.24,206.6,1
Transformateur 400 kVA,320,247.08,217.0,0
Transformateur 630 kVA,500,548.21,188.8,1
Transformateur 100 kVA,80,90.48,180.9,1
Armoire de Distribution Publique,150,134.62,208.0,1
Armoire de Distribution Publique,150,102.84,174.9,1
Transformateur 630 kVA,500,379.29,222.4,0
Disjoncteur Depart HTA,1200,649.15,206.8,0
Transformateur 250 kVA,200,211.56,184.6,1
Cellule d Arrivee MT,1500,1428.73,201.7,1
Disjoncteur Depart HTA,1200,1086.05,174.7,1
Armoire de Distribution Publique,150,110.82,220.4,0
Transformateur 250 kVA,200,182.5,222.0,0
Cellule d Arrivee MT,1500,1091.3,207.5,0
Cellule d Arrivee MT,1500,1440.45,226.9,0
Cellule d Arrivee MT,1500,1028.57,176.4,1
Transformateur 400 kVA,320,432.49,217.9,1
Cellule d Arrivee MT,1500,1185.93,173.5,1
Transformateur 100 kVA,80,78.88,180.2,1
Transformateur 630 kVA,500,467.41,180.4,1
Armoire de Distribution Publique,150,173.06,206.9,0
Transformateur 100 kVA,80,84.23,209.7,1
Transformateur 630 kVA,500,359.03,185.4,0
Disjoncteur Depart HTA,1200,1075.92,219.7,0
Disjoncteur Depart HTA,1200,1128.63,202.7,1
Transformateur 630 kVA,500,526.01,176.7,1
Transformateur 100 kVA,80,73.1,186.7,0
Transformateur 630 kVA,500,613.72,209.1,1
Cellule d Arrivee MT,1500,1320.42,186.4,1
Transformateur 400 kVA,320,355.71,199.1,0
Armoire de Distribution Publique,150,130.18,213.2,0
Disjoncteur Depart HTA,1200,939.71,224.4,0
Armoire de Distribution Publique,150,157.62,215.7,1
Transformateur 400 kVA,320,214.79,216.6,0
Cellule d Arrivee MT,1500,1987.22,216.9,0
Cellule d Arrivee MT,1500,1572.61,192.8,1
Disjoncteur Depart HTA,1200,1332.83,188.7,1
Disjoncteur Depart HTA,1200,1512.01,226.5,1
Cellule d Arrivee MT,1500,1739.37,224.4,1
Transformateur 250 kVA,200,229.78,218.4,0
Armoire de Distribution Publique,150,118.91,171.3,1
Transformateur 400 kVA,320,223.5,175.2,1
Armoire de Distribution Publique,150,95.89,206.9,0
Transformateur 400 kVA,320,409.08,191.8,1
Transformateur 250 kVA,200,226.91,204.8,1
Transformateur 100 kVA,80,52.52,216.4,0
Transformateur 400 kVA,320,312.86,217.5,1
Armoire de Distribution Publique,150,149.94,190.0,1
Transformateur 630 kVA,500,406.85,220.5,0
Cellule d Arrivee MT,1500,1316.14,198.5,1
Cellule d Arrivee MT,1500,1615.53,226.3,0
Transformateur 250 kVA,200,221.96,200.7,1
Transformateur 400 kVA,320,239.66,224.1,0
Transformateur 100 kVA,80,80.53,225.0,0
Transformateur 400 kVA,320,249.46,187.5,0
Cellule d Arrivee MT,1500,1932.52,225.5,0
Disjoncteur Depart HTA,1200,966.64,214.2,0
Transformateur 630 kVA,500,466.47,170.2,1
Transformateur 250 kVA,200,205.56,199.9,1
Disjoncteur Depart HTA,1200,1019.26,180.0,1
Armoire de Distribution Publique,150,88.3,219.1,0
Transformateur 100 kVA,80,69.76,202.6,1
Disjoncteur Depart HTA,1200,1187.46,196.0,1
Armoire de Distribution Publique,150,150.39,174.6,1
Disjoncteur Depart HTA,1200,1393.01,191.5,1
Transformateur 100 kVA,80,63.25,226.6,0
Disjoncteur Depart HTA,1200,900.61,177.5,1
Transformateur 250 kVA,200,148.41,199.3,0
Cellule d Arrivee MT,1500,1241.35,176.8,1
Transformateur 400 kVA,320,293.5,202.9,1
Disjoncteur Depart HTA,1200,1241.37,211.8,1
Transformateur 250 kVA,200,186.71,175.3,1
Transformateur 400 kVA,320,247.98,186.6,0
Armoire de Distribution Publique,150,105.78,205.6,0
Transformateur 400 kVA,320,377.74,203.0,1
Armoire de Distribution Publique,150,137.91,188.6,1
Disjoncteur Depart HTA,1200,1149.47,184.0,1
Transformateur 250 kVA,200,167.79,185.7,0
Cellule d Arrivee MT,1500,1425.01,187.3,1
Disjoncteur Depart HTA,1200,1038.75,214.3,0
Armoire de Distribution Publique,150,122.3,219.3,0
Transformateur 100 kVA,80,76.42,173.3,1
Transformateur 400 kVA,320,214.54,199.3,0
Disjoncteur Depart HTA,1200,1160.7,185.0,1
Armoire de Distribution Publique,150,112.77,179.7,1
Transformateur 400 kVA,320,255.95,188.9,1
Armoire de Distribution Publique,150,141.07,224.4,0
Transformateur 250 kVA,200,128.9,194.7,0
Transformateur 630 kVA,500,674.63,205.1,0
Disjoncteur Depart HTA,1200,771.17,196.0,0
Cellule d Arrivee MT,1500,1562.29,213.5,0
Disjoncteur Depart HTA,1200,1098.36,186.0,0
Transformateur 400 kVA,320,224.18,190.8,1
Transformateur 250 kVA,200,190.18,227.0,0
Armoire de Distribution Publique,150,150.16,173.5,1
Transformateur 100 kVA,80,85.13,200.1,1
Cellule d Arrivee MT,1500,2011.44,209.9,1
Transformateur 250 kVA,200,232.04,193.0,1
Disjoncteur Depart HTA,1200,933.67,223.1,0
Transformateur 100 kVA,80,43.24,191.7,0
Transformateur 250 kVA,200,160.75,187.3,1
Transformateur 630 kVA,500,640.98,183.6,1
Cellule d Arrivee MT,1500,927.23,218.7,0
Transformateur 400 kVA,320,376.96,219.0,1
Transformateur 250 kVA,200,159.08,196.5,0
Transformateur 250 kVA,200,177.23,189.6,0
Transformateur 630 kVA,500,428.66,181.6,1
Disjoncteur Depart HTA,1200,1385.0,215.6,1
Armoire de Distribution Publique,150,119.6,199.3,1
Armoire de Distribution Publique,150,157.98,214.5,0
Cellule d Arrivee MT,1500,1737.32,197.7,1
Cellule d Arrivee MT,1500,1240.96,181.9,1
Transformateur 400 kVA,320,285.98,188.5,1
Transformateur 250 kVA,200,253.9,186.8,1
Transformateur 100 kVA,80,65.94,203.4,0
Transformateur 250 kVA,200,188.53,181.0,0
Armoire de Distribution Publique,150,157.72,219.8,0
Transformateur 400 kVA,320,248.36,204.4,0
Transformateur 250 kVA,200,121.65,203.8,0
Transformateur 630 kVA,500,627.59,183.3,1
Armoire de Distribution Publique,150,186.91,197.3,1
Transformateur 250 kVA,200,163.62,182.5,1
Transformateur 250 kVA,200,122.91,221.9,0
Armoire de Distribution Publique,150,128.39,179.7,1
Transformateur 100 kVA,80,61.83,205.5,0
Armoire de Distribution Publique,150,123.74,174.4,1
Transformateur 630 kVA,500,346.88,177.6,1
Transformateur 630 kVA,500,542.11,207.2,1
Transformateur 250 kVA,200,156.19,209.1,0
Cellule d Arrivee MT,1500,1340.91,225.6,0
Transformateur 100 kVA,80,84.7,220.4,1
Transformateur 250 kVA,200,165.87,197.9,0
Armoire de Distribution Publique,150,117.66,183.6,1
Transformateur 250 kVA,200,194.45,178.3,1
Transformateur 400 kVA,320,266.33,197.8,0
Transformateur 400 kVA,320,275.15,178.4,1
Cellule d Arrivee MT,1500,1505.85,212.9,0
Transformateur 100 kVA,80,78.2,211.1,1
Disjoncteur Depart HTA,1200,1263.5,194.4,1
Transformateur 400 kVA,320,347.23,196.5,1
Disjoncteur Depart HTA,1200,1021.46,195.2,1
Transformateur 630 kVA,500,452.53,225.8,0
Transformateur 400 kVA,320,398.28,216.3,1
Transformateur 400 kVA,320,290.33,183.5,1
Transformateur 100 kVA,80,46.21,200.7,0
Cellule d Arrivee MT,1500,1167.21,175.1,1
Disjoncteur Depart HTA,1200,1228.98,173.8,1
Armoire de Distribution Publique,150,95.46,224.3,0
Transformateur 400 kVA,320,177.01,201.8,0
Transformateur 400 kVA,320,410.2,199.7,1
Transformateur 100 kVA,80,68.95,212.6,0
Transformateur 100 kVA,80,66.91,183.5,1
Cellule d Arrivee MT,1500,1398.27,195.6,0
Disjoncteur Depart HTA,1200,1465.6,199.1,1
Transformateur 630 kVA,500,507.46,198.7,0
Armoire de Distribution Publique,150,140.14,198.8,0
Cellule d Arrivee MT,1500,1526.39,225.4,0
Transformateur 630 kVA,500,337.7,215.3,0
Transformateur 250 kVA,200,237.93,186.9,1
Transformateur 400 kVA,320,408.63,194.5,1
Disjoncteur Depart HTA,1200,1398.55,209.1,1
Cellule d Arrivee MT,1500,1447.61,212.1,0
Transformateur 400 kVA,320,282.41,187.0,1
Disjoncteur Depart HTA,1200,1274.66,213.6,0
Disjoncteur Depart HTA,1200,1499.42,204.5,1
Disjoncteur Depart HTA,1200,1210.43,220.0,0
Transformateur 400 kVA,320,353.2,179.7,1
Cellule d Arrivee MT,1500,1631.59,189.0,1
Armoire de Distribution Publique,150,140.64,219.1,0
Transformateur 100 kVA,80,111.83,191.2,1
Transformateur 400 kVA,320,342.81,213.9,1
Disjoncteur Depart HTA,1200,1183.15,222.2,0
Cellule d Arrivee MT,1500,1459.41,193.9,1
Armoire de Distribution Publique,150,189.44,182.1,1
Transformateur 250 kVA,200,243.25,205.3,1
Transformateur 630 kVA,500,560.06,177.6,1
Disjoncteur Depart HTA,1200,1304.87,217.0,0
Transformateur 250 kVA,200,202.99,193.3,1
Transformateur 100 kVA,80,71.48,194.1,0
Armoire de Distribution Publique,150,122.5,207.0,0
Armoire de Distribution Publique,150,151.64,222.9,1
Disjoncteur Depart HTA,1200,1011.24,212.6,0
Armoire de Distribution Publique,150,166.81,220.0,0
Transformateur 250 kVA,200,153.15,203.7,1
Disjoncteur Depart HTA,1200,1033.61,224.8,0
Transformateur 400 kVA,320,275.1,221.9,0
Cellule d Arrivee MT,1500,1578.09,189.9,1
Transformateur 250 kVA,200,146.87,179.2,0
Cellule d Arrivee MT,1500,1712.69,205.0,1
Transformateur 400 kVA,320,296.13,195.6,0
Transformateur 400 kVA,320,290.07,188.0,0
Cellule d Arrivee MT,1500,1807.74,175.5,1
Transformateur 250 kVA,200,218.7,188.6,0
Cellule d Arrivee MT,1500,902.8,199.2,0
Cellule d Arrivee MT,1500,1441.76,176.9,1
Transformateur 630 kVA,500,512.43,223.9,0
Transformateur 250 kVA,200,142.8,197.1,0
Transformateur 630 kVA,500,426.08,197.8,0
Disjoncteur Depart HTA,1200,1171.84,205.0,1
Armoire de Distribution Publique,150,190.94,171.7,1
Cellule d Arrivee MT,1500,1384.96,223.9,0
Disjoncteur Depart HTA,1200,1214.66,195.4,1
Transformateur 250 kVA,200,231.12,198.5,1
Cellule d Arrivee MT,1500,1323.34,177.4,1
Armoire de Distribution Publique,150,149.67,192.7,1
Disjoncteur Depart HTA,1200,722.16,226.7,0
Transformateur 100 kVA,80,101.98,199.4,1
Transformateur 400 kVA,320,268.03,220.1,0
Cellule d Arrivee MT,1500,1638.45,202.6,1
Armoire de Distribution Publique,150,97.74,186.6,0
Transformateur 400 kVA,320,320.28,197.0,1
Transformateur 630 kVA,500,577.94,205.2,1
Disjoncteur Depart HTA,1200,1373.55,205.6,1
Transformateur 630 kVA,500,476.3,225.3,0
Armoire de Distribution Publique,150,204.82,171.8,1
Cellule d Arrivee MT,1500,1298.27,210.4,0
Transformateur 400 kVA,320,374.14,207.3,1
Transformateur 400 kVA,320,383.48,193.3,1
Disjoncteur Depart HTA,1200,867.64,206.2,0
Cellule d Arrivee MT,1500,722.33,173.2,0
Transformateur 100 kVA,80,51.49,226.5,0
Transformateur 100 kVA,80,85.71,195.9,1
Disjoncteur Depart HTA,1200,1296.21,181.2,1
Cellule d Arrivee MT,1500,1719.17,175.2,1
Disjoncteur Depart HTA,1200,951.87,198.0,0
Cellule d Arrivee MT,1500,1371.42,178.2,1
Armoire de Distribution Publique,150,128.36,223.8,0
Armoire de Distribution Publique,150,131.84,179.2,1
Transformateur 630 kVA,500,410.33,181.4,1
Disjoncteur Depart HTA,1200,754.37,186.1,0
Cellule d Arrivee MT,1500,1341.46,192.3,0
Transformateur 100 kVA,80,104.02,173.5,1
Cellule d Arrivee MT,1500,1294.73,198.1,0
Armoire de Distribution Publique,150,175.34,175.7,1
Cellule d Arrivee MT,1500,1162.65,182.9,1
Disjoncteur Depart HTA,1200,626.37,184.2,0
Transformateur 630 kVA,500,259.04,171.7,0
Transformateur 630 kVA,500,288.26,214.0,0
Transformateur 630 kVA,500,586.77,180.1,1
Transformateur 630 kVA,500,323.91,195.1,0
Armoire de Distribution Publique,150,156.54,188.9,1
Transformateur 250 kVA,200,196.99,200.1,1
Disjoncteur Depart HTA,1200,1188.24,203.2,0
Transformateur 400 kVA,320,286.78,199.3,0
Disjoncteur Depart HTA,1200,1378.3,175.4,1
Transformateur 250 kVA,200,205.01,202.1,0
Transformateur 630 kVA,500,445.33,211.4,0
Transformateur 250 kVA,200,162.56,202.1,0
Transformateur 100 kVA,80,67.11,195.5,1
Transformateur 100 kVA,80,113.25,185.0,1
Armoire de Distribution Publique,150,157.15,217.9,0
Disjoncteur Depart HTA,1200,1032.62,171.5,1
Disjoncteur Depart HTA,1200,1284.23,180.1,1
Transformateur 400 kVA,320,269.42,177.2,1
Armoire de Distribution Publique,150,170.5,226.6,0
Transformateur 400 kVA,320,354.76,171.7,1
Transformateur 100 kVA,80,74.68,188.2,1
Transformateur 630 kVA,500,419.61,208.6,0
Transformateur 250 kVA,200,219.51,219.9,0
Transformateur 400 kVA,320,202.13,204.0,0
Cellule d Arrivee MT,1500,1514.34,192.1,1
Transformateur 400 kVA,320,286.78,171.9,1
Transformateur 630 kVA,500,323.02,170.2,0
Transformateur 630 kVA,500,441.23,194.9,0
Disjoncteur Depart HTA,1200,654.74,180.4,0
Transformateur 250 kVA,200,135.86,178.3,1
Transformateur 630 kVA,500,531.14,172.6,1
Armoire de Distribution Publique,150,143.81,218.5,0
Transformateur 400 kVA,320,403.23,193.1,1
Transformateur 400 kVA,320,258.45,193.9,1
Transformateur 100 kVA,80,46.27,179.6,0
Transformateur 630 kVA,500,494.66,218.7,0
Cellule d Arrivee MT,1500,1200.69,184.7,1
Disjoncteur Depart HTA,1200,1347.61,212.7,0
Transformateur 250 kVA,200,99.19,191.6,0
Cellule d Arrivee MT,1500,1679.45,198.3,1
Disjoncteur Depart HTA,1200,1235.77,175.6,1
Transformateur 400 kVA,320,377.92,189.4,1
Cellule d Arrivee MT,1500,997.4,208.3,0
Disjoncteur Depart HTA,1200,1261.69,202.3,0
Transformateur 400 kVA,320,267.91,207.6,0
Transformateur 400 kVA,320,330.55,192.3,1
Transformateur 400 kVA,320,264.24,224.1,0
Transformateur 400 kVA,320,238.35,180.9,1
Armoire de Distribution Publique,150,155.23,204.0,1
Transformateur 400 kVA,320,252.06,184.6,1
Transformateur 100 kVA,80,78.61,181.9,1
Cellule d Arrivee MT,1500,810.35,215.8,0
Disjoncteur Depart HTA,1200,644.25,188.9,0
Transformateur 100 kVA,80,63.05,201.8,1
Armoire de Distribution Publique,150,201.34,193.4,1
Transformateur 100 kVA,80,85.82,226.9,0
Transformateur 630 kVA,500,507.1,188.7,1
Transformateur 630 kVA,500,699.34,174.2,1
Transformateur 630 kVA,500,452.77,216.0,0
Transformateur 250 kVA,200,174.27,186.8,1
Transformateur 630 kVA,500,613.3,225.4,0
Disjoncteur Depart HTA,1200,1322.15,225.6,0
Transformateur 100 kVA,80,65.82,184.4,0
Disjoncteur Depart HTA,1200,910.71,178.9,1
Cellule d Arrivee MT,1500,1282.16,226.5,0
Transformateur 630 kVA,500,554.43,214.3,1
Armoire de Distribution Publique,150,145.64,186.1,1
Transformateur 250 kVA,200,261.19,190.8,1
Cellule d Arrivee MT,1500,1444.2,202.0,0
Armoire de Distribution Publique,150,127.72,219.0,1
Transformateur 250 kVA,200,198.99,187.2,1
Cellule d Arrivee MT,1500,1193.29,201.2,0
Transformateur 100 kVA,80,56.57,226.0,0
Disjoncteur Depart HTA,1200,1049.87,199.2,0
Transformateur 400 kVA,320,318.5,226.3,0
Disjoncteur Depart HTA,1200,1196.64,171.8,1
Transformateur 630 kVA,500,545.68,197.1,1
Armoire de Distribution Publique,150,152.87,224.2,0
Transformateur 400 kVA,320,244.45,187.5,1
Transformateur 250 kVA,200,231.63,187.6,1
Transformateur 100 kVA,80,48.21,207.5,0
Transformateur 100 kVA,80,81.85,178.2,1
Transformateur 250 kVA,200,118.87,184.9,0
Transformateur 630 kVA,500,458.95,205.2,1
Transformateur 250 kVA,200,178.11,194.1,1
Cellule d Arrivee MT,1500,742.64,189.5,0
Armoire de Distribution Publique,150,164.8,221.1,0
Armoire de Distribution Publique,150,143.16,215.0,0
Transformateur 630 kVA,500,425.48,218.1,0
Transformateur 400 kVA,320,241.05,193.8,0
Transformateur 250 kVA,200,151.55,210.9,0
Transformateur 630 kVA,500,436.56,206.8,0
Armoire de Distribution Publique,150,127.74,170.4,1
Transformateur 400 kVA,320,367.0,195.3,1
Transformateur 250 kVA,200,183.01,224.0,0
Transformateur 100 kVA,80,53.46,211.3,0
Transformateur 250 kVA,200,259.96,195.5,0
Disjoncteur Depart HTA,1200,1135.14,217.7,0
Transformateur 250 kVA,200,167.17,212.4,0
Disjoncteur Depart HTA,1200,1304.85,209.6,1
Transformateur 400 kVA,320,344.0,215.8,0
Transformateur 250 kVA,200,125.74,172.2,0
Transformateur 400 kVA,320,279.42,190.8,0
